{
  "adopted_within_07_days": {
    "num_leaves": 102.0,
    "learning_rate": 0.05138510380968789,
    "feature_fraction": 0.6823235175289359,
    "bagging_fraction": 0.9117389607483692,
    "bagging_freq": 6.0,
    "min_child_samples": 80.0,
    "reg_alpha": 0.20311793070975187,
    "reg_lambda": 0.25825937937487736,
    "max_depth": -1.0,
    "min_gain_to_split": 0.37564809301687296,
    "objective": "binary",
    "metric": "binary_logloss",
    "boosting_type": "gbdt",
    "n_estimators": 3000.0,
    "verbose": -1.0,
    "random_state": 42.0,
    "scale_pos_weight": 87.47058823529412
  },
  "adopted_within_90_days": {
    "num_leaves": 90.0,
    "learning_rate": 0.053457833085580414,
    "feature_fraction": 0.47355669063993877,
    "bagging_fraction": 0.9338430724223568,
    "bagging_freq": 5.0,
    "min_child_samples": 32.0,
    "reg_alpha": 0.1011806919708322,
    "reg_lambda": 0.8367600961794197,
    "max_depth": 11.0,
    "min_gain_to_split": 0.463461100070848,
    "objective": "binary",
    "metric": "binary_logloss",
    "boosting_type": "gbdt",
    "n_estimators": 3000.0,
    "verbose": -1.0,
    "random_state": 42.0,
    "scale_pos_weight": 62.25233644859813
  },
  "adopted_within_120_days": {
    "num_leaves": 84.0,
    "learning_rate": 0.017383762663688913,
    "feature_fraction": 0.7637487278605578,
    "bagging_fraction": 0.9485741687320189,
    "bagging_freq": 4.0,
    "min_child_samples": 23.0,
    "reg_alpha": 0.0030605910113450947,
    "reg_lambda": 0.035736458464529455,
    "max_depth": 0.0,
    "min_gain_to_split": 0.23202412454467003,
    "objective": "binary",
    "metric": "binary_logloss",
    "boosting_type": "gbdt",
    "n_estimators": 3000.0,
    "verbose": -1.0,
    "random_state": 42.0,
    "scale_pos_weight": 43.82119205298013
  }
}