{
  "adopted_within_07_days": {
    "num_leaves": 99.0,
    "learning_rate": 0.039237886242944185,
    "feature_fraction": 0.6836020577067822,
    "bagging_fraction": 0.9486546617923651,
    "bagging_freq": 8.0,
    "min_child_samples": 58.0,
    "reg_alpha": 0.0577085248270472,
    "reg_lambda": 0.5565355258710836,
    "max_depth": 0.0,
    "min_gain_to_split": 0.0008614653472069078,
    "objective": "binary",
    "metric": "binary_logloss",
    "boosting_type": "gbdt",
    "n_estimators": 4000.0,
    "verbose": -1.0,
    "random_state": 42.0,
    "scale_pos_weight": 87.47058823529412
  },
  "adopted_within_90_days": {
    "num_leaves": 114.0,
    "learning_rate": 0.007496463777844419,
    "feature_fraction": 0.5678834521846827,
    "bagging_fraction": 0.8869997682743833,
    "bagging_freq": 7.0,
    "min_child_samples": 46.0,
    "reg_alpha": 0.010474933678073511,
    "reg_lambda": 0.052643641133810336,
    "max_depth": 15.0,
    "min_gain_to_split": 0.41120292205583264,
    "objective": "binary",
    "metric": "binary_logloss",
    "boosting_type": "gbdt",
    "n_estimators": 4000.0,
    "verbose": -1.0,
    "random_state": 42.0,
    "scale_pos_weight": 62.25233644859813
  },
  "adopted_within_120_days": {
    "num_leaves": 123.0,
    "learning_rate": 0.005519750352709163,
    "feature_fraction": 0.5971072288639527,
    "bagging_fraction": 0.9460136094685284,
    "bagging_freq": 8.0,
    "min_child_samples": 21.0,
    "reg_alpha": 0.002756857910830512,
    "reg_lambda": 0.012620712706745406,
    "max_depth": 15.0,
    "min_gain_to_split": 0.9125867860247354,
    "objective": "binary",
    "metric": "binary_logloss",
    "boosting_type": "gbdt",
    "n_estimators": 4000.0,
    "verbose": -1.0,
    "random_state": 42.0,
    "scale_pos_weight": 43.82119205298013
  }
}