ID,Target_07_AUC,Target_90_AUC,Target_120_AUC,Target_07_LogLoss,Target_90_LogLoss,Target_120_LogLoss
ID_LEG1GM,0.36497438178260094,0.23784967087706813,0.44540384273260986,0.0006349068317011621,0.001036530870697092,0.001036530870697092
ID_1UKOKW,0.36497438178260094,0.23784967087706813,0.221692759295499,0.0005342807461464194,0.0007309064829322879,0.0007309064829322879
ID_U5H2YK,0.8603346379647749,0.828642234477851,0.8123077744173635,0.006932298329493145,0.007510636392199733,0.007510636392199733
ID_55957A,0.8603346379647749,0.8216290695605765,0.8082241594022416,0.0064799335468671785,0.007106957943446818,0.007106957943446818
ID_N1AC0A,0.36497438178260094,0.23784967087706813,0.221692759295499,0.0005011425002413816,0.0007309144056479509,0.0007309144056479509
ID_4R3SGT,0.36497438178260094,0.23784967087706813,0.221692759295499,0.000495420398239108,0.0007394531287748837,0.0007394531287748837
ID_NVW38U,0.9752085038249422,0.9703259206546877,0.9642004981320049,0.17653257571350645,0.17735483846533104,0.17892301136494712
ID_15LAWX,0.36497438178260094,0.47967069916384986,0.46457907845579083,0.000632140029512131,0.0010484284672986485,0.0010484284672986485
ID_DPNOLZ,0.36497438178260094,0.23784967087706813,0.45579042874933284,0.0007429523298480868,0.0010477239415157128,0.0010477239415157128
ID_GXO4MZ,0.36497438178260094,0.23784967087706813,0.221692759295499,0.000516199672143865,0.0007436189043291605,0.0007436189043291605
ID_TWJ95S,0.36497438178260094,0.23784967087706813,0.45579042874933284,0.0007499673570958381,0.0010482533848086958,0.0010482533848086958
ID_F6RQR5,0.36497438178260094,0.23784967087706813,0.221692759295499,0.0004977953070355428,0.0007330828097227486,0.0007330828097227486
ID_OD0S5Q,0.8603346379647749,0.8250912648994841,0.8088455790784558,0.006513906201768352,0.00716561195029972,0.00716561195029972
ID_L4DEEY,0.9681065646682084,0.9627801103006582,0.9524822985233944,0.08405297542922793,0.08668724055167043,0.08952357657697128
ID_H0WWMP,0.36497438178260094,0.23784967087706813,0.221692759295499,0.000495420398239108,0.0007394531287748837,0.0007394531287748837
ID_NK0GGQ,0.36497438178260094,0.23784967087706813,0.221692759295499,0.0004996472430439128,0.0007250311751465711,0.0007250311751465711
ID_C3E07L,0.36497438178260094,0.48766038071517526,0.4677749510763209,0.0006478117812515228,0.0010722752195378832,0.0010722752195378832
ID_8ZHOIS,0.36497438178260094,0.8505694716242661,0.8278432663227183,0.0007390172706472376,0.012921547266096851,0.013318712225912455
ID_WEM7E6,0.9936735456324498,0.9936735456324498,0.9910103184486746,0.4665064425233779,0.5602583585277224,0.6002475779605378
ID_EI276D,0.9764513431773706,0.9703259206546877,0.9661535314001067,0.20801786050238508,0.20801786050238508,0.20801786050238508
ID_WY9YFZ,0.36497438178260094,0.23784967087706813,0.221692759295499,0.0005014581962315929,0.0007448689176626093,0.0007448689176626093
ID_VGITCI,0.36497438178260094,0.23784967087706813,0.45641184842554705,0.0007437534021417488,0.0010496512090333034,0.0010496512090333034
ID_NHFYZX,0.36497438178260094,0.23784967087706813,0.221692759295499,0.0004977953070355428,0.0007330828097227486,0.0007330828097227486
ID_PZPP2T,0.36497438178260094,0.23784967087706813,0.221692759295499,0.0004989767541258775,0.000729867914875967,0.000729867914875967
ID_YSGK3Y,0.36497438178260094,0.23784967087706813,0.221692759295499,0.000504128944703012,0.0007435736003754597,0.0007435736003754597
ID_RT29AK,0.36497438178260094,0.23784967087706813,0.221692759295499,0.0005102655127878327,0.0007426087031835405,0.0007426087031835405
ID_AUK2TM,0.8603346379647749,0.828642234477851,0.8123077744173635,0.006848232532326513,0.007484125086431386,0.007484125086431386
ID_QZA91L,0.8603346379647749,0.8276657178438,0.8116863547411493,0.006733539783103806,0.007352183303145076,0.007352183303145076
ID_CWTE3D,0.9809788293897883,0.9756523750222381,0.9705922433730653,0.2354575763788934,0.2354575763788934,0.23837784568074785
ID_E04V5D,0.36497438178260094,0.23784967087706813,0.221692759295499,0.0004994107019185073,0.0007385802177144593,0.0007385802177144593
ID_XTGV9Y,0.36497438178260094,0.4798482476427682,0.46475662693470915,0.0006322503162336016,0.0010484284672986485,0.001048515180003669
ID_ADLLTR,0.36497438178260094,0.23784967087706813,0.44584771392990574,0.0006352671373010336,0.001036670789604505,0.001036670789604505
ID_938PPA,0.36497438178260094,0.8507470201031845,0.8281983632805551,0.000739609248886072,0.01293983639485842,0.013324369022249863
ID_68PA5Q,0.36497438178260094,0.4800257961216865,0.4650229496530866,0.0006322503162336016,0.0010484284672986485,0.0010486225197827866
ID_EJJIM0,0.36497438178260094,0.23784967087706813,0.221692759295499,0.000495420398239108,0.0007394531287748837,0.0007394531287748837
ID_9EEUE8,0.36497438178260094,0.23784967087706813,0.221692759295499,0.0005149891716318206,0.0007365427003184399,0.0007365427003184399
ID_EZ948R,0.9918980608432664,0.9924307062800214,0.9865716064757161,0.3977187456789224,0.540802619929151,0.540802619929151
ID_E0HFQZ,0.36497438178260094,0.23784967087706813,0.221692759295499,0.0005107333914589105,0.0007311603483127853,0.0007311603483127853
ID_KGXIB9,0.8603346379647749,0.8314830101405444,0.8140832592065468,0.007255458752421107,0.008008851070718918,0.008008851070718918
ID_ZXY6XK,0.36497438178260094,0.23784967087706813,0.221692759295499,0.0005011425002413816,0.0007309144056479509,0.0007309144056479509
ID_TEKWLH,0.36497438178260094,0.23784967087706813,0.221692759295499,0.0005230538371121324,0.0007373355556061165,0.0007373355556061165
ID_BWUBOA,0.36497438178260094,0.23784967087706813,0.221692759295499,0.0005128599045519206,0.0007321545050370453,0.0007321545050370453
ID_0KPGAQ,0.36497438178260094,0.23784967087706813,0.221692759295499,0.0005346099498243686,0.0007388067226642572,0.0007388067226642572
ID_3LJO3C,0.36497438178260094,0.23784967087706813,0.221692759295499,0.0005105227584217104,0.0007408997233103697,0.0007408997233103697
ID_WRG2RD,0.36497438178260094,0.23784967087706813,0.221692759295499,0.000494096733881173,0.00074061745598874,0.00074061745598874
ID_4K4IHE,0.36497438178260094,0.23784967087706813,0.221692759295499,0.0004930844764977218,0.0007270768997907847,0.0007270768997907847
ID_U9Z9PF,0.36497438178260094,0.48038089307952325,0.46076178615904645,0.0006353416475462783,0.0010444057935291556,0.0010444057935291556
ID_HX6A7Q,0.8603346379647749,0.828642234477851,0.8123077744173635,0.006756767865147793,0.007381660616748162,0.007381660616748162
ID_CB9JIH,0.978226827966554,0.9738768902330546,0.9690830813022594,0.17403353886446937,0.1844663302964338,0.18681566243711673
ID_HP3OJC,0.9769839886141256,0.971479985767657,0.96579843444227,0.1797616567361955,0.18663712243495592,0.18663712243495592
ID_15CTIR,0.8603346379647749,0.828642234477851,0.8130179683330369,0.007024808485081786,0.007529423859459776,0.007529423859459776
ID_A7QLXN,0.36497438178260094,0.23784967087706813,0.221692759295499,0.0005219229560674142,0.0007483904899962694,0.0007483904899962694
ID_97B102,0.9691718555417186,0.9634903042163316,0.9535475893969044,0.08406787486795907,0.08711941346437714,0.08963415340728281
ID_2JV0A5,0.9802686354741149,0.9764513431773706,0.971479985767657,0.2143842868301525,0.2251031063759684,0.24453479823045599
ID_4BHS4D,0.8603346379647749,0.811064935064935,0.7974824764276819,0.005596184485116722,0.006048602129360676,0.006048602129360676
ID_475FQ7,0.36497438178260094,0.23784967087706813,0.221692759295499,0.0004997940431257964,0.0007323916907776445,0.0007323916907776445
ID_OOU6SR,0.36497438178260094,0.23784967087706813,0.221692759295499,0.000495420398239108,0.0007394531287748837,0.0007394531287748837
ID_K9F2L9,0.36497438178260094,0.23784967087706813,0.221692759295499,0.0005259688004291244,0.0007435173971346723,0.0007435173971346723
ID_HVXRWN,0.8603346379647749,0.811064935064935,0.7976600249066003,0.005626436069758369,0.006054801337825952,0.006054801337825952
ID_OD84X2,0.9793808930795231,0.9743207614303505,0.9690830813022594,0.19171853374870615,0.19609399053090731,0.19609399053090731
ID_S015G9,0.36497438178260094,0.23784967087706813,0.221692759295499,0.0004994107019185073,0.0007385802177144593,0.0007385802177144593
ID_SV5TAT,0.8603346379647749,0.8205637786870664,0.8078690624444049,0.0064474776163203525,0.007069959186882617,0.007069959186882617
ID_CDCTHP,0.36497438178260094,0.23784967087706813,0.221692759295499,0.000494096733881173,0.00074061745598874,0.00074061745598874
ID_AROTJX,0.36497438178260094,0.23784967087706813,0.221692759295499,0.0005076519909868129,0.000725539115886194,0.000725539115886194
ID_EHAJ1K,0.9956265789005515,0.9950939334637965,0.9908327699697563,0.6551082677164495,0.6589728399807642,0.6736011846949473
ID_IEX25G,0.36497438178260094,0.23784967087706813,0.221692759295499,0.0005105227584217104,0.0007408997233103697,0.0007408997233103697
ID_W88WIY,0.36497438178260094,0.23784967087706813,0.221692759295499,0.0005332799660436073,0.0007377318680592303,0.0007377318680592303
ID_J6RJJ3,0.9774278598114214,0.972012631204412,0.9665974025974027,0.1849302035783174,0.1953287671573223,0.1953287671573223
ID_HXXXEO,0.36497438178260094,0.23784967087706813,0.221692759295499,0.000495420398239108,0.0007394531287748837,0.0007394531287748837
ID_X4RW56,0.9734330190357587,0.9675739192314535,0.9606495285536382,0.0952927847000499,0.0952927847000499,0.09748560578613408
ID_R34IVE,0.9716575342465753,0.9686392101049636,0.9649106920476783,0.152098399138584,0.1702107546735519,0.20082636541210253
ID_42HTPO,0.36497438178260094,0.23784967087706813,0.45685571962284294,0.0007869436880870098,0.0010471795645128925,0.0010484284672986485
ID_S29RDB,0.36497438178260094,0.23784967087706813,0.221692759295499,0.0005056552931163587,0.0007476453509059876,0.0007476453509059876
ID_D92BW9,0.36497438178260094,0.23784967087706813,0.221692759295499,0.000495420398239108,0.0007394531287748837,0.0007394531287748837
ID_LM303R,0.36497438178260094,0.23784967087706813,0.44265184130937557,0.00063942482116741,0.0010251876145160775,0.0010251876145160775
ID_9D1349,0.8603346379647749,0.8122190001779043,0.7987253157801103,0.005726216730624009,0.006160615092849218,0.006160615092849218
ID_YXYTNR,0.9729003735990037,0.9668637253157801,0.9594066892012098,0.09430769805619438,0.09430769805619438,0.09726891311590338
ID_LGBT94,0.9785819249243907,0.9734330190357587,0.9684616616260452,0.19306341975125643,0.19683390599807848,0.19683390599807848
ID_F5D4F1,0.36497438178260094,0.23784967087706813,0.221692759295499,0.0004977953070355428,0.0007330828097227486,0.0007330828097227486
ID_LCRAB6,0.8603346379647749,0.811064935064935,0.7981926703433553,0.005693429136671011,0.006114992040059458,0.006114992040059458
ID_2S8CNZ,0.36497438178260094,0.23784967087706813,0.221692759295499,0.0005191925936682307,0.0007301473018545982,0.0007301473018545982
ID_1SGSZE,0.36497438178260094,0.23784967087706813,0.221692759295499,0.0005047060901495205,0.0007404665034257866,0.0007404665034257866
ID_KKBQQS,0.9867491549546344,0.9823104429816758,0.9778717310087174,0.25447253003516596,0.25447253003516596,0.2612207763504386
ID_XMDQ0Y,0.7662339441380537,0.5296505959793631,0.51819871908913,0.0016219939722023097,0.0016219939722023097,0.0016219939722023097
ID_J1LSS5,0.778839886141256,0.5509564134495641,0.520773172033446,0.0017854079638126362,0.0017854079638126362,0.0017854079638126362
ID_UKASHO,0.8603346379647749,0.8309503647037894,0.8127516456146593,0.004531169667123728,0.0047281626693903836,0.0047281626693903836
ID_3RTT5L,0.9878144458281444,0.9828430884184309,0.977694182529799,0.31143445944492626,0.3200930538824899,0.3200930538824899
ID_HWGAEQ,0.8603346379647749,0.836454367550258,0.8219841665184131,0.004668433684318853,0.005279566092454932,0.005302319237925103
ID_U0LN1Z,0.9831981853762676,0.9787594734033089,0.9739656644725138,0.25352431983657187,0.25352431983657187,0.25352431983657187
ID_XCBXS7,0.9807125066714107,0.9756523750222381,0.9696157267390144,0.24446362501069274,0.24446362501069274,0.24446362501069274
ID_YFDC0M,0.7655237502223804,0.5288516278242306,0.5041723892545811,0.0015646452311711147,0.0015646452311711147,0.0015646452311711147
ID_RCNWC6,0.9885246397438179,0.9842634762497776,0.9789370218822274,0.3254407281558821,0.32557245623535835,0.32557245623535835
ID_671WLE,0.9869267034335528,0.9824879914605942,0.9773390855719623,0.2878949439148739,0.3031552412154147,0.3035322460348778
ID_JXJ5V1,0.8443552748621241,0.7752889165628891,0.7427975449208326,0.0031839823181775396,0.0031839823181775396,0.0031839823181775396
ID_QMT9FM,0.9865716064757161,0.9826655399395124,0.9775166340508805,0.2764394691505751,0.2962253066341618,0.2981844418893971
ID_VUL81Z,0.8455093399750935,0.7754664650418075,0.751319871908913,0.003072736291235799,0.003072736291235799,0.003072736291235799
ID_MRZSZ3,0.7644584593488704,0.5260108521615371,0.5173997509339975,0.0016179522768658833,0.0016179522768658833,0.0016179522768658833
ID_8HVUID,0.7909131827077033,0.5896619818537627,0.5561940935776553,0.0020609539196933245,0.0020609539196933245,0.0020609539196933245
ID_3410TA,0.8603346379647749,0.8020987368795588,0.7831010496352963,0.0036637567792835524,0.0036637567792835524,0.0036637567792835524
ID_ETZB50,0.848438889877246,0.7829235011563779,0.764280910869952,0.0033079839334479305,0.0033079839334479305,0.0033079839334479305
ID_C19QG9,0.8603346379647749,0.8368982387475538,0.8222504892367907,0.004683517721037144,0.005283774073268292,0.00532100566184785
ID_L44KDR,0.8603346379647749,0.7910907311866215,0.7701400106742572,0.0034285276584814653,0.0034285276584814653,0.0034285276584814653
ID_4DI6LA,0.841692047678349,0.7610850382494218,0.7301916029176303,0.002897174341023902,0.002897174341023902,0.002897174341023902
ID_MLY1IW,0.764813556306707,0.5279638854296389,0.4990234833659491,0.0014998473776921383,0.0014998473776921383,0.0014998473776921383
ID_93HGEN,0.9881695427859811,0.9839083792919409,0.9787594734033089,0.33832414054263293,0.33832414054263293,0.33832414054263293
ID_LIHISF,0.8603346379647749,0.7952631204412026,0.7767093043942359,0.0035097618337032333,0.0035097618337032333,0.0035097618337032333
ID_WE6D86,0.8409818537626758,0.7587769080234833,0.7293038605230386,0.0028814901144913903,0.0028814901144913903,0.0028814901144913903
ID_GPFY9L,0.7622391033623911,0.5242353673723537,0.501509162070806,0.0015536826839751073,0.0015536826839751073,0.0015536826839751073
ID_RODTO0,0.7797276285358476,0.5512227361679417,0.520773172033446,0.0017891975391538014,0.0017891975391538014,0.0017891975391538014
ID_RX87BE,0.8603346379647749,0.8371645614659313,0.8222504892367907,0.004698279529304995,0.005284176365063568,0.005332712107238087
ID_38DTWE,0.8603346379647749,0.8028089307952322,0.7839887920298879,0.0036937956410794887,0.0036937956410794887,0.0036937956410794887
ID_OZURHC,0.9107584059775841,0.8892750400284647,0.8784445828144458,0.010192508748693783,0.011403504522530842,0.013114684843404596
ID_C837CJ,0.8397390144102473,0.7548708414872798,0.7206039850560398,0.0027802484175734033,0.0027802484175734033,0.0027802484175734033
ID_P91IX6,0.8603346379647749,0.8371645614659313,0.8225168119551681,0.004699784309739048,0.005285869017375692,0.005345567269323412
ID_8NF6B2,0.777774595267746,0.5485595089841665,0.5196191069204769,0.001735130764344928,0.001735130764344928,0.001735130764344928
ID_4TNPPX,0.8756038071517523,0.8458644369329301,0.8308615904643302,0.005297372783493096,0.005694420875943796,0.0057538108207822675
ID_B3KWIH,0.8603346379647749,0.7910907311866215,0.7701400106742572,0.003435613378106572,0.003435613378106572,0.003435613378106572
ID_SG931P,0.7816806618039495,0.5615205479452055,0.5273424657534247,0.001842485051666675,0.001842485051666675,0.001842485051666675
ID_BEPICH,0.8475511474826544,0.7728032378580324,0.7588656822629425,0.0029024747970985408,0.0029024747970985408,0.0029024747970985408
ID_08XJFG,0.7610850382494218,0.5253006582458637,0.495827610745419,0.001467681170743029,0.001467681170743029,0.001467681170743029
ID_D3YDST,0.8115088062622309,0.6611252446183953,0.6451458815157445,0.0021865098556631637,0.0021865098556631637,0.0021865098556631637
ID_I6YHZD,0.7626829745596868,0.5242353673723537,0.4990234833659491,0.001538429132038473,0.001538429132038473,0.001538429132038473
ID_85J874,0.765346201743462,0.5272536915139654,0.5190864614837217,0.0016105672916552137,0.0016105672916552137,0.0016105672916552137
ID_VQEIBY,0.7597534246575343,0.5246792385696495,0.4948510941113681,0.0014621401882066486,0.0014621401882066486,0.0014621401882066486
ID_0JQSZK,0.8603346379647749,0.8351227539583704,0.8189658423768014,0.004527390915347687,0.004575140747234116,0.004575140747234116
ID_JIDZNT,0.8418695961572673,0.7610850382494218,0.7322334104251912,0.0029124608475644804,0.0029124608475644804,0.0029124608475644804
ID_15PDE4,0.36497438178260094,0.23784967087706813,0.5070131649172746,0.0011828628862688682,0.0011828628862688682,0.0014448207001136796
ID_PKN25B,0.36497438178260094,0.23784967087706813,0.221692759295499,0.0005269421757264778,0.00100959659856434,0.00100959659856434
ID_D5RQPV,0.36497438178260094,0.5648051948051949,0.5414575698274328,0.000920177503579559,0.0027732287574259067,0.0028984056863601677
ID_0QRDVL,0.36497438178260094,0.5492697028998399,0.5313373065290874,0.00079768243143701,0.002541192051113073,0.0026716859524309557
ID_LCBLI1,0.36497438178260094,0.23784967087706813,0.221692759295499,0.0005495025874583074,0.0010383438406237882,0.001038783259917698
ID_RC9RKR,0.36497438178260094,0.5554838996619819,0.5346219533890767,0.0008723668399831076,0.0026343472741951835,0.002769102927542313
ID_HFEO8Z,0.36497438178260094,0.5636511296922255,0.5407473759117595,0.0008309614635472137,0.0027587172608098177,0.0028859209754470384
ID_EFQEXF,0.36497438178260094,0.5523768012809108,0.5332903397971891,0.0008441767792156537,0.0025656000520247304,0.0027257949651503166
ID_9UK4KJ,0.36497438178260094,0.23784967087706813,0.221692759295499,0.0005272269950403505,0.001038783259917698,0.001038783259917698
ID_VEMXQ2,0.36497438178260094,0.23784967087706813,0.221692759295499,0.0004762547059979228,0.0008276686806273338,0.0009059604749920751
ID_VGN8QR,0.36497438178260094,0.23784967087706813,0.221692759295499,0.0005143170307428836,0.0008824845671933272,0.0008824845671933272
ID_04QBJK,0.36497438178260094,0.5473166696317382,0.5251231097669454,0.0007881610182734344,0.0024784563694980007,0.002601539274799533
ID_M6902J,0.36497438178260094,0.5739489414694894,0.5494472513787583,0.0008644395620072144,0.0028590816082706607,0.003018174308292044
ID_5662X6,0.36497438178260094,0.5485595089841665,0.5298281444582814,0.0008404696989492497,0.002540121351046254,0.0026355863894103426
ID_EMVPFU,0.36497438178260094,0.23784967087706813,0.221692759295499,0.0005269421757264778,0.001010200174249003,0.001010200174249003
ID_7KALEL,0.8145271304038427,0.7463485144991995,0.8098220957125066,0.003063850098671839,0.003905952927047633,0.007392221979802956
ID_8APH0Q,0.36497438178260094,0.23784967087706813,0.221692759295499,0.000545781298628281,0.0010229161370282928,0.0010240497749599193
ID_KR985R,0.36497438178260094,0.23784967087706813,0.221692759295499,0.0004931979963016903,0.0008628160830869669,0.0008628160830869669
ID_87YV3I,0.36497438178260094,0.23784967087706813,0.221692759295499,0.0005055784190119239,0.0009274192238491564,0.0009274192238491564
ID_TR8ASA,0.36497438178260094,0.5636511296922255,0.5407473759117595,0.0008310696736913552,0.002759806636561064,0.002885925647281981
ID_MCNRLY,0.36497438178260094,0.23784967087706813,0.221692759295499,0.0005619519173161338,0.001025494584846554,0.0010259705369131669
ID_U2C1OY,0.36497438178260094,0.23784967087706813,0.221692759295499,0.0004762547059979228,0.0008276686806273338,0.0009059604749920751
ID_02VC5B,0.36497438178260094,0.5573481586906245,0.5357760185020459,0.0008320699746082628,0.002653558865560847,0.0028260346468437416
ID_IMR2O6,0.36497438178260094,0.23784967087706813,0.221692759295499,0.0005269421757264778,0.001010225511858369,0.001010225511858369
ID_11U5X3,0.36497438178260094,0.5494472513787583,0.5315148550080058,0.00079768243143701,0.002544111096715651,0.002672820789270452
ID_BWQ4QE,0.36497438178260094,0.23784967087706813,0.221692759295499,0.0005269421757264778,0.001010225511858369,0.001010225511858369
ID_LMJQO0,0.36497438178260094,0.5496247998576766,0.5317811777263831,0.00079768243143701,0.002544111096715651,0.0026747134836777237
ID_J8X1JQ,0.36497438178260094,0.23784967087706813,0.221692759295499,0.0005055784190119239,0.0009275255283904257,0.0009275255283904257
ID_IVOGMZ,0.36497438178260094,0.6160279309731365,0.7127918519836328,0.0013060738140577698,0.0021803935569843567,0.004318125207262868
ID_Z9OCJD,0.36497438178260094,0.23784967087706813,0.221692759295499,0.0005055784190119239,0.000928068615307642,0.000928068615307642
ID_W22JQT,0.36497438178260094,0.23784967087706813,0.221692759295499,0.0004762547059979228,0.0008276888555694925,0.0009067809553320761
ID_JG6KVB,0.36497438178260094,0.23784967087706813,0.221692759295499,0.0005269421757264778,0.001010225511858369,0.001010225511858369
ID_IRIQ9N,0.36497438178260094,0.6032444404910159,0.7389802526240883,0.0012794571066413864,0.002016506018319279,0.005470246093939058
ID_O059B0,0.36497438178260094,0.5577920298879203,0.5359535669809642,0.0008322151012574512,0.002659578113544543,0.0028343917245941858
ID_CTIZD5,0.36497438178260094,0.6708016367194449,0.6447907845579078,0.0008404696989492497,0.003419887066627306,0.0035105036534041167
ID_ZIXA8E,0.36497438178260094,0.23784967087706813,0.221692759295499,0.0005269421757264778,0.001010225511858369,0.001010225511858369
ID_NB1NLU,0.36497438178260094,0.6672506671410782,0.6478091086995197,0.0008923966216935102,0.003228428611947645,0.003460971926992767
ID_U6ULCZ,0.36497438178260094,0.23784967087706813,0.221692759295499,0.0005269421757264778,0.001010225511858369,0.001010225511858369
ID_QSX3RO,0.36497438178260094,0.6431040740081836,0.7322334104251912,0.0014055433673894056,0.002477362584953501,0.0052960852244115595
ID_1UA6WQ,0.36497438178260094,0.867081480163672,0.8566948941469489,0.0013916570261617138,0.03524983896378241,0.04598012031169685
ID_XPSO6B,0.36497438178260094,0.23784967087706813,0.221692759295499,0.0004762547059979228,0.00082771792799775,0.0009078082048316986
ID_2ZQ7PC,0.36497438178260094,0.5632072584949298,0.5398596335171677,0.0008370897100647875,0.0027536312302065065,0.002879871804450952
ID_WDF4T1,0.36497438178260094,0.23784967087706813,0.221692759295499,0.0005269421757264778,0.001010225511858369,0.001010225511858369
ID_P6V6NH,0.36497438178260094,0.5542410603095534,0.5338229852339441,0.0009162700921267722,0.002593679549744732,0.0027323570676877898
ID_224AL4,0.36497438178260094,0.23784967087706813,0.221692759295499,0.0005725278769292569,0.0011460990409957155,0.0011654673551936246
ID_BOJ8C6,0.36497438178260094,0.5702204234122041,0.546695249955524,0.0008883491801318567,0.0028200657483543968,0.0029696140147986326
ID_FHTL2A,0.36497438178260094,0.23784967087706813,0.221692759295499,0.0005665145310537179,0.0011589645152794317,0.0011792387205862077
ID_4JT5BR,0.36497438178260094,0.5509564134495641,0.5324025974025973,0.0008292441859838343,0.0025565121619613826,0.0026971884019430545
ID_3JRM7J,0.36497438178260094,0.23784967087706813,0.221692759295499,0.0004931979963016903,0.000863232325660043,0.000863232325660043
ID_QCP4DY,0.7555810354029532,0.7179407578722647,0.6928176481053193,0.0013310741721831814,0.004771390724134323,0.004771390724134323
ID_N9NVTY,0.36497438178260094,0.7987253157801103,0.7729807863369507,0.001249301508395172,0.012439446033879318,0.013907910830366018
ID_L8NEX2,0.36497438178260094,0.5579695783668386,0.5361311154598826,0.0008322151012574512,0.002659578113544543,0.0028343917245941858
ID_V0ITZI,0.36497438178260094,0.23784967087706813,0.221692759295499,0.0005725278769292569,0.0011461134192668687,0.001165905562184174
ID_U810NE,0.36497438178260094,0.558147126845757,0.5363086639388008,0.0008322151012574512,0.0026613915739553914,0.0028351566244530953
ID_T7IUG7,0.36497438178260094,0.5498023483365949,0.5317811777263831,0.0007984580170390437,0.0025446183231647183,0.0026780641704505707
ID_P2HPA7,0.36497438178260094,0.5583246753246753,0.5364862124177193,0.0008322151012574512,0.0026648218005232145,0.0028380642315687585
ID_7HCA07,0.36497438178260094,0.800145703611457,0.8353890766767479,0.0011333689892574442,0.005684102322081501,0.013506007292532825
ID_H1MCDH,0.36497438178260094,0.23784967087706813,0.221692759295499,0.0005269421757264778,0.001010225511858369,0.001010225511858369
ID_JAGL6N,0.36497438178260094,0.23784967087706813,0.221692759295499,0.0004762547059979228,0.0008277911895403378,0.0009078082048316986
ID_Q07G0X,0.36497438178260094,0.23784967087706813,0.221692759295499,0.0007228512875192642,0.0008794518063843014,0.0008794518063843014
ID_GFGBJP,0.36497438178260094,0.23784967087706813,0.221692759295499,0.000490607081712158,0.0007555334533627809,0.0007555334533627809
ID_CCCZIE,0.36497438178260094,0.23784967087706813,0.221692759295499,0.0005540489992515172,0.0008951228783832156,0.0008951228783832156
ID_590HV5,0.36497438178260094,0.23784967087706813,0.221692759295499,0.0004998148998577861,0.0007789766708427295,0.0007789766708427295
ID_3V4E7G,0.36497438178260094,0.23784967087706813,0.221692759295499,0.0005508159632890753,0.0010362520657315633,0.0010374346614527691
ID_GIQVVF,0.36497438178260094,0.23784967087706813,0.221692759295499,0.0005518495253393021,0.0011210791585584627,0.0011210791585584627
ID_QLQOL2,0.36497438178260094,0.23784967087706813,0.221692759295499,0.0005462085424418048,0.0008802404662268424,0.0008802404662268424
ID_0CE2HK,0.36497438178260094,0.23784967087706813,0.221692759295499,0.00048221794908640995,0.0007529148554869812,0.0007529148554869812
ID_QG2TA1,0.36497438178260094,0.23784967087706813,0.221692759295499,0.0004844399092523951,0.0007531126111805815,0.0007531126111805815
ID_06I476,0.36497438178260094,0.23784967087706813,0.221692759295499,0.0005774946724080164,0.0009029687558271038,0.0009029687558271038
ID_MJ1FKS,0.36497438178260094,0.23784967087706813,0.221692759295499,0.0005531368964184499,0.0008728825678377966,0.0008728825678377966
ID_CVPRQL,0.36497438178260094,0.23784967087706813,0.221692759295499,0.0005457104423244041,0.0008932063685226671,0.0008932063685226671
ID_SZV3JP,0.36497438178260094,0.23784967087706813,0.221692759295499,0.0005584901781769434,0.0007835178524629321,0.0007835178524629321
ID_97O1LE,0.36497438178260094,0.23784967087706813,0.221692759295499,0.000797278948165304,0.0009232644228724533,0.0009232644228724533
ID_DXPTCG,0.36497438178260094,0.23784967087706813,0.221692759295499,0.0005436499005298356,0.0008925545692751791,0.0008925545692751791
ID_VP7MWU,0.36497438178260094,0.23784967087706813,0.221692759295499,0.000547685024087558,0.0008805313973153136,0.0008805313973153136
ID_YI13PR,0.36497438178260094,0.23784967087706813,0.221692759295499,0.0006237235843671939,0.0008298966424381468,0.0008298966424381468
ID_GKSEUX,0.36497438178260094,0.23784967087706813,0.221692759295499,0.0005103507870396803,0.0007494023276519613,0.0007494023276519613
ID_2JDZDR,0.36497438178260094,0.23784967087706813,0.221692759295499,0.0005629724129839894,0.00080732851655091,0.00080732851655091
ID_ESCEIY,0.36497438178260094,0.23784967087706813,0.221692759295499,0.0005440858140367318,0.0007362671815092773,0.0007362671815092773
ID_7YX6BJ,0.36497438178260094,0.23784967087706813,0.221692759295499,0.0005481320410030531,0.0009892808829506012,0.0009892808829506012
ID_K1MSGS,0.36497438178260094,0.23784967087706813,0.221692759295499,0.000797278948165304,0.0011925996646011197,0.0012428709098094685
ID_HACR8W,0.36497438178260094,0.23784967087706813,0.221692759295499,0.0004998148998577861,0.0007790053998335063,0.0007790053998335063
ID_7IAGGB,0.36497438178260094,0.23784967087706813,0.221692759295499,0.0004970123396369394,0.0007822429176263768,0.0007822429176263768
ID_K1P3J8,0.36497438178260094,0.23784967087706813,0.221692759295499,0.000553789430555328,0.0008478480864239828,0.0008478480864239828
ID_GHJU0P,0.36497438178260094,0.23784967087706813,0.221692759295499,0.0007754103718154644,0.0010571684264815025,0.0010571684264815025
ID_QB2VOQ,0.36497438178260094,0.23784967087706813,0.221692759295499,0.0005219137450770667,0.0007848015800468881,0.0007848015800468881
ID_917FV8,0.36497438178260094,0.23784967087706813,0.221692759295499,0.0005518933971729662,0.0011223206574363165,0.0011223206574363165
ID_XW1VHF,0.36497438178260094,0.23784967087706813,0.221692759295499,0.0005436948859560637,0.0008926542153064036,0.0008926542153064036
ID_UK4G6M,0.36497438178260094,0.23784967087706813,0.221692759295499,0.0004981744924925785,0.0007843470720617286,0.0007843470720617286
ID_BIPA8U,0.36497438178260094,0.23784967087706813,0.221692759295499,0.00048094721040262665,0.0007547881538140827,0.0007547881538140827
ID_Z3YZCX,0.36497438178260094,0.23784967087706813,0.221692759295499,0.0005445836774414127,0.0007724675055012139,0.0007724675055012139
ID_OII8NJ,0.36497438178260094,0.23784967087706813,0.221692759295499,0.0005000019547903611,0.0007826961256666189,0.0007826961256666189
ID_KVZHRX,0.36497438178260094,0.23784967087706813,0.221692759295499,0.0006460336424415438,0.0008503449089475041,0.0008503449089475041
ID_KKWKS6,0.36497438178260094,0.23784967087706813,0.221692759295499,0.000509263720144775,0.000783274869941889,0.000783274869941889
ID_OABA3T,0.36497438178260094,0.23784967087706813,0.221692759295499,0.0005527973826277583,0.0009082706835378027,0.0009082706835378027
ID_XK9A5W,0.36497438178260094,0.23784967087706813,0.221692759295499,0.000550554734888821,0.0008957687162786486,0.0008957687162786486
ID_QCOJ3X,0.36497438178260094,0.23784967087706813,0.221692759295499,0.0005367851264942133,0.0008794518063843014,0.0008794518063843014
ID_10YMBD,0.36497438178260094,0.23784967087706813,0.221692759295499,0.0007345613011898414,0.0009059604749920751,0.0009059604749920751
ID_LPH3DB,0.36497438178260094,0.23784967087706813,0.221692759295499,0.0005250517946127402,0.0007695761282487449,0.0007695761282487449
ID_KHSX16,0.36497438178260094,0.23784967087706813,0.221692759295499,0.0005273410409619469,0.0008554749095901541,0.0008554749095901541
ID_LTGA17,0.36497438178260094,0.23784967087706813,0.221692759295499,0.00048094721040262665,0.0007547963316627362,0.0007547963316627362
ID_3B3D83,0.36497438178260094,0.23784967087706813,0.221692759295499,0.0005061504335259976,0.0007592226675680049,0.0007592226675680049
ID_UQ2ERA,0.36497438178260094,0.23784967087706813,0.221692759295499,0.000758816081917511,0.0009370500667811718,0.0009370500667811718
ID_RJVPF3,0.36497438178260094,0.23784967087706813,0.221692759295499,0.0005358331504848427,0.0007801209237577661,0.0007801209237577661
ID_HV0S70,0.36497438178260094,0.23784967087706813,0.221692759295499,0.0005520693732568239,0.0009025437934091963,0.0009025437934091963
ID_XBEH87,0.36497438178260094,0.23784967087706813,0.221692759295499,0.0005000019547903611,0.0007830600746814323,0.0007830600746814323
ID_RU36LB,0.36497438178260094,0.23784967087706813,0.221692759295499,0.0008103833155964224,0.0009029389754598763,0.0009029389754598763
ID_ZX0HBQ,0.36497438178260094,0.23784967087706813,0.221692759295499,0.0004832119644547999,0.0007528636176936624,0.0007528636176936624
ID_GKT8DV,0.36497438178260094,0.23784967087706813,0.221692759295499,0.0005443890782134384,0.0008932654826232932,0.0008932654826232932
ID_KHKU4Q,0.36497438178260094,0.23784967087706813,0.221692759295499,0.000545781298628281,0.0008932063685226671,0.0008932063685226671
ID_XIMM99,0.36497438178260094,0.23784967087706813,0.221692759295499,0.0004895589864427683,0.000768783966974249,0.000768783966974249
ID_TBU5R1,0.36497438178260094,0.23784967087706813,0.221692759295499,0.0005047554256188162,0.0007591350708428929,0.0007591350708428929
ID_IXDD5C,0.36497438178260094,0.23784967087706813,0.221692759295499,0.0005062974831440073,0.0007575700837764149,0.0007575700837764149
ID_O6NVIA,0.36497438178260094,0.23784967087706813,0.221692759295499,0.0005249209084625002,0.0007365434029705512,0.0007365434029705512
ID_SUN5EY,0.36497438178260094,0.23784967087706813,0.221692759295499,0.0005434116351459338,0.0007528427935206567,0.0007528427935206567
ID_GYZ4QD,0.36497438178260094,0.5034621953389077,0.5978292118840064,0.0006996710837831875,0.001727583930412521,0.0022716742369988108
ID_L7KG54,0.36497438178260094,0.23784967087706813,0.221692759295499,0.0010935048912458654,0.0011071592060404435,0.0011071592060404435
ID_S6HTFD,0.36497438178260094,0.23784967087706813,0.221692759295499,0.0005470775500345869,0.0008831901818379191,0.0008831901818379191
ID_P06QON,0.36497438178260094,0.23784967087706813,0.221692759295499,0.0007345613011898414,0.0009059604749920751,0.0009059604749920751
ID_YOWRSL,0.36497438178260094,0.23784967087706813,0.221692759295499,0.0006394952047369772,0.0008514935309411395,0.0008514935309411395
ID_U5VLSB,0.36497438178260094,0.23784967087706813,0.221692759295499,0.0007585440995333122,0.0011552137777938907,0.0011786680979081739
ID_XGW2O2,0.36497438178260094,0.23784967087706813,0.221692759295499,0.0005436948859560637,0.0008931231650690738,0.0008931231650690738
ID_GQEHIP,0.36497438178260094,0.23784967087706813,0.221692759295499,0.0005703685179917569,0.0009027947067819894,0.0009027947067819894
ID_SG18NS,0.36497438178260094,0.23784967087706813,0.221692759295499,0.0007345613011898414,0.0009067809553320761,0.0009067809553320761
ID_V1RUP1,0.36497438178260094,0.23784967087706813,0.221692759295499,0.000552080604126465,0.001026959141372617,0.0010274870832455757
ID_SATMW5,0.36497438178260094,0.23784967087706813,0.221692759295499,0.000490607081712158,0.0007555387679998661,0.0007555387679998661
ID_7BECWT,0.36497438178260094,0.23784967087706813,0.221692759295499,0.0007975350425391983,0.0008946999097003213,0.0008946999097003213
ID_S0YLSK,0.36497438178260094,0.23784967087706813,0.221692759295499,0.0007227459367040066,0.0008773109510592718,0.0008773109510592718
ID_KQF7DD,0.36497438178260094,0.23784967087706813,0.221692759295499,0.0005223309408867239,0.0007784333262740057,0.0007784333262740057
ID_L0BWUO,0.36497438178260094,0.23784967087706813,0.221692759295499,0.00048094721040262665,0.0007547963316627362,0.0007547963316627362
ID_QFB1JA,0.36497438178260094,0.23784967087706813,0.221692759295499,0.0007093359409374907,0.0008596212797615291,0.0008596212797615291
ID_5H2YDZ,0.36497438178260094,0.23784967087706813,0.221692759295499,0.000505129252943178,0.0007594658630940322,0.0007594658630940322
ID_DT5H48,0.36497438178260094,0.23784967087706813,0.221692759295499,0.0005047554256188162,0.0007591845470596969,0.0007591845470596969
ID_EPUV7F,0.36497438178260094,0.23784967087706813,0.221692759295499,0.0007616365803056072,0.0008767907546964489,0.0008767907546964489
ID_D1W7AZ,0.36497438178260094,0.23784967087706813,0.221692759295499,0.0005470884647909275,0.0008850511802864818,0.0008850511802864818
ID_UOLZNR,0.36497438178260094,0.23784967087706813,0.221692759295499,0.0007585440995333122,0.0011554421424060316,0.0011789843175336488
ID_J7N1FB,0.36497438178260094,0.23784967087706813,0.221692759295499,0.0005565019530612995,0.0009806730209268892,0.0009806730209268892
ID_Q56GYN,0.36497438178260094,0.23784967087706813,0.221692759295499,0.0004984751945184599,0.0007787726192310623,0.0007787726192310623
ID_QM0CUB,0.36497438178260094,0.23784967087706813,0.221692759295499,0.0005840127585361087,0.0009046712393736881,0.0009046712393736881
ID_KFZM4L,0.36497438178260094,0.23784967087706813,0.221692759295499,0.0004947260361872249,0.0007591845470596969,0.0007591845470596969
ID_0JG3TM,0.36497438178260094,0.23784967087706813,0.221692759295499,0.0005301328655802923,0.000854673065640103,0.000854673065640103
ID_SU3V8X,0.36497438178260094,0.23784967087706813,0.221692759295499,0.0007346332578459759,0.0009078082048316986,0.0009078082048316986
ID_85P4YH,0.36497438178260094,0.23784967087706813,0.221692759295499,0.0007975559960921373,0.0009107557510021783,0.0009107557510021783
ID_IZF4GN,0.36497438178260094,0.23784967087706813,0.221692759295499,0.0005047554256188162,0.0007591845470596969,0.0007591845470596969
ID_9V9BNJ,0.36497438178260094,0.23784967087706813,0.221692759295499,0.0005436948859560637,0.0007758371985768647,0.0007758371985768647
ID_COSLW0,0.36497438178260094,0.23784967087706813,0.221692759295499,0.000797278948165304,0.0011934958519042517,0.0012428811607095352
ID_JNAKG5,0.36497438178260094,0.23784967087706813,0.221692759295499,0.0004988051755598784,0.0007825331088904366,0.0007825331088904366
ID_22FKG1,0.36497438178260094,0.23784967087706813,0.221692759295499,0.000490607081712158,0.0007555387679998661,0.0007555387679998661
ID_GO2BVN,0.36497438178260094,0.23784967087706813,0.221692759295499,0.0005202014515634183,0.0007836130059068172,0.0007836130059068172
ID_1D3R5U,0.36497438178260094,0.23784967087706813,0.221692759295499,0.0005024549620598743,0.0007846763466747118,0.0007846763466747118
ID_6HDHTS,0.36497438178260094,0.23784967087706813,0.221692759295499,0.0005383739855755635,0.0008552166870404503,0.0008552166870404503
ID_W82UZ2,0.36497438178260094,0.23784967087706813,0.221692759295499,0.0005592572227466828,0.0008945294815883115,0.0008945294815883115
ID_B8QQ14,0.36497438178260094,0.23784967087706813,0.221692759295499,0.0005479164214660976,0.0008811505944065762,0.0008811505944065762
ID_D50NYH,0.36497438178260094,0.23784967087706813,0.221692759295499,0.0004998148998577861,0.0007790649532332633,0.0007790649532332633
ID_TR3LZI,0.36497438178260094,0.23784967087706813,0.221692759295499,0.0005445974111620333,0.0008794518063843014,0.0008794518063843014
ID_X03IG4,0.36497438178260094,0.23784967087706813,0.46315869062444404,0.0005554937093150125,0.0009427167708324834,0.0010503757303298462
ID_9W1DTW,0.36497438178260094,0.23784967087706813,0.221692759295499,0.0007245785206039463,0.001049451351799038,0.001049451351799038
ID_ELVMT3,0.36497438178260094,0.23784967087706813,0.221692759295499,0.0004963788765002566,0.0007810983903954733,0.0007810983903954733
ID_ACLR4X,0.36497438178260094,0.23784967087706813,0.221692759295499,0.0004998148998577861,0.000779121756860559,0.000779121756860559
ID_526E6B,0.36497438178260094,0.23784967087706813,0.221692759295499,0.0004998148998577861,0.000779121756860559,0.000779121756860559
ID_85BO18,0.36497438178260094,0.23784967087706813,0.221692759295499,0.0005386362445748708,0.0008554454339967437,0.0008554454339967437
ID_F7ZIJZ,0.36497438178260094,0.23784967087706813,0.221692759295499,0.0005009484353836891,0.0007703055093228533,0.0007703055093228533
ID_8DRM77,0.36497438178260094,0.23784967087706813,0.221692759295499,0.000490303098300497,0.0007509582836609326,0.0007509582836609326
ID_7HA42W,0.36497438178260094,0.23784967087706813,0.221692759295499,0.0005177568523775742,0.0007782593340819123,0.0007782593340819123
ID_H0LTUX,0.36497438178260094,0.23784967087706813,0.221692759295499,0.0005458249098964499,0.0008728825678377966,0.0008728825678377966
ID_60JSZD,0.36497438178260094,0.23784967087706813,0.221692759295499,0.0004988553801593817,0.0007590111946672323,0.0007590111946672323
ID_U03OKF,0.36497438178260094,0.23784967087706813,0.221692759295499,0.0005470884647909275,0.0008850511802864818,0.0008850511802864818
ID_PG3BYK,0.36497438178260094,0.23784967087706813,0.221692759295499,0.0005462734961711656,0.0008805197103502898,0.0008805197103502898
ID_1VXGUB,0.36497438178260094,0.23784967087706813,0.221692759295499,0.0005586983010259915,0.000782346495502063,0.000782346495502063
ID_SA0EJV,0.36497438178260094,0.23784967087706813,0.221692759295499,0.000477336042274462,0.0007573752825960245,0.0007573752825960245
ID_TG0ZNO,0.36497438178260094,0.23784967087706813,0.221692759295499,0.000828332650034405,0.0008947055117506276,0.0008947055117506276
ID_OK1VUP,0.36497438178260094,0.23784967087706813,0.221692759295499,0.0005770251376692538,0.0011413365592846494,0.0011540639699953116
ID_NMESH4,0.36497438178260094,0.23784967087706813,0.221692759295499,0.0004915945575675574,0.0007540766605214664,0.0007540766605214664
ID_EWJ9VO,0.36497438178260094,0.23784967087706813,0.221692759295499,0.0007593806700065964,0.0009377859613878421,0.0009377859613878421
ID_HY4MBL,0.36497438178260094,0.23784967087706813,0.221692759295499,0.0005062974831440073,0.0007576648390373802,0.0007576648390373802
ID_VR31M9,0.36497438178260094,0.23784967087706813,0.221692759295499,0.0005066151031445584,0.0007843470720617286,0.0007843470720617286
ID_DPT0O6,0.36497438178260094,0.23784967087706813,0.221692759295499,0.0005518933971729662,0.0011233469947944403,0.0011233469947944403
ID_0CCA4F,0.36497438178260094,0.23784967087706813,0.221692759295499,0.0004972521179845804,0.0007834313158693413,0.0007834313158693413
ID_8DEOE6,0.36497438178260094,0.23784967087706813,0.221692759295499,0.0005528063352724529,0.0009082706835378027,0.0009082706835378027
ID_6PMH8O,0.36497438178260094,0.23784967087706813,0.221692759295499,0.0004862309000967456,0.0007812879547793332,0.0007812879547793332
ID_G4SI0V,0.36497438178260094,0.23784967087706813,0.221692759295499,0.0005250623349902355,0.0008683634533768543,0.0008683634533768543
ID_FFXJXU,0.36497438178260094,0.23784967087706813,0.221692759295499,0.0004998148998577861,0.000779121756860559,0.000779121756860559
ID_FP7DXV,0.36497438178260094,0.23784967087706813,0.221692759295499,0.0007593806700065964,0.0009396619608836055,0.0009396619608836055
ID_9GWO0I,0.36497438178260094,0.23784967087706813,0.221692759295499,0.0005784400952137376,0.0011340923926734952,0.0011435496476359544
ID_5K7ETI,0.36497438178260094,0.23784967087706813,0.221692759295499,0.0005270653292623249,0.0008611472208995728,0.0008611472208995728
ID_IUXQPV,0.36497438178260094,0.23784967087706813,0.221692759295499,0.0005946389352084371,0.0009314250716235373,0.0009314250716235373
ID_0OMUID,0.36497438178260094,0.23784967087706813,0.221692759295499,0.0004889487070806754,0.000756932550313453,0.000756932550313453
ID_YFBVK9,0.36497438178260094,0.23784967087706813,0.221692759295499,0.0005455334115505703,0.0008889799284718343,0.0008889799284718343
ID_V8VLC8,0.36497438178260094,0.23784967087706813,0.221692759295499,0.00048122010000131466,0.0007576648390373802,0.0007576648390373802
ID_00DZUV,0.36497438178260094,0.23784967087706813,0.221692759295499,0.0005928743202187797,0.0009357769451953889,0.0009357769451953889
ID_ZOW6TO,0.36497438178260094,0.23784967087706813,0.221692759295499,0.0006460336424415438,0.0008504372504088754,0.0008504372504088754
ID_HI16T2,0.36497438178260094,0.23784967087706813,0.221692759295499,0.0005276787755368488,0.0008554749095901541,0.0008554749095901541
ID_O76VHW,0.36497438178260094,0.23784967087706813,0.221692759295499,0.0005334268483336758,0.0007571738381199169,0.0007571738381199169
ID_UUULV5,0.36497438178260094,0.23784967087706813,0.221692759295499,0.0005328351899027689,0.0007492932258306453,0.0007492932258306453
ID_MHJ12U,0.36497438178260094,0.23784967087706813,0.221692759295499,0.0008284440926262873,0.0008949579423301436,0.0008949579423301436
ID_WKRV0S,0.36497438178260094,0.23784967087706813,0.221692759295499,0.0004883551296847264,0.0007749021192827836,0.0007749021192827836
ID_0EDVOO,0.36497438178260094,0.23784967087706813,0.221692759295499,0.00048091851421937687,0.0007560226803861694,0.0007560226803861694
ID_LZENBE,0.36497438178260094,0.23784967087706813,0.221692759295499,0.0005102114882069224,0.0007555387679998661,0.0007555387679998661
ID_SWD2XV,0.36497438178260094,0.23784967087706813,0.221692759295499,0.0009074237881217421,0.0011126602751555005,0.0011126602751555005
ID_HRPHAH,0.36497438178260094,0.23784967087706813,0.4702606297811777,0.0008997964974030427,0.0010783721824890648,0.0011554544604829209
ID_LOIBL7,0.36497438178260094,0.23784967087706813,0.221692759295499,0.0005561419466272319,0.000780995424120943,0.000780995424120943
ID_O5A5SL,0.36497438178260094,0.23784967087706813,0.221692759295499,0.00048404033280784523,0.0008201370901794386,0.0008201370901794386
ID_JDKEGM,0.36497438178260094,0.23784967087706813,0.221692759295499,0.0004524946263365169,0.0007162390848558126,0.0007162390848558126
ID_9BJ65V,0.36497438178260094,0.23784967087706813,0.47114837217576944,0.0005987885161804148,0.00106136417461149,0.0011439816712855775
ID_TOUBDS,0.36497438178260094,0.23784967087706813,0.221692759295499,0.0004975022517300114,0.0007461907515722316,0.0007461907515722316
ID_LYPHKJ,0.36497438178260094,0.23784967087706813,0.221692759295499,0.000512066192011312,0.0008301560262889349,0.0008301560262889349
ID_7BRQK3,0.36497438178260094,0.23784967087706813,0.221692759295499,0.0004517965769376928,0.0007181856269437452,0.0007181856269437452
ID_QFQB36,0.36497438178260094,0.23784967087706813,0.221692759295499,0.0005515499131200063,0.0007899058192423009,0.0007899058192423009
ID_RD2HT8,0.8815516811955167,0.8544755381604697,0.8622876712328768,0.005353878978908963,0.00690365822627335,0.010899574514329165
ID_3IQMTD,0.36497438178260094,0.23784967087706813,0.221692759295499,0.0004688960157884421,0.0007785191836186676,0.0007785191836186676
ID_YVW8FX,0.36497438178260094,0.23784967087706813,0.221692759295499,0.00047617889354921894,0.0007487602227833139,0.0007487602227833139
ID_8X19A2,0.36497438178260094,0.23784967087706813,0.221692759295499,0.00045819441860546885,0.0007736661300065572,0.0007736661300065572
ID_7UBQQ1,0.36497438178260094,0.23784967087706813,0.221692759295499,0.0004701522426262568,0.0007374288448034125,0.0007374288448034125
ID_RPDIFP,0.36497438178260094,0.23784967087706813,0.221692759295499,0.0005540570826525821,0.0007723497989833826,0.0007723497989833826
ID_M6XT25,0.36497438178260094,0.23784967087706813,0.221692759295499,0.0004827286709387792,0.0008253136766631656,0.0008253136766631656
ID_RDJTK6,0.36497438178260094,0.23784967087706813,0.221692759295499,0.0005472672488062645,0.0007677547453352712,0.0007677547453352712
ID_IK48F6,0.36497438178260094,0.23784967087706813,0.221692759295499,0.00044998578116858817,0.0007111335659125073,0.0007111335659125073
ID_BH8L7O,0.36497438178260094,0.23784967087706813,0.221692759295499,0.0004406430073674449,0.0007156754262175473,0.0007156754262175473
ID_5MC5NZ,0.36497438178260094,0.23784967087706813,0.221692759295499,0.0005508685309787044,0.0007389377420795116,0.0007389377420795116
ID_U8UVJ0,0.36497438178260094,0.23784967087706813,0.221692759295499,0.000495493789422817,0.0007611921174931304,0.0007611921174931304
ID_28EYPT,0.8815516811955167,0.8550969578366838,0.862465219711795,0.005383381522777737,0.0069094716009868735,0.010915040462716552
ID_93YWC8,0.36497438178260094,0.23784967087706813,0.221692759295499,0.000530783859608462,0.0007717048549704307,0.0007717048549704307
ID_V5332N,0.36497438178260094,0.23784967087706813,0.221692759295499,0.0004730077132814568,0.0008233807086454062,0.0008233807086454062
ID_W6HDV5,0.36497438178260094,0.23784967087706813,0.221692759295499,0.00044678830718216956,0.0007168916634676096,0.0007168916634676096
ID_63DZQ1,0.36497438178260094,0.23784967087706813,0.221692759295499,0.000465626738132653,0.00072550101232764,0.00072550101232764
ID_IU1RUI,0.36497438178260094,0.23784967087706813,0.221692759295499,0.0005562024941843597,0.0007810752823629219,0.0007810752823629219
ID_OXNKLU,0.36497438178260094,0.23784967087706813,0.221692759295499,0.0004998459453697565,0.0007687642017764529,0.0007687642017764529
ID_VM1XCG,0.36497438178260094,0.23784967087706813,0.221692759295499,0.00048404033280784523,0.0008205603489230952,0.0008205603489230952
ID_35VBIN,0.36497438178260094,0.23784967087706813,0.221692759295499,0.0005145308079959464,0.000803934584553833,0.000803934584553833
ID_SVQ88Q,0.36497438178260094,0.23784967087706813,0.221692759295499,0.0005558422105964869,0.000779824831571818,0.000779824831571818
ID_JFWEX9,0.36497438178260094,0.23784967087706813,0.221692759295499,0.0005562024941843597,0.0007810983903954733,0.0007810983903954733
ID_PHWF17,0.36497438178260094,0.23784967087706813,0.221692759295499,0.0005021073781070396,0.0008304005518766348,0.0008304005518766348
ID_Y5BIWA,0.7857642768190714,0.8048507383027931,0.8278432663227183,0.0016668284256735368,0.0034874683619904516,0.005799267599138934
ID_FZVHYY,0.36497438178260094,0.23784967087706813,0.221692759295499,0.0004588455602951952,0.0007262567985639797,0.0007262567985639797
ID_EPTS2K,0.36497438178260094,0.23784967087706813,0.221692759295499,0.00047350257128182447,0.0007958389342685414,0.0007958389342685414
ID_Y7L6RK,0.36497438178260094,0.23784967087706813,0.221692759295499,0.0004396976617817355,0.0007216325934613661,0.0007216325934613661
ID_M3CIP9,0.36497438178260094,0.23784967087706813,0.221692759295499,0.0005273931068080356,0.0007652971967050433,0.0007652971967050433
ID_GJR246,0.36497438178260094,0.23784967087706813,0.221692759295499,0.00048404033280784523,0.0008207127960616997,0.0008207127960616997
ID_WOOP5X,0.36497438178260094,0.23784967087706813,0.221692759295499,0.0005056561814235693,0.0008115832666402406,0.0008115832666402406
ID_89A4YE,0.36497438178260094,0.48801547767301195,0.4673310798790251,0.0005706797749256805,0.0010404604268381878,0.0010404604268381878
ID_R1CD9F,0.36497438178260094,0.23784967087706813,0.221692759295499,0.0004973671057774999,0.0008147788611092252,0.0008147788611092252
ID_NEBCGE,0.36497438178260094,0.23784967087706813,0.221692759295499,0.0005551787719189326,0.0007875835861785695,0.0007875835861785695
ID_AY542M,0.36497438178260094,0.5964088240526597,0.5730611990748977,0.0008189453729470221,0.0019722548336786306,0.0020358908717616787
ID_KC3CBG,0.36497438178260094,0.23784967087706813,0.221692759295499,0.0004856519311249541,0.0008050090821540157,0.0008050090821540157
ID_K4ZNMT,0.36497438178260094,0.23784967087706813,0.221692759295499,0.0004479749606549385,0.000755740422127935,0.000755740422127935
ID_SBU7DK,0.36497438178260094,0.23784967087706813,0.221692759295499,0.0005562024941843597,0.0007810983903954733,0.0007810983903954733
ID_60I9OZ,0.36497438178260094,0.23784967087706813,0.221692759295499,0.0005153884921645193,0.0007485766893194014,0.0007485766893194014
ID_CON7O4,0.36497438178260094,0.23784967087706813,0.221692759295499,0.0005491395345824722,0.0007721082351297777,0.0007721082351297777
ID_WYGX88,0.36497438178260094,0.23784967087706813,0.221692759295499,0.0005257961462223598,0.0007575026169423393,0.0007575026169423393
ID_KEJ9UP,0.36497438178260094,0.23784967087706813,0.221692759295499,0.0005465727412991798,0.0007663202848906808,0.0007663202848906808
ID_49D2AR,0.36497438178260094,0.23784967087706813,0.221692759295499,0.0004730077132814568,0.0008246415822242197,0.0008246415822242197
ID_V7DMUX,0.36497438178260094,0.23784967087706813,0.221692759295499,0.000506913086809475,0.0007797371894657687,0.0007797371894657687
ID_ZLQ4JH,0.36497438178260094,0.23784967087706813,0.221692759295499,0.0004588928735060272,0.0007448658556887491,0.0007448658556887491
ID_677O8P,0.36497438178260094,0.23784967087706813,0.221692759295499,0.0004760732234174193,0.0007716815142933234,0.0007716815142933234
ID_D02ECF,0.36497438178260094,0.23784967087706813,0.221692759295499,0.0005128623904321152,0.0007612108346164907,0.0007612108346164907
ID_5QBTV9,0.36497438178260094,0.23784967087706813,0.221692759295499,0.00044406933015413337,0.000757541638325032,0.000757541638325032
ID_25GIGF,0.36497438178260094,0.23784967087706813,0.221692759295499,0.0005089247387772052,0.0007811693568050518,0.0007811693568050518
ID_2EYUSI,0.36497438178260094,0.23784967087706813,0.221692759295499,0.0005461268314143822,0.0007532004297112186,0.0007532004297112186
ID_AFJISS,0.36497438178260094,0.23784967087706813,0.221692759295499,0.00045415670274452045,0.0007672142176617601,0.0007672142176617601
ID_P95MFR,0.36497438178260094,0.23784967087706813,0.221692759295499,0.00043683393920454315,0.0007130237461691112,0.0007130237461691112
ID_7LNIHE,0.36497438178260094,0.23784967087706813,0.221692759295499,0.0005777821379189857,0.0007864380028549825,0.0007864380028549825
ID_RJFY9O,0.36497438178260094,0.23784967087706813,0.221692759295499,0.0005555304403569274,0.0007879158121117817,0.0007879158121117817
ID_DHPPV2,0.36497438178260094,0.23784967087706813,0.221692759295499,0.00047480461836463354,0.0008139180873581616,0.0008139180873581616
ID_GW0TFH,0.36497438178260094,0.23784967087706813,0.221692759295499,0.0004730077132814568,0.0008246415822242197,0.0008246415822242197
ID_NL68DQ,0.8740058708414873,0.8500368261875112,0.8505694716242661,0.005309015547362085,0.006515504749267784,0.010354998930331899
ID_7V19DB,0.36497438178260094,0.23784967087706813,0.221692759295499,0.0005417216639824598,0.0007726031125085821,0.0007726031125085821
ID_8H47OG,0.36497438178260094,0.23784967087706813,0.221692759295499,0.00048220270202390726,0.0007648185815455595,0.0007648185815455595
ID_ZVKA4U,0.36497438178260094,0.23784967087706813,0.221692759295499,0.00048404033280784523,0.0008209948135726222,0.0008209948135726222
ID_ATOU9I,0.36497438178260094,0.23784967087706813,0.221692759295499,0.0004773686133996661,0.0008149094349476976,0.0008149094349476976
ID_XYCHYM,0.36497438178260094,0.23784967087706813,0.221692759295499,0.00047136455336170183,0.0007971704524774,0.0007971704524774
ID_E34NO5,0.36497438178260094,0.23784967087706813,0.221692759295499,0.000450069254427441,0.000719206417898539,0.000719206417898539
ID_P64AZ0,0.36497438178260094,0.23784967087706813,0.221692759295499,0.0005466261324620144,0.0007659822234521547,0.0007659822234521547
ID_1QOZJU,0.36497438178260094,0.23784967087706813,0.221692759295499,0.0004588928735060272,0.0007448658556887491,0.0007448658556887491
ID_XLYALT,0.36497438178260094,0.23784967087706813,0.221692759295499,0.00045024408227277337,0.0007557515902422454,0.0007557515902422454
ID_WGDRNV,0.36497438178260094,0.23784967087706813,0.221692759295499,0.0005500819203394953,0.0007759189714299094,0.0007759189714299094
ID_B6R04O,0.36497438178260094,0.23784967087706813,0.221692759295499,0.0004746722510786264,0.0007700281178018069,0.0007700281178018069
ID_LNUKMI,0.36497438178260094,0.23784967087706813,0.221692759295499,0.0005153111660145446,0.0007466638320568546,0.0007466638320568546
ID_YQU1KF,0.36497438178260094,0.23784967087706813,0.221692759295499,0.00048404033280784523,0.000821060321872295,0.000821060321872295
ID_8NHM2A,0.36497438178260094,0.23784967087706813,0.221692759295499,0.00044896639801773354,0.0007245901972155746,0.0007245901972155746
ID_CDOW4B,0.36497438178260094,0.23784967087706813,0.221692759295499,0.0005297614668275781,0.0007722379759952089,0.0007722379759952089
ID_EX6VFO,0.36497438178260094,0.23784967087706813,0.221692759295499,0.0005149328130678272,0.0007465249289825657,0.0007465249289825657
ID_5RO8MY,0.36497438178260094,0.23784967087706813,0.221692759295499,0.0004838854608630227,0.0008006139308401358,0.0008006139308401358
ID_JLMYMA,0.36497438178260094,0.23784967087706813,0.221692759295499,0.00047916951065917764,0.000800171864358647,0.000800171864358647
ID_MVEV3V,0.36497438178260094,0.23784967087706813,0.221692759295499,0.0005305711734139573,0.0007740074609431584,0.0007740074609431584
ID_5S5YUE,0.36497438178260094,0.23784967087706813,0.221692759295499,0.0004396976617817355,0.0007216325934613661,0.0007216325934613661
ID_6VX4DA,0.36497438178260094,0.23784967087706813,0.221692759295499,0.0005208988803294327,0.0007426520624201318,0.0007426520624201318
ID_SC5634,0.36497438178260094,0.23784967087706813,0.221692759295499,0.000530783859608462,0.0007717712026825285,0.0007717712026825285
ID_EZO6E7,0.36497438178260094,0.23784967087706813,0.221692759295499,0.00048376965041704465,0.0007674896323341982,0.0007674896323341982
ID_6QKL3H,0.36497438178260094,0.23784967087706813,0.221692759295499,0.0005034392924205914,0.0008458468376981175,0.0008458468376981175
ID_A11EEW,0.777774595267746,0.7942866038071518,0.8204750044476071,0.001568337079332725,0.0030193827900165146,0.004962605226508232
ID_1F53HQ,0.36497438178260094,0.23784967087706813,0.221692759295499,0.00044885337243524875,0.0007540067922107358,0.0007540067922107358
ID_BPD0T4,0.36497438178260094,0.23784967087706813,0.221692759295499,0.0004390331366875643,0.0007103483886768317,0.0007103483886768317
ID_6P0J6L,0.36497438178260094,0.23784967087706813,0.221692759295499,0.0004571727647296599,0.0007488601354256821,0.0007488601354256821
ID_2M35S8,0.8012109944849671,0.7610850382494218,0.7349854118484256,0.0021066270178227067,0.002890131837141073,0.003010100037828134
ID_Z0NFOR,0.36497438178260094,0.23784967087706813,0.221692759295499,0.0005291122606662165,0.0007729303724188057,0.0007729303724188057
ID_EXDP8Y,0.36497438178260094,0.23784967087706813,0.221692759295499,0.00043710178552869186,0.0007058872701738826,0.0007058872701738826
ID_QRLVAL,0.36497438178260094,0.23784967087706813,0.221692759295499,0.0005151443183925173,0.0007469491110395311,0.0007469491110395311
ID_Y8G6YL,0.36497438178260094,0.23784967087706813,0.221692759295499,0.00046772648235171094,0.0008046313953051211,0.0008046313953051211
ID_X6X0ZN,0.36497438178260094,0.23784967087706813,0.221692759295499,0.0004973671057774999,0.0008148116519884983,0.0008148116519884983
ID_LYVJ1L,0.36497438178260094,0.23784967087706813,0.221692759295499,0.00048404033280784523,0.0008211143555176454,0.0008211143555176454
ID_MNE22V,0.36497438178260094,0.23784967087706813,0.221692759295499,0.0004890088009339788,0.0008125350358503694,0.0008125350358503694
ID_PUNH2D,0.36497438178260094,0.23784967087706813,0.221692759295499,0.0004877394945439353,0.0008255752187471482,0.0008255752187471482
ID_8WSWMT,0.36497438178260094,0.23784967087706813,0.221692759295499,0.0005490878670898345,0.0007626059337511615,0.0007626059337511615
ID_ZDYSIZ,0.36497438178260094,0.23784967087706813,0.221692759295499,0.0004928355904681139,0.0008267111648228132,0.0008267111648228132
ID_PFPEKM,0.36497438178260094,0.23784967087706813,0.221692759295499,0.0004932783599334586,0.0008162102894292689,0.0008162102894292689
ID_NNZAIC,0.36497438178260094,0.23784967087706813,0.221692759295499,0.0005239605589992238,0.0007746527665697348,0.0007746527665697348
ID_1TLG7R,0.36497438178260094,0.23784967087706813,0.221692759295499,0.0005574859276153372,0.0007687355911144456,0.0007687355911144456
ID_9H2JEC,0.36497438178260094,0.23784967087706813,0.221692759295499,0.00045819441860546885,0.0007737726481331634,0.0007737726481331634
ID_LLCJJG,0.36497438178260094,0.23784967087706813,0.221692759295499,0.0005527233352497548,0.0007736333523511802,0.0007736333523511802
ID_7ILKZQ,0.36497438178260094,0.23784967087706813,0.221692759295499,0.000513241459895393,0.0007816701410609136,0.0007816701410609136
ID_UBXNCV,0.36497438178260094,0.23784967087706813,0.221692759295499,0.00044678830718216956,0.0007168916634676096,0.0007168916634676096
ID_UXA3BF,0.36497438178260094,0.23784967087706813,0.221692759295499,0.0005555810224716457,0.0007412627947546088,0.0007412627947546088
ID_249DRM,0.36497438178260094,0.23784967087706813,0.221692759295499,0.0005090183593031075,0.0007663299892850432,0.0007663299892850432
ID_Z9QNGS,0.36497438178260094,0.23784967087706813,0.221692759295499,0.0005267146322889194,0.0007613640682256476,0.0007613640682256476
ID_5V5YL7,0.36497438178260094,0.23784967087706813,0.221692759295499,0.000515363125496311,0.0007479248129384015,0.0007479248129384015
ID_A7GQU5,0.36497438178260094,0.23784967087706813,0.221692759295499,0.0004778857603120278,0.0008275337538735506,0.0008275337538735506
ID_B33J1S,0.36497438178260094,0.23784967087706813,0.221692759295499,0.00048404033280784523,0.0008214755074507786,0.0008214755074507786
ID_KO7FBB,0.36497438178260094,0.23784967087706813,0.221692759295499,0.0004999992123553976,0.0007629743669110616,0.0007629743669110616
ID_7DB6U3,0.36497438178260094,0.23784967087706813,0.221692759295499,0.0005310737035557298,0.0007751856457324704,0.0007751856457324704
ID_L6C55N,0.36497438178260094,0.23784967087706813,0.221692759295499,0.0005262634992467716,0.0007728505406923051,0.0007728505406923051
ID_5S3A5Z,0.36497438178260094,0.23784967087706813,0.221692759295499,0.00047350257128182447,0.0007958389342685414,0.0007958389342685414
ID_WNRIP1,0.36497438178260094,0.23784967087706813,0.221692759295499,0.0004918615638193545,0.0007599617335169162,0.0007599617335169162
ID_14WLPI,0.36497438178260094,0.23784967087706813,0.221692759295499,0.000522225917895887,0.0008107991153602638,0.0008107991153602638
ID_O9X6J6,0.36497438178260094,0.23784967087706813,0.221692759295499,0.0005525605992664317,0.0007610686907643312,0.0007610686907643312
ID_RA2DLW,0.36497438178260094,0.23784967087706813,0.221692759295499,0.0006364357359621317,0.0009121976994891088,0.0009121976994891088
ID_3ARXWX,0.36497438178260094,0.23784967087706813,0.221692759295499,0.0005591986694528263,0.0007634959648548822,0.0007634959648548822
ID_GTXRS7,0.36497438178260094,0.23784967087706813,0.221692759295499,0.0005292901711792936,0.0007744208801435282,0.0007744208801435282
ID_53HFX3,0.36497438178260094,0.23784967087706813,0.221692759295499,0.0005149642341487116,0.0007867353693235137,0.0007867353693235137
ID_MHS7P6,0.36497438178260094,0.23784967087706813,0.221692759295499,0.0005576028159678347,0.0007687642017764529,0.0007687642017764529
ID_83W356,0.36497438178260094,0.23784967087706813,0.221692759295499,0.0005325393338826542,0.0007798661987498862,0.0007798661987498862
ID_YYDX2H,0.36497438178260094,0.23784967087706813,0.221692759295499,0.0005353069903868074,0.0007494446116483811,0.0007494446116483811
ID_LM4X5P,0.36497438178260094,0.23784967087706813,0.221692759295499,0.00043913686403018325,0.0007208324733904431,0.0007208324733904431
ID_RUYJOV,0.36497438178260094,0.23784967087706813,0.221692759295499,0.00047136455336170183,0.0007974900136156966,0.0007974900136156966
ID_VWYZDV,0.36497438178260094,0.23784967087706813,0.221692759295499,0.0009012595104243022,0.0011151571691890305,0.0011151571691890305
ID_SMEEWO,0.36497438178260094,0.23784967087706813,0.221692759295499,0.00044678830718216956,0.0007168916634676096,0.0007168916634676096
ID_6AMJI3,0.36497438178260094,0.23784967087706813,0.221692759295499,0.0005240605473260142,0.0007658329264774782,0.0007658329264774782
ID_34VCUO,0.36497438178260094,0.23784967087706813,0.221692759295499,0.00047330506521909573,0.0007950933668616179,0.0007950933668616179
ID_B3QCGW,0.36497438178260094,0.23784967087706813,0.221692759295499,0.0004855329233728693,0.0008107991153602638,0.0008107991153602638
ID_YJ4QD4,0.36497438178260094,0.23784967087706813,0.44868848959259916,0.001084807656236411,0.0011338444719193098,0.0013280626017270656
ID_H4YDLW,0.36497438178260094,0.23784967087706813,0.221692759295499,0.0007106444403655215,0.0009135905040238189,0.0009135905040238189
ID_E03C34,0.36497438178260094,0.23784967087706813,0.221692759295499,0.0006472760994301077,0.0008967987037246297,0.0008967987037246297
ID_170IHM,0.36497438178260094,0.23784967087706813,0.5126947162426614,0.001109443973980061,0.0011482114834867707,0.0016654337796428392
ID_AQD45I,0.9208786692759295,0.9132440846824408,0.8916719444938623,0.029464514244926892,0.029464514244926892,0.029464514244926892
ID_XVPUUZ,0.9210562177548479,0.9134216331613592,0.8919382672122399,0.029572628016261347,0.029572628016261347,0.029572628016261347
ID_XI6QQ0,0.9135104074008183,0.8656610923323252,0.8892750400284647,0.021891433845533846,0.021891433845533846,0.0601111700189076
ID_GN5HJG,0.922121508628358,0.9112022771748799,0.908095178793809,0.02536405303887268,0.02536405303887268,0.0391512236933001
ID_72UHEN,0.7635707169542786,0.5265434975982921,0.6146963173812489,0.0015892066878805714,0.0015892066878805714,0.002472112800091517
ID_TM0IMP,0.9180378936132361,0.9068523394413806,0.8811078099982209,0.027521984137597922,0.027521984137597922,0.027521984137597922
ID_YGEZQG,0.9196358299235011,0.9203460238391745,0.9084502757516456,0.028359931503463037,0.03546182469910379,0.03546182469910379
ID_NB35EZ,0.36497438178260094,0.23784967087706813,0.4505527486212418,0.0011020612759919226,0.0011384651617809345,0.0013374002097656524
ID_B44OOF,0.36497438178260094,0.23784967087706813,0.5128722647215798,0.001110033701049967,0.0011484568296256498,0.0016657739933868734
ID_NTHRCW,0.36497438178260094,0.23784967087706813,0.221692759295499,0.000453530973952663,0.0007441834291328068,0.0007441834291328068
ID_4M0YMS,0.7541606475716065,0.5246792385696495,0.4929868350827255,0.0013164429163631621,0.0013620888868018034,0.0014043609159385842
ID_MDPJ5N,0.36497438178260094,0.23784967087706813,0.5131385874399573,0.0011109865705032597,0.0011485717060314331,0.001666946693105202
ID_GCE89L,0.899839174524106,0.8576714107809997,0.8649508984166518,0.014002579899922409,0.014002579899922409,0.032657653599949085
ID_5I780C,0.7694298167585839,0.5645388720868173,0.7122592065468778,0.0016355338643872402,0.0016697784025727265,0.0037865052016340973
ID_2B7SR5,0.36497438178260094,0.23784967087706813,0.44868848959259916,0.0010850761849701598,0.0011338444719193098,0.0013280626017270656
ID_NUEHVL,0.36497438178260094,0.23784967087706813,0.44913236078989505,0.001086981253517176,0.0011338444719193098,0.0013280626017270656
ID_M0Z56V,0.763748265433197,0.5267210460772105,0.6149626400996264,0.001589491147599274,0.001589491147599274,0.002472112800091517
ID_QWOKAX,0.777774595267746,0.5654266144814091,0.6648537626756804,0.0016751242319469671,0.0016751242319469671,0.0029312971619409934
ID_6E3ARV,0.7521188400640456,0.5173997509339975,0.5147365237502224,0.0012521929139926828,0.0013336783576065197,0.0016332662172945241
ID_F120A9,0.9198133784024195,0.9205235723180929,0.908627824230564,0.028480645589426937,0.035489711573257476,0.035489711573257476
ID_92GH8G,0.36497438178260094,0.23784967087706813,0.6713342821562,0.0011863750918761427,0.0012723027679395094,0.0031280263381226487
ID_SK11B2,0.7521188400640456,0.5173997509339975,0.5147365237502224,0.0012524741733868736,0.0013350482921973888,0.0016341484348241864
ID_3ONHGA,0.9139542785981143,0.8659274150507027,0.8894525885073831,0.022185692040961724,0.022185692040961724,0.06014252888155938
ID_CCEFHU,0.36497438178260094,0.23784967087706813,0.5131385874399573,0.00111178466069693,0.0011487264460182905,0.0016674232206102362
ID_N914ML,0.36497438178260094,0.23784967087706813,0.221692759295499,0.0007450225776858443,0.0009490923882894392,0.0009490923882894392
ID_DT1RJO,0.9238969934175413,0.9249622842910514,0.9135991816402775,0.031531907206208104,0.04280342903204349,0.04280342903204349
ID_AKS62G,0.764813556306707,0.5268985945561288,0.6296103896103896,0.001603426893212079,0.001603426893212079,0.0026295310107408167
ID_AOUGMR,0.7639258139121152,0.5325801458815158,0.6524253691513966,0.001563450796491165,0.001563450796491165,0.002875318409278398
ID_5R164Q,0.7651686532645436,0.5270761430350471,0.6298767123287671,0.001609243012041421,0.001609243012041421,0.0026295310107408167
ID_HNW1SP,0.36497438178260094,0.23784967087706813,0.44913236078989505,0.0010883669402434457,0.0011338444719193098,0.0013283431841837813
ID_OOPSZH,0.36497438178260094,0.23784967087706813,0.5102090375378047,0.0011333689892574442,0.001145094760681836,0.0016458173991022807
ID_VAJKEF,0.36497438178260094,0.23784967087706813,0.5134049101583349,0.00111178466069693,0.0011493968658702173,0.0016689633699689041
ID_XO432P,0.36497438178260094,0.23784967087706813,0.6030668920120975,0.0012026635166536902,0.0012582369010824318,0.0023613096646708334
ID_EIKAR0,0.7525627112613414,0.517666073652375,0.5150028464685998,0.0012524741733868736,0.0013364959612759105,0.0016387397429199681
ID_DYDUC0,0.9212337662337662,0.9135991816402775,0.8922045899306172,0.029684486202616527,0.029684486202616527,0.029684486202616527
ID_0E6AWX,0.36497438178260094,0.23784967087706813,0.221692759295499,0.0007118805892730211,0.0009135905040238189,0.0009135905040238189
ID_RCKGWH,0.36497438178260094,0.23784967087706813,0.4507302971001601,0.001102814040832504,0.0011385100098284724,0.0013377111953568885
ID_MPEJJ7,0.9141318270770326,0.8659274150507027,0.8896301369863013,0.022267734335342442,0.022267734335342442,0.060181713671734464
ID_92GB4X,0.9143093755559509,0.8662825120085395,0.8898076854652197,0.0224594409558383,0.0224594409558383,0.060237897489010477
ID_PF9MLB,0.777774595267746,0.5656041629603273,0.6650313111545988,0.0016838314530104115,0.0016838314530104115,0.0029355349291258514
ID_BKPXHW,0.36497438178260094,0.23784967087706813,0.221692759295499,0.000656392669542038,0.0008947055117506276,0.0008947055117506276
ID_0U0CZ6,0.7597534246575343,0.5151803949475182,0.5676459704678882,0.0014947689674463163,0.0014947689674463163,0.0020281963170303108
ID_W2OT9E,0.36497438178260094,0.23784967087706813,0.4592526240882405,0.0011246866234432126,0.0011505748684932657,0.0014100373439880794
ID_533G8B,0.7597534246575343,0.5153579434264366,0.5676459704678882,0.0014951677277547934,0.0014951677277547934,0.0020281963170303108
ID_Z8YTI6,0.9144869240348692,0.8662825120085395,0.889985233944138,0.022565679673399237,0.022565679673399237,0.060339499865609346
ID_6C4OE9,0.93153157801103,0.9338397082369685,0.9203460238391745,0.03945618468343566,0.05284223656820825,0.05284223656820825
ID_KL4MG7,0.7552259384451165,0.5261884006404555,0.5407473759117595,0.0014226402904390124,0.001426890861887837,0.0018773375219178524
ID_MTIIWZ,0.7527402597402598,0.5179323963707526,0.5151803949475182,0.0012524741733868736,0.0013367360319578275,0.001639460365454412
ID_FUAXKT,0.7529178082191781,0.5179323963707526,0.5155354919053549,0.001254084457080499,0.0013369092216738892,0.0016397155420897218
ID_2FIUCN,0.9704146948941469,0.9894123821384095,0.9853287671232877,0.12155417377152357,0.3912171806387568,0.4633531432435951
ID_BZ0G9W,0.36497438178260094,0.6987655221490837,0.6670731186621597,0.0006336647879596189,0.002459155393696441,0.0025120394295275778
ID_UK2N3N,0.9592291407222914,0.976185020458993,0.9784043764454723,0.06822292914208104,0.14996984575106873,0.29319563347039224
ID_51JHHB,0.912800213485145,0.9727228251200855,0.9753860523038606,0.015804875764123708,0.14908298323710148,0.2556557818166955
ID_E8M783,0.36497438178260094,0.5412800213485145,0.6000485678704857,0.0005679107702680578,0.0014897857299872384,0.0018459112374353767
ID_HGRL68,0.36497438178260094,0.6311195516811955,0.7250426970289984,0.0006341426316631214,0.001947492841037508,0.0032970586725283063
ID_Z099ZD,0.9278030599537449,0.9187480875289095,0.9509731364525885,0.024495586513278805,0.024495586513278805,0.14236732776836078
ID_J98CG9,0.36497438178260094,0.5741264899484078,0.5978292118840064,0.0006393649856243896,0.0016579373779558079,0.0018436109131898023
ID_3UQ81U,0.36497438178260094,0.5620531933819605,0.599160825475894,0.0005576028159678347,0.0016037950554104081,0.0019407912235564057
ID_NZIYML,0.36497438178260094,0.575280555061377,0.634492972780644,0.000581062539145981,0.0017315268701402237,0.0021647176957057188
ID_TDYO22,0.36497438178260094,0.8003232520903754,0.8288197829567693,0.0008621070608706565,0.003325214794603817,0.006213162044458664
ID_PJ4KK1,0.36497438178260094,0.5663143568760006,0.6020016011385875,0.0006174640409091483,0.0016320845972132784,0.0018715947162683746
ID_I9K28A,0.36497438178260094,0.5861110122753959,0.6566865326454367,0.0005219017627144774,0.0018153373356059057,0.0027173945218734808
ID_1DU4K9,0.36497438178260094,0.7932213129336417,0.8093782245152108,0.0007815230301100084,0.007676926679917398,0.008914588002575639
ID_GTAZM3,0.36497438178260094,0.6312971001601139,0.7250426970289984,0.0006344930849820226,0.0019489322592856442,0.0033016359857498947
ID_85BE9E,0.36497438178260094,0.6966349404020638,0.6904207436399218,0.0006295916076730248,0.002407257102739655,0.00271621999459419
ID_7P1FDA,0.36497438178260094,0.6998308130225939,0.7451944493862301,0.0005563171434641729,0.0023923873408729763,0.0031005476094095653
ID_RUN0MH,0.36497438178260094,0.848350115637787,0.8300626223091977,0.001023100159621711,0.009756566152227291,0.009756566152227291
ID_YBFBW4,0.9191031844867462,0.9108471802170433,0.8906954278598115,0.015305634477101841,0.015487880494428818,0.015606108989706513
ID_NE459Y,0.9001054972424836,0.8734732254047323,0.8695671588685288,0.008495538854257316,0.010268997589691351,0.01279664107298854
ID_GGZZ9O,0.9017034335527486,0.8834159402241594,0.8700998043052838,0.009604702615825288,0.011373041251452528,0.012902224143992653
ID_H1PP14,0.36497438178260094,0.575280555061377,0.6346705212595624,0.0005813847357746576,0.0017315268701402237,0.002165862998202337
ID_0PPL34,0.9104920832592065,0.8901627824230564,0.87800071161715,0.01023092087008615,0.011662526845528726,0.013173574938244975
ID_CRMQQO,0.36497438178260094,0.68846771037182,0.6591722113502936,0.0005777304165916485,0.0024116016898296914,0.0024662961322757843
ID_A0YIQ0,0.9150195694716242,0.8993953033268102,0.87906600249066,0.013397880687627085,0.013820988011515574,0.013991563758212651
ID_Q1TCRH,0.36497438178260094,0.6989430706280021,0.6670731186621597,0.0006337951240126213,0.0024611829512563464,0.0025121404558602384
ID_94MXFN,0.36497438178260094,0.6992093933463797,0.6670731186621597,0.0006337951240126213,0.0024611829512563464,0.0025157416951975555
ID_88SLJ5,0.9199909268813378,0.9121787938089307,0.8937137520014232,0.0160009490710961,0.0160009490710961,0.017083263793810453
ID_ECEAEJ,0.36497438178260094,0.5861110122753959,0.6568640811243551,0.0005219017627144774,0.0018170755069778072,0.0027173945218734808
ID_4QDWP4,0.36497438178260094,0.7829235011563779,0.8175454545454546,0.0007869436880870098,0.007008279462694671,0.009202102101416507
ID_UH4UW8,0.36497438178260094,0.6314746486390322,0.7250426970289984,0.0006344930849820226,0.001949752836549666,0.0033087928622952175
ID_VCFVPX,0.36497438178260094,0.5708418430884183,0.6431928482476428,0.0005340627278443948,0.0017073116655963345,0.00221484713119452
ID_04ZSOG,0.36497438178260094,0.5696877779754492,0.5978292118840064,0.0006226942162737666,0.0016389456465260987,0.0018408549481007293
ID_BQ8JLJ,0.36497438178260094,0.5711081658067959,0.6431928482476428,0.0005340627278443948,0.0017080674800754967,0.0022189481865327147
ID_35RX02,0.36497438178260094,0.6316521971179506,0.7250426970289984,0.000634685619879444,0.0019510718407302955,0.0033093872493297075
ID_GOXE3K,0.36497438178260094,0.5698653264543675,0.5978292118840064,0.0006141771698579906,0.0016392007445025095,0.0018419080547772883
ID_U5RFQ3,0.36497438178260094,0.5585022238035936,0.605907667674791,0.0006117493630411283,0.0016089819038401093,0.0019112411440126828
ID_DM55ZQ,0.36497438178260094,0.7142122398149795,0.6882901618929016,0.0006460336424415438,0.002405170796394386,0.0025076297134365953
ID_A1QQRA,0.9096931151040739,0.8874995552392813,0.8710763209393346,0.011511283488965386,0.012031620570686153,0.013215278303406148
ID_19O4B5,0.36497438178260094,0.5588573207614304,0.599160825475894,0.0005665840013287368,0.001604206684735756,0.0018373936783843733
ID_5REP3T,0.36497438178260094,0.6318297455968689,0.7250426970289984,0.0006348248477194472,0.0019516918440405937,0.0033097969642963574
ID_OF5R7M,0.9159960861056752,0.8990402063689735,0.8786221312933641,0.014937509476241029,0.014937509476241029,0.014937509476241029
ID_Q1LGPO,0.36497438178260094,0.848350115637787,0.8300626223091977,0.0010232343498193803,0.009782383280089115,0.009782383280089115
ID_K5EEX9,0.36497438178260094,0.5755468777797546,0.6348480697384807,0.0005814598464743644,0.0017322631529010403,0.0021660087950504687
ID_IQGKMC,0.36497438178260094,0.5770560398505604,0.623041095890411,0.0005301090598094477,0.001724736554666169,0.002222100768714066
ID_HT38F6,0.36497438178260094,0.7935764098914784,0.8095557729941291,0.0007828104033213252,0.0078039234410166155,0.008967535864855426
ID_LZLRNV,0.36497438178260094,0.696812488880982,0.6906870663582992,0.0006295916076730248,0.0024089435733242455,0.00271621999459419
ID_TWJQGO,0.36497438178260094,0.6866034513431774,0.6618354385340687,0.0006163933067747891,0.002318725419344824,0.0023825525460575334
ID_0CL91E,0.7498994840775663,0.8640631560220601,0.8419583703967266,0.0012006541679455386,0.01037057943779676,0.011136002409258638
ID_57W8R1,0.36497438178260094,0.6984991994307064,0.6936166162604518,0.0005582893046318398,0.002424974732225033,0.002779353022348399
ID_5WL00B,0.9119124710905533,0.8960218822273617,0.8803976160825476,0.010856080712037088,0.011993851903335653,0.01336488009905089
ID_GXWOO5,0.36497438178260094,0.7641921366304928,0.7186509517879381,0.0006982042510197051,0.0036038756076413546,0.0036038756076413546
ID_TWRUWM,0.36497438178260094,0.7763542074363993,0.7514974203878314,0.0006898597008805599,0.0037737199288575686,0.0037737199288575686
ID_A9BGIR,0.36497438178260094,0.7437740615548835,0.6953921010496353,0.0007881610182734344,0.0029979962708250726,0.0030307824585265614
ID_2JI71I,0.36497438178260094,0.7548708414872798,0.711371464152286,0.0007079542905681347,0.002955156606690117,0.003018270092995096
ID_ML47TN,0.36497438178260094,0.7404894146948942,0.7040032022771749,0.0007840880038901382,0.0028779805920795933,0.0029678096565718885
ID_7WZ9FK,0.36497438178260094,0.7644584593488704,0.7193611457036114,0.0006983274115645545,0.0036140158479812737,0.0036140158479812737
ID_DRELA9,0.36497438178260094,0.7646360078277886,0.7193611457036114,0.0006985079583473194,0.0036166917839540787,0.0036166917839540787
ID_J8US98,0.36497438178260094,0.7736909802526241,0.7355180572851806,0.0007923811339862996,0.0035494585668507084,0.0035494585668507084
ID_H10W0Q,0.36497438178260094,0.764813556306707,0.7193611457036114,0.0006987017619188288,0.0036218464717638643,0.0036218464717638643
ID_9ZL287,0.36497438178260094,0.7404894146948942,0.7040032022771749,0.0007842357547025925,0.0028789382177085267,0.0029678096565718885
ID_TZBCSR,0.36497438178260094,0.7829235011563779,0.7588656822629425,0.0006996710837831875,0.004028596670055748,0.004028596670055748
ID_FTIP85,0.36497438178260094,0.7649911047856253,0.7220243728873865,0.000716369053003649,0.0035308777302850247,0.0035308777302850247
ID_FJN24X,0.36497438178260094,0.7367608966376089,0.7080868172922967,0.0007001586510163173,0.002804410454375486,0.0028886326517676723
ID_VKFW41,0.36497438178260094,0.7610850382494218,0.7465260629781177,0.0006925863945959835,0.0029382400870013943,0.0031751696990486647
ID_TAJUDM,0.36497438178260094,0.7680094289272371,0.7380925102294965,0.0007923811339862996,0.0030798185871952857,0.003156859683851112
ID_MTGYGV,0.36497438178260094,0.7739573029710016,0.7355180572851806,0.0007923811339862996,0.0035542767421853313,0.0035542767421853313
ID_71YOL3,0.36497438178260094,0.5194415584415584,0.6579293719978652,0.0011354240309487203,0.0020148740262715117,0.0028564829602679065
ID_7CNHAN,0.36497438178260094,0.6556212417719267,0.7136795943782246,0.0011404649210951668,0.0027505774299625436,0.0030999835213836213
ID_OZTOGX,0.36497438178260094,0.6115004447607187,0.6753291229318626,0.0011318701408242961,0.002427907555649555,0.002879719049702306
ID_S9GOKQ,0.36497438178260094,0.7759991104785626,0.8057384806973849,0.0011885764950990386,0.0035852420888505604,0.00397568362727673
ID_TCCXJY,0.8827945205479452,0.9105808574986657,0.9260275751645615,0.012106549976419922,0.01981651713801935,0.04660336178124161
ID_UJI7EY,0.36497438178260094,0.7266406333392635,0.6948594556128802,0.0007132396105744599,0.002744002354984061,0.00278707977148022
ID_WSXVUU,0.36497438178260094,0.7632156199964419,0.7470587084148728,0.0006953815568488222,0.002980588418208719,0.0031912560268662587
ID_FXV3ZJ,0.36497438178260094,0.7404894146948942,0.7040032022771749,0.0007845861290779868,0.0028790907120816705,0.0029678096565718885
ID_CFIC5L,0.36497438178260094,0.7353405088062622,0.711371464152286,0.0007067290444678396,0.0026957894062941273,0.0028401159074130647
ID_T9BUYJ,0.36497438178260094,0.8521674079345312,0.8341462373243196,0.000967681383734378,0.007114730362475218,0.007114730362475218
ID_2KG52B,0.8950453655933108,0.9212337662337662,0.9412967443515389,0.016257412148218776,0.03730964525646743,0.07477887869401957
ID_U4YBEU,0.36497438178260094,0.765878847180217,0.7203376623376623,0.0007005758072823764,0.003642743790304626,0.003642743790304626
ID_J8SQUH,0.36497438178260094,0.7317895392278955,0.7067552037004091,0.0007169809410176136,0.002606487141680138,0.002731656414139726
ID_UMRHMM,0.36497438178260094,0.7559361323607898,0.7451944493862301,0.000694600871291716,0.0029223878778679127,0.0031559445282115747
ID_XS0D20,0.8950453655933108,0.9214113147126846,0.9414742928304572,0.01629107819782184,0.037531377255356775,0.07507148488538082
ID_UT4QJ0,0.36497438178260094,0.7437740615548835,0.6953921010496353,0.0007881610182734344,0.0029992330350506677,0.0030328953113567107
ID_LWNW4V,0.36497438178260094,0.7437740615548835,0.6959247464863904,0.0007881610182734344,0.003001102901051172,0.003033547462231835
ID_I5ITGA,0.36497438178260094,0.7437740615548835,0.6961022949653086,0.0007881610182734344,0.0030016001680116013,0.0030359315784536122
ID_63LRW5,0.36497438178260094,0.6188687066358299,0.674974025974026,0.00116474623134814,0.0024645650998999847,0.002884820625356454
ID_ECWV3B,0.36497438178260094,0.7437740615548835,0.696279843444227,0.0007881610182734344,0.003001734585213103,0.003036575948269121
ID_WYQ24M,0.9119124710905533,0.923186799501868,0.9384559686888454,0.023034168124830664,0.03624737271885599,0.06398078568466199
ID_H9HY14,0.36497438178260094,0.737826187511119,0.7106612702366126,0.0006898966538178019,0.0028144080305420776,0.0029136451442316326
ID_UHQ8W8,0.36497438178260094,0.5196191069204769,0.6589946628713752,0.0011354240309487203,0.002016053537604326,0.002859802521299117
ID_0U4OWS,0.36497438178260094,0.7437740615548835,0.6964573919231453,0.0007881610182734344,0.0030017974997344357,0.0030378094685509695
ID_0ISQF0,0.9185705390499911,0.9279806084326632,0.9464456502401708,0.02760972625843956,0.04618926725224944,0.08690849607926734
ID_1AME4K,0.36497438178260094,0.7133244974203877,0.6698251200853941,0.0008026092204283779,0.002743704506671618,0.002743704506671618
ID_2WSSFW,0.36497438178260094,0.721225404732254,0.7067552037004091,0.0007075202234742307,0.0025762195686932225,0.0027463769332000273
ID_LFVE77,0.36497438178260094,0.7269957302971002,0.6953921010496353,0.0007132480276097723,0.0027443929736200206,0.0027885246951610933
ID_NEY52P,0.36497438178260094,0.7739573029710016,0.7358731542430172,0.0007923811339862996,0.0035606336193291896,0.0035606336193291896
ID_17EACN,0.36497438178260094,0.7651686532645436,0.7220243728873865,0.000716369053003649,0.0035356759796142862,0.0035356759796142862
ID_6O0STD,0.36497438178260094,0.7437740615548835,0.6966349404020638,0.0007881610182734344,0.0030017974997344357,0.003038382352592726
ID_5YH0SU,0.36497438178260094,0.765346201743462,0.7193611457036114,0.0006987017619188288,0.003626836701071751,0.003626836701071751
ID_VQRYU1,0.36497438178260094,0.23784967087706813,0.221692759295499,0.000514553645521437,0.0007480895466856756,0.0007480895466856756
ID_B6QT72,0.36497438178260094,0.23784967087706813,0.221692759295499,0.0005041527636899873,0.0007367097518697418,0.0007367097518697418
ID_XGRMG5,0.36497438178260094,0.23784967087706813,0.221692759295499,0.0005465720179647261,0.0007549907978822248,0.0007549907978822248
ID_MDIKUJ,0.36497438178260094,0.23784967087706813,0.221692759295499,0.0005141665189028233,0.0007378277543841037,0.0007378277543841037
ID_R4G4CS,0.36497438178260094,0.23784967087706813,0.221692759295499,0.0005537169575812891,0.0007386808951502997,0.0007386808951502997
ID_7841GQ,0.36497438178260094,0.23784967087706813,0.221692759295499,0.0005041899677404072,0.0007420069620733279,0.0007420069620733279
ID_68H8D0,0.9816002490660025,0.9773390855719623,0.9732554705568404,0.19706209477656197,0.20147165732129887,0.21976098718718723
ID_MQ1XM6,0.36497438178260094,0.23784967087706813,0.221692759295499,0.0005188359266625088,0.0007403818323669531,0.0007403818323669531
ID_2ELMR8,0.9817777975449209,0.9775166340508805,0.9734330190357587,0.19971901887212593,0.20165586519001863,0.22278190782297488
ID_EVBKW0,0.949108877423946,0.9430722291407223,0.9322417719267034,0.0487061062487308,0.05176540502159219,0.05176540502159219
ID_Z6ZMD2,0.36497438178260094,0.23784967087706813,0.221692759295499,0.0005013055410439694,0.0007320510462276225,0.0007320510462276225
ID_QJVZET,0.36497438178260094,0.23784967087706813,0.221692759295499,0.0005382961718831708,0.0007375260313379115,0.0007375260313379115
ID_CQT5H1,0.36497438178260094,0.7374710905532823,0.7511423234299948,0.0007316523845163172,0.006169766346159816,0.006969675112120802
ID_973XDF,0.36497438178260094,0.23784967087706813,0.221692759295499,0.000621040544403566,0.0008306456747887563,0.0008306456747887563
ID_NSA0JJ,0.36497438178260094,0.23784967087706813,0.221692759295499,0.0005453423465572732,0.0007394968117119693,0.0007394968117119693
ID_FL0OCB,0.36497438178260094,0.23784967087706813,0.221692759295499,0.0006454942078569089,0.0008957687162786486,0.0008957687162786486
ID_2VHH1D,0.36497438178260094,0.23784967087706813,0.221692759295499,0.0005882381584834287,0.0007977375292631396,0.0007977375292631396
ID_U6MZRL,0.9768064401352072,0.9709473403309019,0.9672188222736169,0.17398407609101477,0.17398407609101477,0.17959666931718704
ID_MC3FP5,0.36497438178260094,0.7522963885429639,0.7411996086105676,0.0007607202762494863,0.006058090687848459,0.006200739941626856
ID_9UV0JT,0.9819553460238392,0.977694182529799,0.973610567514677,0.19971901887212593,0.20287877867301085,0.22436989890440404
ID_58OZCP,0.9709473403309019,0.9668637253157801,0.9597617861590465,0.14184537404153402,0.14184537404153402,0.14184537404153402
ID_DE895W,0.977694182529799,0.9738768902330546,0.9711248888098204,0.16198957006848705,0.17310191501076272,0.19427894354840305
ID_YXE8JJ,0.9821328945027575,0.9778717310087174,0.9737881159935955,0.19998234825511843,0.20446329540479297,0.22671368031559588
ID_TB9U7O,0.36497438178260094,0.23784967087706813,0.221692759295499,0.0005330541199874713,0.0007472042185081244,0.0007472042185081244
ID_R8NWKZ,0.36497438178260094,0.23784967087706813,0.221692759295499,0.0004995706563485737,0.0007359928654755253,0.0007359928654755253
ID_W9UZJB,0.36497438178260094,0.23784967087706813,0.221692759295499,0.0005013055410439694,0.0007320510462276225,0.0007320510462276225
ID_2323FO,0.36497438178260094,0.23784967087706813,0.221692759295499,0.0005365091193133315,0.0007528262139187222,0.0007528262139187222
ID_L6SYR3,0.36497438178260094,0.23784967087706813,0.221692759295499,0.0006996500915259058,0.0009135905040238189,0.0009135905040238189
ID_KEGBSM,0.36497438178260094,0.23784967087706813,0.221692759295499,0.0005249140604992091,0.0007512648913402646,0.0007512648913402646
ID_KD638L,0.36497438178260094,0.23784967087706813,0.221692759295499,0.0006996710837831875,0.0009135905040238189,0.0009135905040238189
ID_UV1C91,0.36497438178260094,0.23784967087706813,0.221692759295499,0.0006852917397409004,0.0009079008907473654,0.0009079008907473654
ID_2R99F6,0.9286908023483366,0.9176827966553994,0.9036564668208504,0.02923863170325619,0.02923863170325619,0.02923863170325619
ID_NDABA2,0.36497438178260094,0.23784967087706813,0.221692759295499,0.0004995706563485737,0.0007359928654755253,0.0007359928654755253
ID_VHW1SA,0.9753860523038606,0.9709473403309019,0.9668637253157801,0.15742753290615358,0.16017508164017905,0.16017508164017905
ID_6Q0PHL,0.9778717310087174,0.9738768902330546,0.9713024372887387,0.16770747247573867,0.17495229027137726,0.1971374645019128
ID_N526QO,0.9755636007827788,0.9709473403309019,0.9670412737946984,0.15765661613798632,0.16128294311357108,0.16128294311357108
ID_O3XAMU,0.36497438178260094,0.23784967087706813,0.221692759295499,0.0005360880997173396,0.0007389422142684081,0.0007389422142684081
ID_PUWLBC,0.36497438178260094,0.23784967087706813,0.221692759295499,0.0005218085563732369,0.0007446411141151874,0.0007446411141151874
ID_VD6HTN,0.36497438178260094,0.23784967087706813,0.221692759295499,0.0005529730631334469,0.000738243470456473,0.000738243470456473
ID_0T2A2U,0.36497438178260094,0.23784967087706813,0.221692759295499,0.000476631859599911,0.0007540958738259447,0.0007540958738259447
ID_H1QAOB,0.8309503647037894,0.727883472691692,0.7040032022771749,0.0027008493649047496,0.0027008493649047496,0.0027008493649047496
ID_0DGOAR,0.36497438178260094,0.23784967087706813,0.221692759295499,0.000476631859599911,0.0007541670852280042,0.0007541670852280042
ID_G2AFM5,0.36497438178260094,0.23784967087706813,0.221692759295499,0.00047024970709940117,0.0007884946319910676,0.0007884946319910676
ID_HMY17R,0.36497438178260094,0.23784967087706813,0.221692759295499,0.0004765607647148003,0.0007287269884188656,0.0007287269884188656
ID_XAUH6E,0.7966835082725494,0.6004036648283224,0.5780325564846113,0.002042547505142186,0.002042547505142186,0.002042547505142186
ID_PDT688,0.9308213840953568,0.9198133784024195,0.9020585305105853,0.03764995708119736,0.043845717026134066,0.043845717026134066
ID_DJB815,0.816746486390322,0.6945043586550436,0.6670731186621597,0.002432602879355863,0.002432602879355863,0.0024344817113655373
ID_PCHYP9,0.9375682262942537,0.9327744173634585,0.923186799501868,0.053900377553924,0.05494764908179838,0.06477787423554555
ID_WA6QND,0.36497438178260094,0.23784967087706813,0.221692759295499,0.0005249509326301626,0.000755773170305549,0.000755773170305549
ID_7ELMZ7,0.36497438178260094,0.23784967087706813,0.221692759295499,0.0005260458841965641,0.0007446821879701569,0.0007446821879701569
ID_CVNZQF,0.36497438178260094,0.23784967087706813,0.221692759295499,0.0004764790456019074,0.000722158268949587,0.000722158268949587
ID_GAHF28,0.36497438178260094,0.23784967087706813,0.221692759295499,0.0004766060898180985,0.0007190399419559951,0.0007190399419559951
ID_X2RBI1,0.8261565557729942,0.7610850382494218,0.7220243728873865,0.003131277129759631,0.003131277129759631,0.003131277129759631
ID_IVO26V,0.36497438178260094,0.23784967087706813,0.221692759295499,0.0008962004724029453,0.0009059604749920751,0.0009059604749920751
ID_AFMCOW,0.7701400106742572,0.5478493150684931,0.5159793631026507,0.0014945681601888391,0.0014945681601888391,0.0014945681601888391
ID_1C94ID,0.36497438178260094,0.23784967087706813,0.221692759295499,0.000478750910668009,0.0007417331379527666,0.0007417331379527666
ID_0C4EDO,0.36497438178260094,0.23784967087706813,0.221692759295499,0.0005554921231230255,0.0007623400703604413,0.0007623400703604413
ID_DOH3RS,0.9418293897882939,0.9368580323785803,0.9301111901796834,0.05896616013266903,0.059027133900763445,0.07124077444778167
ID_GPQQOT,0.7456383205835261,0.23784967087706813,0.221692759295499,0.0011196690192991723,0.0011196690192991723,0.0011196690192991723
ID_6UR8NI,0.36497438178260094,0.23784967087706813,0.221692759295499,0.0004858379292343051,0.0007045152118178051,0.0007045152118178051
ID_W6QZ1Q,0.36497438178260094,0.23784967087706813,0.221692759295499,0.0005570869781874885,0.0007615689728443792,0.0007615689728443792
ID_XI9QKS,0.36497438178260094,0.23784967087706813,0.221692759295499,0.000476631859599911,0.0007541670852280042,0.0007541670852280042
ID_WZZ662,0.7884275040028464,0.5844243017256715,0.5491809286603807,0.0019372985940275939,0.0019372985940275939,0.0019372985940275939
ID_9FITRJ,0.36497438178260094,0.23784967087706813,0.221692759295499,0.0004858379292343051,0.0007045152118178051,0.0007045152118178051
ID_JI0NUP,0.36497438178260094,0.23784967087706813,0.221692759295499,0.0005249509326301626,0.0007560134967178883,0.0007560134967178883
ID_36R17J,0.8230494573919231,0.7562912293186266,0.7154550791674079,0.0030220604923160135,0.0030220604923160135,0.0030639816815883655
ID_KCZ1QX,0.36497438178260094,0.23784967087706813,0.221692759295499,0.0004766060898180985,0.0007190399419559951,0.0007190399419559951
ID_DG9EBL,0.36497438178260094,0.23784967087706813,0.221692759295499,0.0008065843282440572,0.0008934212982795362,0.0008934212982795362
ID_BPEU3X,0.36497438178260094,0.23784967087706813,0.221692759295499,0.000476631859599911,0.0007541670852280042,0.0007541670852280042
ID_JWXL0Z,0.36497438178260094,0.23784967087706813,0.221692759295499,0.0004858379292343051,0.0007045152118178051,0.0007045152118178051
ID_IZ777T,0.36497438178260094,0.23784967087706813,0.221692759295499,0.0004761068550125378,0.0007068274639236465,0.0007068274639236465
ID_08BIU5,0.36497438178260094,0.23784967087706813,0.221692759295499,0.0005030661905574342,0.000760499517232694,0.000760499517232694
ID_BUYSNI,0.36497438178260094,0.23784967087706813,0.221692759295499,0.0004942291302929885,0.0007338399019646357,0.0007338399019646357
ID_U9DXQ2,0.7884275040028464,0.58353655933108,0.5485595089841665,0.0019320170323987292,0.0019320170323987292,0.0019320170323987292
ID_TMUJCJ,0.837519658423768,0.7500770325564846,0.7163428215619997,0.0027634865941710473,0.0027634865941710473,0.0027634865941710473
ID_RJR9RN,0.36497438178260094,0.23784967087706813,0.221692759295499,0.00048609886186468104,0.000729711269038896,0.000729711269038896
ID_3YHYSL,0.36497438178260094,0.23784967087706813,0.221692759295499,0.0004944000610742733,0.0007901322754194038,0.0007901322754194038
ID_9AQYF7,0.36497438178260094,0.23784967087706813,0.221692759295499,0.0004903085935497661,0.0008034927391375534,0.0008724861890189166
ID_54RAVH,0.36497438178260094,0.23784967087706813,0.221692759295499,0.00047944682771397935,0.000791502394972461,0.0008478480864239828
ID_J5P69A,0.36497438178260094,0.23784967087706813,0.221692759295499,0.0004918811477082462,0.0007924215154408329,0.0008501982678932332
ID_G1V02M,0.833879914605942,0.7387139299057107,0.711371464152286,0.0027317560257827628,0.0027317560257827628,0.0027317560257827628
ID_6PA6IV,0.800145703611457,0.6115004447607187,0.5892181106564668,0.002207840195770342,0.002207840195770342,0.002207840195770342
ID_JQYQPR,0.837519658423768,0.750254581035403,0.716520370040918,0.0027655174026344855,0.0027655174026344855,0.0027655174026344855
ID_FB0WKU,0.36497438178260094,0.23784967087706813,0.221692759295499,0.0004889619332147325,0.0008007314323995535,0.0008683634533768543
ID_TA5143,0.36497438178260094,0.23784967087706813,0.221692759295499,0.000476631859599911,0.0007541670852280042,0.0007541670852280042
ID_94CW70,0.8603346379647749,0.8007671232876712,0.7831010496352963,0.004485074875936903,0.0046806610437331265,0.0046806610437331265
ID_0JC80K,0.9354376445472335,0.9281581569115817,0.9191031844867462,0.029415303321088066,0.029415303321088066,0.029415303321088066
ID_SNIBU6,0.36497438178260094,0.23784967087706813,0.221692759295499,0.0005410475650779191,0.0007574295106860892,0.0007574295106860892
ID_TJU7KY,0.8413369507205124,0.7625054260807685,0.729481409001957,0.0029134349438322783,0.0029134349438322783,0.0029134349438322783
ID_7WX39F,0.9359702899839887,0.9318866749688667,0.9185705390499911,0.049808253789679596,0.05347842803835029,0.05347842803835029
ID_AOFGSF,0.36497438178260094,0.23784967087706813,0.221692759295499,0.00048715626264136486,0.0007765268700010026,0.0007765268700010026
ID_KBYL88,0.36497438178260094,0.23784967087706813,0.221692759295499,0.0004764790456019074,0.000722158268949587,0.000722158268949587
ID_YTS87K,0.9214113147126846,0.9125338907667675,0.8970871731008717,0.01257331242968235,0.013093390646586333,0.01429090244517207
ID_GEF4SU,0.9251398327699697,0.9112022771748799,0.8926484611279132,0.023960152834845844,0.023960152834845844,0.023960152834845844
ID_2UMLV4,0.36497438178260094,0.23784967087706813,0.221692759295499,0.00048628723882561197,0.0007043442863077329,0.0007043442863077329
ID_AG56N6,0.9638454011741683,0.9570985589752713,0.9469782956769258,0.0783657059056265,0.0783657059056265,0.0783657059056265
ID_PJRXEY,0.36497438178260094,0.23784967087706813,0.221692759295499,0.0004764790456019074,0.000722158268949587,0.000722158268949587
ID_BIYAR6,0.36497438178260094,0.23784967087706813,0.221692759295499,0.0004764790456019074,0.000722158268949587,0.000722158268949587
ID_Q5KE8B,0.837519658423768,0.7530953566980965,0.7193611457036114,0.002815928669085831,0.002815928669085831,0.002815928669085831
ID_JYQN2M,0.36497438178260094,0.23784967087706813,0.221692759295499,0.00047665675341476986,0.0007560134967178883,0.0007560134967178883
ID_GI8IYT,0.36497438178260094,0.23784967087706813,0.221692759295499,0.00047787954736841097,0.0007243026346231632,0.0007243026346231632
ID_UI3NV7,0.36497438178260094,0.23784967087706813,0.221692759295499,0.00048620696632446195,0.0006974974643680456,0.0006974974643680456
ID_LSLZLB,0.8758701298701299,0.8458644369329301,0.8283759117594734,0.006749562056991264,0.0072926474062194775,0.0072926474062194775
ID_U80UCB,0.8603346379647749,0.8412481764810532,0.8243810709838106,0.004833432773592529,0.00564711161402671,0.005664002999743779
ID_7YIFAF,0.36497438178260094,0.23784967087706813,0.221692759295499,0.000476631859599911,0.0007541670852280042,0.0007541670852280042
ID_X1XYBC,0.36497438178260094,0.23784967087706813,0.221692759295499,0.0004957168530475098,0.0008014982746490986,0.0008695220750124419
ID_Z7PXEJ,0.8309503647037894,0.7761766589574809,0.7422648994840776,0.003403807732230565,0.003546568794288772,0.003546568794288772
ID_FZHPYW,0.36497438178260094,0.23784967087706813,0.221692759295499,0.0005236353935198121,0.0007526861891138731,0.0007526861891138731
ID_9SPXYO,0.36497438178260094,0.23784967087706813,0.221692759295499,0.00047787954736841097,0.0007243026346231632,0.0007243026346231632
ID_WRT76C,0.36497438178260094,0.23784967087706813,0.221692759295499,0.000476631859599911,0.0007541670852280042,0.0007541670852280042
ID_J2FJRW,0.7797276285358476,0.5625858388187156,0.5286740793453123,0.0016183526342961971,0.0016183526342961971,0.0016183526342961971
ID_IEUVNM,0.9279806084326632,0.915374666429461,0.8979749154954634,0.030191464715147234,0.030191464715147234,0.030191464715147234
ID_1U9QOZ,0.9240745418964597,0.9146644725137876,0.8983300124533001,0.019741220461404425,0.019741220461404425,0.019741220461404425
ID_ELOPWG,0.36497438178260094,0.23784967087706813,0.221692759295499,0.00048078679893004454,0.0007852330088877456,0.0007852330088877456
ID_ZI5Y1E,0.36497438178260094,0.23784967087706813,0.221692759295499,0.0004897533401533042,0.0007090444802979501,0.0007090444802979501
ID_ASGRG0,0.837519658423768,0.7504321295143213,0.7166979185198363,0.0027681811033806385,0.0027681811033806385,0.0027681811033806385
ID_PSAMCJ,0.36497438178260094,0.23784967087706813,0.221692759295499,0.0005249509326301626,0.0007560134967178883,0.0007560134967178883
ID_2A4701,0.36497438178260094,0.23784967087706813,0.221692759295499,0.0005236353935198121,0.0007527426515953594,0.0007527426515953594
ID_8AQJGL,0.36497438178260094,0.23784967087706813,0.221692759295499,0.000492231885080849,0.0007284544660894405,0.0007284544660894405
ID_4NNDXH,0.36497438178260094,0.23784967087706813,0.221692759295499,0.00047829673926313624,0.0007437608564079589,0.0007437608564079589
ID_3PVLGV,0.837519658423768,0.7530953566980965,0.7193611457036114,0.0028284297106033057,0.0028284297106033057,0.0028284297106033057
ID_NM26QX,0.8950453655933108,0.8713426436577122,0.8518123109766945,0.008980239882837403,0.0110860645306796,0.012120626172435558
ID_JPHAG6,0.36497438178260094,0.23784967087706813,0.221692759295499,0.0004874496502817674,0.0007071100811652495,0.0007071100811652495
ID_WKK2CS,0.8384961750578189,0.7530953566980965,0.7193611457036114,0.0028321038937004707,0.0028321038937004707,0.0028321038937004707
ID_MTFXPX,0.36497438178260094,0.23784967087706813,0.221692759295499,0.0004848477572248115,0.0007733387850795857,0.0007733387850795857
ID_8Y14DK,0.36497438178260094,0.23784967087706813,0.221692759295499,0.0005600621724613885,0.0007660405264755944,0.0007660405264755944
ID_ET1AOI,0.36497438178260094,0.23784967087706813,0.221692759295499,0.0004729796689324152,0.0007897341960848486,0.0007897341960848486
ID_B4CFP4,0.9556781711439246,0.9503517167763743,0.9373906778153354,0.05688054870397755,0.06136574162170037,0.06136574162170037
ID_4WUH73,0.7870071161714998,0.5778550080056929,0.5456299590820138,0.001887618335925472,0.001887618335925472,0.001887618335925472
ID_B6GW66,0.8455093399750935,0.7829235011563779,0.7588656822629425,0.0035928349157734888,0.0035928349157734888,0.0035928349157734888
ID_BKO8EP,0.7966835082725494,0.6014689557018323,0.5734162960327344,0.002111607482148722,0.002111607482148722,0.002111607482148722
ID_3KYFSE,0.9405865504358655,0.936147838462907,0.9285132538694183,0.059718235215645496,0.059718235215645496,0.07143123329877148
ID_ILOCIE,0.36497438178260094,0.23784967087706813,0.221692759295499,0.0004789597491110884,0.0007619581527950005,0.0007619581527950005
ID_79UIX6,0.36497438178260094,0.23784967087706813,0.221692759295499,0.0004766060898180985,0.0007190399419559951,0.0007190399419559951
ID_K29ICA,0.8309503647037894,0.7353405088062622,0.7067552037004091,0.0026798467107942907,0.0026798467107942907,0.0026798467107942907
ID_EMCF89,0.36497438178260094,0.23784967087706813,0.221692759295499,0.00047665675341476986,0.0007560193390830798,0.0007560193390830798
ID_VVPJT8,0.36497438178260094,0.23784967087706813,0.221692759295499,0.0005242314607147902,0.000839128789236651,0.0009408409219137684
ID_6RW7WE,0.9539026863547411,0.9421844867461305,0.9427171321828857,0.037822028162363235,0.043285679780673325,0.049735751018315025
ID_RP4S9G,0.9244296388542964,0.9151971179505427,0.8995728518057285,0.019162006696521707,0.019162006696521707,0.019162006696521707
ID_BW4GGG,0.36497438178260094,0.23784967087706813,0.221692759295499,0.0005233709086881775,0.0007531730885432243,0.0007531730885432243
ID_7Y1J8O,0.36497438178260094,0.23784967087706813,0.221692759295499,0.000476631859599911,0.0007541670852280042,0.0007541670852280042
ID_U9XJOX,0.36497438178260094,0.23784967087706813,0.221692759295499,0.0004928002652205978,0.0008050090821540157,0.0008746832141659894
ID_9HLS3W,0.36497438178260094,0.23784967087706813,0.221692759295499,0.0004764790456019074,0.000722158268949587,0.000722158268949587
ID_VHEXDH,0.36497438178260094,0.23784967087706813,0.221692759295499,0.0005236353935198121,0.0007527426515953594,0.0007527426515953594
ID_GJUTJ6,0.36497438178260094,0.23784967087706813,0.221692759295499,0.000476631859599911,0.0007541670852280042,0.0007541670852280042
ID_3K6BSM,0.8481725671588686,0.7985477673011919,0.7729807863369507,0.0040871407867961,0.0040871407867961,0.0040871407867961
ID_9QHKM5,0.936147838462907,0.9292234477850916,0.9171501512186444,0.03958229316336337,0.045457263449385665,0.045457263449385665
ID_2IDMK7,0.8603346379647749,0.8143495819249243,0.8002344778509163,0.004594599597832184,0.004953555194746306,0.0050841423443336855
ID_2UT2U6,0.36497438178260094,0.23784967087706813,0.221692759295499,0.0004766060898180985,0.0007190399419559951,0.0007190399419559951
ID_UR6FEW,0.36497438178260094,0.23784967087706813,0.221692759295499,0.000476631859599911,0.0007541670852280042,0.0007541670852280042
ID_TRQZ0M,0.36497438178260094,0.23784967087706813,0.221692759295499,0.0004780660879679648,0.000758718102951999,0.000758718102951999
ID_KKGOZ3,0.36497438178260094,0.23784967087706813,0.221692759295499,0.00047665675341476986,0.0007560193390830798,0.0007560193390830798
ID_MWBQU9,0.8715201921366305,0.8412481764810532,0.8243810709838106,0.00489308213157507,0.005650991573285538,0.005693279443457945
ID_SHGMZJ,0.9233643479807864,0.9130665362035225,0.8974422700587085,0.01750945991699493,0.01750945991699493,0.017816830337713332
ID_KYD4DW,0.837519658423768,0.7506096779932396,0.7168754669987546,0.002769696823275362,0.002769696823275362,0.002769696823275362
ID_QAIAUU,0.7797276285358476,0.5640062266500623,0.5322250489236791,0.0016548816978208195,0.0016548816978208195,0.0016548816978208195
ID_2LRZL3,0.36497438178260094,0.23784967087706813,0.221692759295499,0.00048618175009551605,0.0007742690925645065,0.0007742690925645065
ID_V7A541,0.36497438178260094,0.23784967087706813,0.221692759295499,0.0004858379292343051,0.0007045152118178051,0.0007045152118178051
ID_9DXFRR,0.7514086461483721,0.4894358655043587,0.46813004803415764,0.0011502277271664815,0.0011502277271664815,0.0011502277271664815
ID_S7KKUF,0.8455093399750935,0.7829235011563779,0.7588656822629425,0.0035890514220012944,0.0035890514220012944,0.0035890514220012944
ID_GX5WM0,0.7451056751467711,0.23784967087706813,0.221692759295499,0.0011127301816719565,0.0011127301816719565,0.0011127301816719565
ID_9CLKA6,0.36497438178260094,0.23784967087706813,0.221692759295499,0.0004893692018550876,0.0007430775963872044,0.0007430775963872044
ID_CEKPDU,0.8487052125956236,0.8048507383027931,0.779372531578011,0.004076126530365236,0.004154012443203409,0.004154012443203409
ID_5LE4HE,0.36497438178260094,0.23784967087706813,0.221692759295499,0.00048628723882561197,0.0007043442863077329,0.0007043442863077329
ID_2YYGLW,0.9254949297278064,0.906586016723003,0.9043666607365237,0.031065796392120926,0.031065796392120926,0.04495768708301669
ID_I76YXQ,0.36497438178260094,0.23784967087706813,0.221692759295499,0.00048715626264136486,0.0007765268700010026,0.0007765268700010026
ID_L8Y0QF,0.36497438178260094,0.23784967087706813,0.221692759295499,0.00048628723882561197,0.0007043442863077329,0.0007043442863077329
ID_B3CDOU,0.8281095890410959,0.771027753068849,0.731079345312222,0.003331741070660709,0.003455224410898637,0.003455224410898637
ID_LVNFZZ,0.8340574630848603,0.7388914783846291,0.711371464152286,0.002733805246064713,0.002733805246064713,0.002733805246064713
ID_HKFQ1V,0.8253575876178616,0.7566463262764633,0.7211366304927949,0.002961537671394318,0.002961537671394318,0.0030518641219708406
ID_803TPA,0.36497438178260094,0.23784967087706813,0.221692759295499,0.0004764790456019074,0.000722158268949587,0.000722158268949587
ID_GLQ3DX,0.36497438178260094,0.23784967087706813,0.221692759295499,0.00047787954736841097,0.0007243026346231632,0.0007243026346231632
ID_IQPKA6,0.36497438178260094,0.23784967087706813,0.221692759295499,0.00046554154875526284,0.000727179657494119,0.000727179657494119
ID_ZVCB1F,0.8386737235367373,0.7530953566980965,0.7200713396192848,0.002850235551004161,0.002850235551004161,0.002850235551004161
ID_J55KEV,0.7394241238213841,0.23784967087706813,0.221692759295499,0.001077078316305453,0.001077078316305453,0.001077078316305453
ID_F0XW09,0.8481725671588686,0.8028089307952322,0.7790174346201744,0.00399718684578628,0.004100821183517658,0.004100821183517658
ID_DHZUBS,0.7966835082725494,0.6066178615904643,0.5826488169364882,0.0021865098556631637,0.0021865098556631637,0.0021865098556631637
ID_W41W7O,0.9398763565201922,0.9345499021526418,0.9267377690802348,0.054773649056936,0.05601857508939082,0.06834674651741177
ID_6AQOOX,0.36497438178260094,0.7079980430528375,0.7067552037004091,0.0012929293484378406,0.0032211213200482973,0.0042564534590212874
ID_WQ0W7P,0.36497438178260094,0.5974741149261698,0.6083933463796478,0.001208380639356732,0.0022367697594165123,0.0028529269634739707
ID_GARNGB,0.36497438178260094,0.711904109589041,0.7124367550257962,0.0012618890492044042,0.0033039612384164756,0.004708355223839022
ID_ZRFZ0T,0.36497438178260094,0.6071505070272194,0.6431928482476428,0.001187792369914807,0.002266360667045132,0.003314960084769913
ID_TSKMGA,0.36497438178260094,0.6708016367194449,0.6842065468777797,0.0012876275413674471,0.002887384862258962,0.004130247045134635
ID_CZJREO,0.8086680305995375,0.6611252446183953,0.6472764632627647,0.002436228508420484,0.002436228508420484,0.0025337611561318083
ID_7UONQC,0.36497438178260094,0.23784967087706813,0.221692759295499,0.0009036683544262966,0.0011416371127551375,0.001155806947606144
ID_VM84AE,0.915374666429461,0.8841261341398328,0.883771037181996,0.024165401002283128,0.024165401002283128,0.024165401002283128
ID_LYQHB8,0.9025911759473403,0.9489313289450276,0.9480435865504359,0.0364688967330218,0.08625960020528414,0.11250187523735584
ID_SRMPF6,0.9148420209927058,0.8887423945917097,0.8841261341398328,0.023742085103598872,0.023742085103598872,0.023742085103598872
ID_AQEDUU,0.9201684753602561,0.8969096246219534,0.8999279487635652,0.027003650714793218,0.027003650714793218,0.027003650714793218
ID_URYB4G,0.9513282334104252,0.9556781711439246,0.9654433374844333,0.13716259388233004,0.16704218534609858,0.2394837252253586
ID_L1C8T4,0.36497438178260094,0.23784967087706813,0.221692759295499,0.000521275637671076,0.0011092808356023501,0.0011092808356023501
ID_GQHEYV,0.9496415228607009,0.9540802348336594,0.9631352072584949,0.12223890070808364,0.14244901526893997,0.206121133232301
ID_E0O1TE,0.36497438178260094,0.23784967087706813,0.221692759295499,0.0005192375187791951,0.0011171840227528595,0.0011171840227528595
ID_P7I8OT,0.9661535314001067,0.9682841131471268,0.9805349581924925,0.22720026791201461,0.23697498705977954,0.4215728071418076
ID_KU8IY3,0.9883470912648995,0.9872818003913895,0.984973670165451,0.2913676182536822,0.40391941565530864,0.4235555850645792
ID_56TEHN,0.36497438178260094,0.23784967087706813,0.221692759295499,0.0005188729034947198,0.0011601854177126173,0.001182343570973588
ID_QMWF8O,0.9521272015655577,0.9553230741860879,0.9637566269347091,0.1462793642771257,0.1702107546735519,0.24541856547812746
ID_22YEQD,0.36497438178260094,0.23784967087706813,0.221692759295499,0.000521275637671076,0.001109885905681521,0.001109885905681521
ID_7GZXR0,0.36497438178260094,0.23784967087706813,0.221692759295499,0.0005192375187791951,0.001117360714698849,0.001117360714698849
ID_G9WW3Y,0.9235418964597046,0.9048993061732789,0.9038340152997687,0.02724127873339803,0.02724127873339803,0.02724127873339803
ID_AXB1LU,0.36497438178260094,0.23784967087706813,0.221692759295499,0.000521275637671076,0.0011100041250184291,0.0011100041250184291
ID_EWJGNL,0.36497438178260094,0.23784967087706813,0.221692759295499,0.0005554558138040714,0.0007346581796720511,0.0007346581796720511
ID_Z8A224,0.8803976160825476,0.8718752890944671,0.8660161892901619,0.008542066515092237,0.011373041251452528,0.013065405250482172
ID_SMAV0S,0.922654154065113,0.900815691158157,0.9025911759473403,0.027913310366277602,0.027913310366277602,0.027913310366277602
ID_4W0S35,0.8912280732965664,0.8898964597046789,0.8748936132360791,0.010358822420640101,0.01314130579266385,0.013519063924549433
ID_32HYGC,0.7966835082725494,0.7538055506137699,0.7701400106742572,0.002470091861934391,0.003962109773852643,0.004527537010045145
ID_Y0V0Q8,0.9207011207970113,0.8910505248176481,0.9033013698630137,0.030134692765653778,0.030134692765653778,0.030342269185856856
ID_VEHMX4,0.36497438178260094,0.23784967087706813,0.221692759295499,0.000521275637671076,0.0011100661156681333,0.0011100661156681333
ID_B8VB2S,0.7966835082725494,0.6181585127201565,0.6136310265077388,0.002179946928799888,0.002179946928799888,0.0023264129369109793
ID_YU423E,0.36497438178260094,0.23784967087706813,0.221692759295499,0.0005199132819316418,0.0010949770252667232,0.0010949770252667232
ID_NYYJM9,0.36497438178260094,0.23784967087706813,0.221692759295499,0.0005226014119074493,0.0011013155705545945,0.0011013155705545945
ID_WP14OU,0.36497438178260094,0.23784967087706813,0.221692759295499,0.0005201228851102335,0.0007252860610191069,0.0007252860610191069
ID_XDWYCC,0.737293542074364,0.7234447607187333,0.7426199964419142,0.0020220079266436855,0.0050122709076236005,0.005828297857524269
ID_H0ZGLY,0.9572761074541897,0.9643780466109233,0.9588740437644547,0.11169966862345183,0.14319853846090033,0.14843441621727832
ID_BEKEYZ,0.7966835082725494,0.7539830990926881,0.7701400106742572,0.002479274350287023,0.0039634926552328305,0.004537467694870473
ID_JB2Y8O,0.9888797367016545,0.9871042519124711,0.9885246397438179,0.34991350115073916,0.386616386888348,0.5820415476281254
ID_FO98FY,0.9372131293364171,0.9645555950898417,0.9704146948941469,0.06890541156652859,0.13588561866254725,0.1577095566914586
ID_JGO3WB,0.36497438178260094,0.23784967087706813,0.221692759295499,0.0005192375187791951,0.0011178459840381404,0.0011178459840381404
ID_MENRNK,0.36497438178260094,0.23784967087706813,0.221692759295499,0.0005192375187791951,0.001118087111800684,0.001118087111800684
ID_60PIJY,0.36497438178260094,0.23784967087706813,0.221692759295499,0.0005192375187791951,0.001118087111800684,0.001118087111800684
ID_N05EO9,0.9189256360078277,0.885280199252802,0.8965545276641167,0.02422573931082282,0.02422573931082282,0.02422573931082282
ID_GO6AEU,0.36497438178260094,0.23784967087706813,0.221692759295499,0.0005192375187791951,0.0011186202660471338,0.0011186202660471338
ID_V8O1QV,0.9114685998932575,0.9187480875289095,0.9160848603451343,0.01540549818269808,0.01844584381705802,0.020057657736962775
ID_Z5Q2AH,0.7362282512008539,0.7016062978117772,0.7317895392278955,0.0020076818163248934,0.004503657222448027,0.0056272919375641725
ID_84O0XR,0.8795098736879559,0.8682355452766412,0.8626427681907134,0.008424751711472589,0.011186080903268648,0.0128959866314343
ID_G5ULLS,0.7966835082725494,0.7541606475716065,0.7708502045899307,0.0024825745698733325,0.003982529001257135,0.004539113374762425
ID_UQLI5V,0.36497438178260094,0.23784967087706813,0.221692759295499,0.000521275637671076,0.0011107303817072818,0.0011107303817072818
ID_P5TQAL,0.8309503647037894,0.8195872620530156,0.8151485500800569,0.003466287714281703,0.00431373286001655,0.00431373286001655
ID_DNX620,0.8603346379647749,0.8458644369329301,0.8329921722113502,0.0046248813798547995,0.00608348116842384,0.006482191316911354
ID_7JV87P,0.36497438178260094,0.23784967087706813,0.221692759295499,0.000521275637671076,0.0011111140997337279,0.0011111140997337279
ID_A23KNJ,0.36497438178260094,0.23784967087706813,0.221692759295499,0.0005363908568425816,0.0011135896337612307,0.0011135896337612307
ID_KNF9P6,0.8074251912471091,0.7771531755915317,0.8029864792741505,0.003451192990093113,0.004714449138869419,0.005697001102479382
ID_MMVYLE,0.36497438178260094,0.23784967087706813,0.221692759295499,0.0005629086882262944,0.0011066174988017632,0.0011066174988017632
ID_GFGI4F,0.36497438178260094,0.23784967087706813,0.221692759295499,0.0005192375187791951,0.0011186744879110033,0.0011186744879110033
ID_I8FAWN,0.36497438178260094,0.23784967087706813,0.221692759295499,0.000521275637671076,0.0011119745011174994,0.0011119745011174994
ID_42E5J9,0.36497438178260094,0.23784967087706813,0.221692759295499,0.0005192375187791951,0.0011189572633833573,0.0011189572633833573
ID_8QIBGT,0.9812451521081658,0.986038961038961,0.9897674790962462,0.30368766989924806,0.46888416752382417,0.62846989095716
ID_AV3PSZ,0.912800213485145,0.880042519124711,0.8835934887030777,0.021867653973324432,0.021867653973324432,0.021867653973324432
ID_NJNVR3,0.36497438178260094,0.23784967087706813,0.221692759295499,0.0005192375187791951,0.0011193667679651627,0.0011193667679651627
ID_C1X1NC,0.7362282512008539,0.6807443515388721,0.7220243728873865,0.002006716113922349,0.0041875795671705695,0.00542305970539268
ID_1AT9KW,0.36497438178260094,0.23784967087706813,0.221692759295499,0.0005266095757946459,0.0011018598247444873,0.0011018598247444873
ID_TXM3UJ,0.9256724782067248,0.9063196940046255,0.9047217576943605,0.031210459052246037,0.031210459052246037,0.031210459052246037
ID_AQNPGS,0.747680128091087,0.7708502045899307,0.7775970467888276,0.002887060420330038,0.008669181644814408,0.010262028936315724
ID_VQ7W0A,0.8408043052837573,0.8516347624977763,0.8590917986123465,0.00558109114971817,0.009476668347261451,0.011346723933796316
ID_PP9RGH,0.36497438178260094,0.23784967087706813,0.221692759295499,0.0005176501408259986,0.0010571684264815025,0.0010571684264815025
ID_CCQCPK,0.9562108165806796,0.9642004981320049,0.9709473403309019,0.11897335031595724,0.14458578565533994,0.1905889975569631
ID_K3NMVQ,0.36497438178260094,0.23784967087706813,0.221692759295499,0.000521275637671076,0.0011120633132518988,0.0011120633132518988
ID_XRKPXN,0.8100884184308842,0.6652088596335172,0.6554436932930083,0.0024404310785700683,0.0024404310785700683,0.0026254913125369978
ID_Z26KY5,0.8030752535136096,0.7942866038071518,0.7929549902152642,0.002745234468590847,0.004951431444439695,0.00547369942370254
ID_IVLEST,0.36497438178260094,0.23784967087706813,0.221692759295499,0.00048155514113153874,0.0007443224370990687,0.0007443224370990687
ID_0J1LF5,0.36497438178260094,0.5023969044653975,0.483399217221135,0.0005501680875910119,0.0011678443542459083,0.0012366798482559738
ID_6UN1T6,0.36497438178260094,0.5060366482832237,0.4858848959259918,0.0005511877111822924,0.001201674689002927,0.0012708154124918278
ID_K2FMPI,0.36497438178260094,0.23784967087706813,0.221692759295499,0.0004658285239118739,0.000745728928066179,0.000745728928066179
ID_FM755F,0.8603346379647749,0.8509245685821029,0.9364141611812844,0.007109827871080699,0.0100779506730888,0.08520200702379357
ID_XRDXXZ,0.8422246931151042,0.8163913894324853,0.8693896103896104,0.004211488741297206,0.005274495642897032,0.01262341477258704
ID_OOT7EU,0.36497438178260094,0.23784967087706813,0.221692759295499,0.00045598408047512254,0.0007132373826101521,0.0007132373826101521
ID_2IAGXT,0.36497438178260094,0.5104753602561821,0.48908076854652194,0.0005693909720242945,0.0012161586479448728,0.001294803237917702
ID_TVWIUG,0.36497438178260094,0.23784967087706813,0.221692759295499,0.0004924783029320975,0.0008073954491313943,0.0008073954491313943
ID_WZNIA5,0.36497438178260094,0.23784967087706813,0.221692759295499,0.000455907887939507,0.000712371648571289,0.000712371648571289
ID_4UD817,0.8309503647037894,0.8028089307952322,0.8654835438534069,0.0037784967221273606,0.004440505604616162,0.012551689909028113
ID_Y8QP8D,0.36497438178260094,0.23784967087706813,0.221692759295499,0.000448664311568669,0.0007161236313246681,0.0007161236313246681
ID_MVMMZ5,0.36497438178260094,0.23784967087706813,0.221692759295499,0.0004916362341394402,0.000799557096141601,0.000799557096141601
ID_DMI52X,0.36497438178260094,0.23784967087706813,0.221692759295499,0.0004658285239118739,0.0007457714812775929,0.0007457714812775929
ID_CAFKO7,0.36497438178260094,0.23784967087706813,0.221692759295499,0.0004920762687019067,0.0007351254197718961,0.0007351254197718961
ID_7N507C,0.36497438178260094,0.23784967087706813,0.221692759295499,0.00046508358995065645,0.0007149393485386222,0.0007149393485386222
ID_54A9SS,0.8857240704500978,0.86299786514855,0.9057870485678704,0.007282972831283145,0.009526300040584914,0.022787495593945998
ID_0USD12,0.36497438178260094,0.23784967087706813,0.221692759295499,0.00045089955364226153,0.0007119524672809682,0.0007119524672809682
ID_RPZ22Z,0.36497438178260094,0.23784967087706813,0.221692759295499,0.0004498105329141234,0.0007117715881209025,0.0007117715881209025
ID_ST1G3A,0.36497438178260094,0.23784967087706813,0.221692759295499,0.0004715893564197757,0.0007496446592349926,0.0007496446592349926
ID_R653PC,0.36497438178260094,0.23784967087706813,0.221692759295499,0.00046635137177648275,0.0007496811122375003,0.0007496811122375003
ID_MXKXHH,0.36497438178260094,0.23784967087706813,0.221692759295499,0.000448664311568669,0.0007161236313246681,0.0007161236313246681
ID_EBHVGH,0.36497438178260094,0.23784967087706813,0.221692759295499,0.0004916362341394402,0.0007996182396547571,0.0007996182396547571
ID_UTUSKA,0.36497438178260094,0.23784967087706813,0.221692759295499,0.0004645884236393823,0.0007484573964180094,0.0007484573964180094
ID_QXI7WO,0.36497438178260094,0.5006214196762142,0.48251147482654333,0.0005511917523131618,0.0011576424105090434,0.0012018568555053385
ID_JUWIIQ,0.36497438178260094,0.23784967087706813,0.221692759295499,0.0004920666630851835,0.0008026119977944454,0.0008026119977944454
ID_KG679D,0.36497438178260094,0.23784967087706813,0.221692759295499,0.0004658285239118739,0.0007457714812775929,0.0007457714812775929
ID_0SBJWI,0.36497438178260094,0.23784967087706813,0.221692759295499,0.0004645884236393823,0.0007485702651753844,0.0007485702651753844
ID_BZ3FXA,0.8950453655933108,0.8912280732965664,0.949108877423946,0.010108811885627957,0.016154632701455635,0.13816152148966848
ID_HUWRBN,0.36497438178260094,0.5007989681551325,0.48277779754492084,0.0005512067048621231,0.0011582507743818284,0.0012019018645703517
ID_REHHGY,0.36497438178260094,0.23784967087706813,0.221692759295499,0.000448664311568669,0.0007161236313246681,0.0007161236313246681
ID_PMEGO0,0.36497438178260094,0.23784967087706813,0.221692759295499,0.0004658285239118739,0.0007457714812775929,0.0007457714812775929
ID_IL6LSS,0.36497438178260094,0.5100314890588863,0.49121135029354207,0.0005691170653697565,0.0012313126966193673,0.0013399464408663528
ID_PHPRJV,0.36497438178260094,0.23784967087706813,0.221692759295499,0.0005419405186932217,0.0008582930225217383,0.0008582930225217383
ID_YZPT9I,0.36497438178260094,0.23784967087706813,0.221692759295499,0.0010907894833276069,0.00114231365887337,0.0011929773229469459
ID_INX5GB,0.36497438178260094,0.23784967087706813,0.221692759295499,0.0007346332578459759,0.0009446911137050877,0.0009446911137050877
ID_SWPYGT,0.9121787938089307,0.8982412382138409,0.9216776374310621,0.020273224159214884,0.030153002596216477,0.07262294984251923
ID_FJI00V,0.8950453655933108,0.8635305105853052,0.9107584059775841,0.012132989127083263,0.014949284916408795,0.06070029039956873
ID_IEX2UL,0.9162624088240526,0.9072074363992172,0.9137767301191959,0.019910006401521744,0.0335362140591288,0.05580507935913624
ID_0O39EX,0.9088053727094824,0.9224766055861946,0.9111135029354207,0.011593801004285031,0.043847179732673165,0.043847179732673165
ID_S4XD8H,0.36497438178260094,0.23784967087706813,0.221692759295499,0.0007228512875192642,0.0009326618156645428,0.0009326618156645428
ID_T922CM,0.9693494040206369,0.9744983099092688,0.9903001245330012,0.21393784657109152,0.27823082724102094,0.749084399312683
ID_IZKU1L,0.36497438178260094,0.23784967087706813,0.221692759295499,0.000819991101628288,0.0009216942366703906,0.0009216942366703906
ID_HT4WWZ,0.36497438178260094,0.23784967087706813,0.221692759295499,0.0007499673570958381,0.000964558546900422,0.000964558546900422
ID_N57ZY0,0.9281581569115817,0.9166175057818894,0.9130665362035225,0.03576287063909436,0.04301641616237731,0.047268317938984686
ID_97YIMP,0.36497438178260094,0.23784967087706813,0.221692759295499,0.0007511556299951953,0.0009649127018458503,0.0009649127018458503
ID_D51DKG,0.9101369863013699,0.9001054972424836,0.8969096246219534,0.01418299697483297,0.018813785804060384,0.023617632803607274
ID_8DBGRU,0.9104920832592065,0.9222990571072763,0.9082727272727272,0.012079452421827114,0.043537988192750496,0.043537988192750496
ID_9CQJQW,0.9092492439067782,0.922654154065113,0.9112910514143391,0.01168575523022399,0.04387013370949951,0.04387013370949951
ID_DZTIC5,0.917505248176481,0.8973534958192492,0.9162624088240526,0.020259168252351738,0.02230253292994202,0.05942882231988821
ID_RT2NGQ,0.7612625867283401,0.5343556306706991,0.5178436221312933,0.0015563887791911473,0.0015563887791911473,0.001625937004603303
ID_3TV8X9,0.9101369863013699,0.9082727272727272,0.922121508628358,0.015093973720834075,0.028794520815160016,0.06709614586696754
ID_JSJFMM,0.9177715708948586,0.8976198185376267,0.916439957302971,0.020273224159214884,0.022346313998120208,0.05967422420121592
ID_U7DE1J,0.36497438178260094,0.23784967087706813,0.221692759295499,0.0007869436880870098,0.0009528924123901497,0.0009528924123901497
ID_QYPSZ8,0.36497438178260094,0.23784967087706813,0.221692759295499,0.000734925479749096,0.0009446911137050877,0.0009446911137050877
ID_HXWPHV,0.36497438178260094,0.23784967087706813,0.221692759295499,0.0007231513123131761,0.0009218283764295498,0.0009218283764295498
ID_4XJUM7,0.36497438178260094,0.23784967087706813,0.221692759295499,0.0007732628240941608,0.000940937139149817,0.000940937139149817
ID_OOZOIL,0.36497438178260094,0.23784967087706813,0.221692759295499,0.001093576744810321,0.001134603152132904,0.0011600408233079277
ID_95I388,0.36497438178260094,0.23784967087706813,0.221692759295499,0.001091303862599315,0.001142597852228995,0.0011942811756800434
ID_Z9ECXM,0.36497438178260094,0.23784967087706813,0.221692759295499,0.0007733458372000905,0.0009414632647720358,0.0009414632647720358
ID_VJMSAU,0.36497438178260094,0.23784967087706813,0.221692759295499,0.001093576744810321,0.001134603152132904,0.001160656530313553
ID_2SWR73,0.36497438178260094,0.23784967087706813,0.221692759295499,0.0007800327450770817,0.0009345381916429059,0.0009345381916429059
ID_KEQHOC,0.36497438178260094,0.23784967087706813,0.221692759295499,0.0008322151012574512,0.0009424581133518182,0.0009424581133518182
ID_59TJN8,0.36497438178260094,0.23784967087706813,0.221692759295499,0.001093576744810321,0.001134603152132904,0.0011619424225179848
ID_Y9ZQLU,0.36497438178260094,0.23784967087706813,0.221692759295499,0.0010918081631273197,0.0011426126406818191,0.0011954764461512806
ID_KH6UO0,0.36497438178260094,0.23784967087706813,0.221692759295499,0.0010920737814005589,0.0011431331679860666,0.0011962152777927665
ID_RSQVI7,0.36497438178260094,0.23784967087706813,0.221692759295499,0.0004723266658831172,0.0007739661867224634,0.0007739661867224634
ID_539EVX,0.36497438178260094,0.23784967087706813,0.221692759295499,0.000754172606143775,0.0009495597717413114,0.0009495597717413114
ID_BI2VMU,0.9123563422878491,0.8985075609322185,0.9216776374310621,0.0202879618328338,0.030343436322103675,0.07334475744902075
ID_4D3I04,0.36497438178260094,0.23784967087706813,0.221692759295499,0.0007228512875192642,0.0009331303227769595,0.0009331303227769595
ID_U45SXA,0.916439957302971,0.9073849848781356,0.9139542785981143,0.019929089536451436,0.03357386538344963,0.05602223106037643
ID_4JPZY9,0.912800213485145,0.898773883650596,0.9216776374310621,0.02061955386605864,0.031142055890552595,0.07348732217127547
ID_EMQNRZ,0.9166175057818894,0.907562533357054,0.9141318270770326,0.019930134677158175,0.03362133461480638,0.05630265242857002
ID_LP9JYH,0.36497438178260094,0.23784967087706813,0.44265184130937557,0.0011810986237938482,0.0012163219710742664,0.0012664872304242619
ID_XBNGOR,0.36497438178260094,0.23784967087706813,0.221692759295499,0.0007719127725836702,0.000913075954312543,0.000913075954312543
ID_6P6UZG,0.9070298879202988,0.898773883650596,0.9233643479807864,0.012221246092856554,0.021363694976317148,0.06862195266488738
ID_EVADQD,0.36497438178260094,0.23784967087706813,0.221692759295499,0.0007800327450770817,0.0009355721489890652,0.0009355721489890652
ID_STBPWO,0.36497438178260094,0.23784967087706813,0.221692759295499,0.0007228512875192642,0.000933651289257863,0.000933651289257863
ID_XU7MY3,0.7597534246575343,0.5281414339085572,0.5072794876356521,0.0014825575100527572,0.0014825575100527572,0.0015114286329404242
ID_UE54M8,0.36497438178260094,0.23784967087706813,0.221692759295499,0.0007254831788616908,0.0009294058788746839,0.0009294058788746839
ID_0NEC9T,0.7615289094467177,0.5345331791496175,0.5180211706102117,0.0015575861934539505,0.0015575861934539505,0.0016264072322695988
ID_2MDCUV,0.36497438178260094,0.23784967087706813,0.221692759295499,0.0007308562962537642,0.0009428803898117158,0.0009428803898117158
ID_BXXMB9,0.9167950542608077,0.9077400818359722,0.9143093755559509,0.01995353782846339,0.03390111592364265,0.05633879189740663
ID_F4K9RH,0.36497438178260094,0.23784967087706813,0.221692759295499,0.0007869436880870098,0.0009435147668288908,0.0009435147668288908
ID_YC2PUL,0.36497438178260094,0.23784967087706813,0.221692759295499,0.0010929880338988558,0.001143577917523515,0.0011980476517569716
ID_Q3GQZC,0.36497438178260094,0.23784967087706813,0.221692759295499,0.0007231737948840087,0.0009222148867820971,0.0009222148867820971
ID_8R80X6,0.36497438178260094,0.23784967087706813,0.221692759295499,0.0007232559557823102,0.0009230420134884801,0.0009230420134884801
ID_1IESDO,0.36497438178260094,0.23784967087706813,0.221692759295499,0.0007499673570958381,0.0009414632647720358,0.0009414632647720358
ID_EQG3A7,0.9061421455257072,0.8977973670165451,0.920612346557552,0.012208953200824112,0.020653050935507598,0.06225506395052566
ID_JMND8O,0.36497438178260094,0.23784967087706813,0.221692759295499,0.0004716442860974784,0.0007982657972252425,0.0007982657972252425
ID_DNU0QM,0.36497438178260094,0.23784967087706813,0.45268333036826186,0.001151712078604787,0.0012490083993167086,0.0013466356777853813
ID_5UJIQ7,0.36497438178260094,0.23784967087706813,0.221692759295499,0.0011683050856379008,0.001177403514909997,0.0012070416040313348
ID_DGWKWK,0.36497438178260094,0.23784967087706813,0.221692759295499,0.0007571766441370605,0.0009496591929486653,0.0009496591929486653
ID_8Y16EG,0.36497438178260094,0.23784967087706813,0.221692759295499,0.0007733458372000905,0.0009414632647720358,0.0009414632647720358
ID_QCEB9N,0.36497438178260094,0.23784967087706813,0.221692759295499,0.0007353508923118058,0.0009516532196080224,0.0009516532196080224
ID_IB3VU7,0.36497438178260094,0.23784967087706813,0.221692759295499,0.0007515287978441761,0.0009652651983892979,0.0009652651983892979
ID_OFXODK,0.36497438178260094,0.23784967087706813,0.221692759295499,0.0010929880338988558,0.0011437115188953652,0.001199556133215765
ID_1CMCRH,0.36497438178260094,0.23784967087706813,0.221692759295499,0.0007785622270614749,0.0009570338680721761,0.0009570338680721761
ID_3RH6TN,0.36497438178260094,0.23784967087706813,0.221692759295499,0.0010949217619544817,0.0011349070979779113,0.001162082115595079
ID_7HH5IO,0.36497438178260094,0.4789605052481765,0.4667096602028109,0.0008997964974030427,0.0011123272314239939,0.0011178459840381404
ID_BOVCXK,0.36497438178260094,0.23784967087706813,0.221692759295499,0.0007254831788616908,0.0009657667417354507,0.0009657667417354507
ID_DYZZ59,0.36497438178260094,0.23784967087706813,0.221692759295499,0.0007733458372000905,0.0009414632647720358,0.0009414632647720358
ID_752ORM,0.36497438178260094,0.23784967087706813,0.221692759295499,0.0007515287978441761,0.0009657667417354507,0.0009657667417354507
ID_BWW8DE,0.36497438178260094,0.23784967087706813,0.221692759295499,0.001189323151050827,0.0011910284824604071,0.0012412988403956305
ID_2J1VXU,0.36497438178260094,0.23784967087706813,0.221692759295499,0.0007713835105431334,0.0009298706288923806,0.0009298706288923806
ID_895UNA,0.36497438178260094,0.23784967087706813,0.221692759295499,0.0007713835105431334,0.0009307666534510908,0.0009307666534510908
ID_BF9GRX,0.916972602739726,0.9079176303148906,0.9144869240348692,0.019967839331525163,0.0340980141387935,0.05686514539836919
ID_S7XMZ6,0.36497438178260094,0.23784967087706813,0.221692759295499,0.0008075271418762836,0.0009957832746665394,0.0009957832746665394
ID_Q2MLKE,0.36497438178260094,0.23784967087706813,0.221692759295499,0.0008253585373454653,0.0009427167708324834,0.0009427167708324834
ID_T3NEEY,0.36497438178260094,0.23784967087706813,0.221692759295499,0.0007839501816794758,0.0009516532196080224,0.0009516532196080224
ID_C2YB30,0.36497438178260094,0.23784967087706813,0.221692759295499,0.0009287837742033172,0.0010752185156288063,0.0010752185156288063
ID_5RJHPE,0.36497438178260094,0.23784967087706813,0.221692759295499,0.0011298590998446054,0.0011400426557571894,0.0011529756184839486
ID_0NKOI7,0.9171501512186444,0.908095178793809,0.9146644725137876,0.020098514526705975,0.0340980141387935,0.05699664690705557
ID_07AJO5,0.36497438178260094,0.23784967087706813,0.221692759295499,0.0010952175874076047,0.0011349645299717766,0.0011626530676129099
ID_6UV94Z,0.36497438178260094,0.23784967087706813,0.221692759295499,0.0007709282839155883,0.0009531571539709859,0.0009531571539709859
ID_TVDDBE,0.36497438178260094,0.23784967087706813,0.221692759295499,0.0008161003684125475,0.000933651289257863,0.000933651289257863
ID_876BNL,0.9183929905710727,0.9191031844867462,0.9089829211884006,0.015214527758876162,0.0165681280406448,0.017660492881986158
ID_HDUN96,0.8309503647037894,0.840626756804839,0.8319268813378403,0.0028783079085349258,0.006055962057675959,0.007244193354450529
ID_O7XCVA,0.8469297278064402,0.8458644369329301,0.8419583703967266,0.0037959146898469695,0.0069238485394628145,0.009813850112312016
ID_HN3Q2B,0.7538055506137699,0.7829235011563779,0.7795500800569294,0.0012584542260865106,0.004204796510467125,0.0052461880372825665
ID_43WX04,0.36497438178260094,0.23784967087706813,0.221692759295499,0.0005253578340287718,0.0011040209627746977,0.0011040209627746977
ID_18QI1A,0.847373599003736,0.9238082191780822,0.9166175057818894,0.012132989127083263,0.059164873158829526,0.084324441030335
ID_LZIJWN,0.36497438178260094,0.23784967087706813,0.45215068493150684,0.0008378883091376455,0.0012742253961857514,0.001343781952390693
ID_A8HYQ6,0.36497438178260094,0.23784967087706813,0.221692759295499,0.0005283275204500223,0.0011071592060404435,0.0011071592060404435
ID_FE5SES,0.36497438178260094,0.23784967087706813,0.221692759295499,0.0005359093445567944,0.001131605414111825,0.001136758805983322
ID_YVKYBF,0.36497438178260094,0.23784967087706813,0.221692759295499,0.0004964540201186217,0.001102776818553654,0.001102776818553654
ID_ML1SA5,0.36497438178260094,0.6115004447607187,0.5885966909802526,0.0006338998755109765,0.0020106103580493605,0.0020773017575997314
ID_DBPJBC,0.36497438178260094,0.23784967087706813,0.221692759295499,0.0008454367883396774,0.0012102080237837633,0.0012627092390163398
ID_Q51LM9,0.36497438178260094,0.7829235011563779,0.7657012987012988,0.001268914109996289,0.006441400923716703,0.007233015583091564
ID_KSCMRK,0.8191433908557196,0.8640631560220601,0.8985075609322185,0.003281949927119423,0.010292997554858543,0.04415992490467366
ID_YBTPCY,0.36497438178260094,0.6115004447607187,0.5888630136986301,0.0006338998755109765,0.0020106103580493605,0.0020777905393913987
ID_9HS5DB,0.36497438178260094,0.7687196228429105,0.7397792207792208,0.0008808192991706657,0.0029327875417920197,0.00306678567307871
ID_8GOXK3,0.36497438178260094,0.23784967087706813,0.221692759295499,0.0005481374177727341,0.001093983446021471,0.001093983446021471
ID_PP01G2,0.36497438178260094,0.6023566980964241,0.5853120441202633,0.0006000832422228217,0.0018763179313213258,0.0019725674577136176
ID_R4LUTD,0.7312568937911403,0.7577116171499734,0.7271732787760185,0.0009420484020091104,0.002792994766927138,0.002885925647281981
ID_QD9ZYZ,0.36497438178260094,0.7688971713218289,0.7403118662159758,0.0008808192991706657,0.0029333844360631064,0.00306678567307871
ID_9A3RGH,0.36497438178260094,0.6046648283223626,0.5815835260629781,0.0005888637655420504,0.0020037150970763358,0.00209090134431066
ID_9SL27X,0.36497438178260094,0.7587769080234833,0.7301916029176303,0.0008901212325125703,0.0028683543769279264,0.0029964778862778085
ID_1JDULR,0.7312568937911403,0.7722705924212774,0.7451944493862301,0.0009007054295054787,0.0029623896550415867,0.0030986550151880536
ID_NPK8WH,0.36497438178260094,0.6195789005515032,0.5988057285180572,0.0006069771193950573,0.0021572190636736425,0.0022049027431641248
ID_UIQ2M6,0.36497438178260094,0.8534102472869596,0.8686794164739371,0.0015720873111616006,0.010230296068322332,0.024689253007472087
ID_KZ7WF1,0.36497438178260094,0.23784967087706813,0.221692759295499,0.000928633027909581,0.0011782456072062862,0.0012137862601368024
ID_SL826W,0.36497438178260094,0.6067954100693828,0.6030668920120975,0.0005991579875946468,0.0020037150970763358,0.002163357608049397
ID_JU38M1,0.36497438178260094,0.5535308663938802,0.5273424657534247,0.0005287174183380213,0.0016610221759146503,0.0017273451181448872
ID_2ESPZK,0.7298365059597937,0.7636594911937378,0.7360507027219356,0.0009162700921267722,0.0029211781501136424,0.0030494578187572926
ID_K2YFYU,0.7514086461483721,0.8970871731008717,0.8909617505781888,0.004079721666605769,0.050039290713788855,0.0715737667493729
ID_TBP5FU,0.36497438178260094,0.23784967087706813,0.221692759295499,0.0006032667849025827,0.0011732537791144812,0.0011999514457999413
ID_35L0LZ,0.36497438178260094,0.23784967087706813,0.221692759295499,0.0005054822452283838,0.0011248118873326848,0.0011248118873326848
ID_Y4KXQM,0.36497438178260094,0.23784967087706813,0.221692759295499,0.0005073386413968797,0.0011124986127896508,0.0011124986127896508
ID_DN79ZG,0.36497438178260094,0.23784967087706813,0.221692759295499,0.0005548912326815337,0.001119426654107454,0.001119426654107454
ID_3SXP9A,0.36497438178260094,0.853587795765878,0.8690345134317737,0.0015755110782209273,0.010230527041721109,0.02480865273453767
ID_2V2H8G,0.36497438178260094,0.23784967087706813,0.221692759295499,0.0005178258486324946,0.0011282389347597858,0.001129174670364567
ID_X49G2U,0.36497438178260094,0.23784967087706813,0.221692759295499,0.0005796064426156907,0.0011757758323031565,0.001203321208644946
ID_7R2JHD,0.36497438178260094,0.23784967087706813,0.4523282334104252,0.0007881610182734344,0.001276432566294764,0.00134392418629242
ID_I79GFF,0.8991289806084327,0.8728518057285181,0.8558959259918164,0.009478156274490982,0.011206242255768906,0.012384286777259577
ID_ZC1AQA,0.36497438178260094,0.7719154954634406,0.7419098025262408,0.0008982285235514147,0.0030484198118720155,0.0031330255528879787
ID_D5ZZFS,0.36497438178260094,0.23784967087706813,0.44416100338018144,0.0005971399371701388,0.001227738148724095,0.0012794468221940382
ID_OJKN2W,0.7498994840775663,0.8924709126489948,0.8882097491549547,0.003707539503294833,0.04824706109825623,0.0702254158267349
ID_B2Z1PP,0.8991289806084327,0.8728518057285181,0.8566948941469489,0.009482577984598856,0.011209646436590425,0.012384286777259577
ID_T7A33E,0.36497438178260094,0.23784967087706813,0.221692759295499,0.0005654570050724782,0.0011308662069224287,0.0011351680983433558
ID_DL8DPL,0.36497438178260094,0.23784967087706813,0.221692759295499,0.0004978941815201573,0.0010967115826410242,0.0010967115826410242
ID_7IE517,0.36497438178260094,0.23784967087706813,0.221692759295499,0.000551365873035798,0.0011159792352797237,0.0011159792352797237
ID_KV3UHT,0.36497438178260094,0.8521674079345312,0.8683243195161003,0.0016139711613252774,0.010130074750397315,0.02596198159501729
ID_GY618Y,0.750254581035403,0.8926484611279132,0.888387297633873,0.0037141689203726153,0.04936136471449615,0.07034035565528553
ID_7IHCZE,0.36497438178260094,0.23784967087706813,0.221692759295499,0.0004968352086436098,0.0011239993642276533,0.0011239993642276533
ID_L41OWZ,0.36497438178260094,0.23784967087706813,0.221692759295499,0.0005042496911089138,0.0011077240630232327,0.0011077240630232327
ID_B2UV3T,0.36497438178260094,0.23784967087706813,0.221692759295499,0.00057969648402529,0.0011758103947247887,0.001204281598246481
ID_T8EQ3F,0.36497438178260094,0.5434106030955346,0.5185538160469667,0.0005181882614672075,0.001586456007880156,0.0016067300832301795
ID_ZW0DVE,0.36497438178260094,0.23784967087706813,0.221692759295499,0.0008115610664100791,0.001168784071268923,0.0011901449768791225
ID_SSS3KA,0.36497438178260094,0.6115004447607187,0.5922364347980786,0.0006412733883258551,0.0019641711636190383,0.002034102648121249
ID_D4HDFD,0.36497438178260094,0.23784967087706813,0.221692759295499,0.0005589075612391726,0.0011282389347597858,0.001131992796689501
ID_T6ZYQU,0.36497438178260094,0.23784967087706813,0.4462915851272015,0.0009037124402503987,0.0012421628934860273,0.0013119966951052793
ID_DWK7UW,0.36497438178260094,0.23784967087706813,0.221692759295499,0.000525368285557877,0.0010478660806418998,0.0010478660806418998
ID_RUJKIR,0.36497438178260094,0.23784967087706813,0.44966500622665007,0.0009074237881217421,0.0012598972006287255,0.0013291492396895056
ID_0SN05S,0.36497438178260094,0.7587769080234833,0.7301916029176303,0.0008912214006937463,0.0028709607148113296,0.0029964778862778085
ID_A6J8PW,0.36497438178260094,0.8518123109766945,0.8710763209393346,0.001588684750167756,0.00991097012039167,0.028028639381932192
ID_GH8L5Y,0.36497438178260094,0.23784967087706813,0.45037520014232346,0.0010310564124811033,0.001265244509142759,0.001334567443035193
ID_TRDBZE,0.36497438178260094,0.23784967087706813,0.221692759295499,0.0008408196155748576,0.0011752176354441087,0.0012011214896726992
ID_O3H4R1,0.36497438178260094,0.23784967087706813,0.221692759295499,0.0004970612544034077,0.0010477239415157128,0.0010477239415157128
ID_TGLP6W,0.36497438178260094,0.23784967087706813,0.221692759295499,0.0005065349237856325,0.0011085073604406213,0.0011085073604406213
ID_1SXWML,0.36497438178260094,0.23784967087706813,0.221692759295499,0.0005895676074678697,0.001168575826227171,0.0011898631245383547
ID_91OUIW,0.36497438178260094,0.8521674079345312,0.8683243195161003,0.0016157753910965985,0.010178114006510603,0.02605255847442697
ID_1N0WJJ,0.7504321295143213,0.893092332325209,0.8885648461127913,0.00373003892172487,0.04959049842912148,0.07081700870563187
ID_UTMX3S,0.36497438178260094,0.23784967087706813,0.221692759295499,0.0005228058178662611,0.0011021542451206897,0.0011021542451206897
ID_SP2RUN,0.36497438178260094,0.5516666073652375,0.5226374310620886,0.0006166620511015993,0.0016531872367126573,0.001692894485949585
ID_ZU20XJ,0.36497438178260094,0.6186911581569116,0.5978292118840064,0.0006182848412416606,0.0021603270987648783,0.0022073491697398246
ID_H6JGLH,0.36497438178260094,0.23784967087706813,0.221692759295499,0.0005431853565950574,0.0011151571691890305,0.0011151571691890305
ID_8IHXOY,0.36497438178260094,0.23784967087706813,0.221692759295499,0.0009857023939416408,0.0012028836440407663,0.001248441112075797
ID_4VK4NE,0.36497438178260094,0.23784967087706813,0.221692759295499,0.0004959997306954464,0.0011051597596037448,0.0011051597596037448
ID_I71IWR,0.36497438178260094,0.7587769080234833,0.7307242483543853,0.0008912214006937463,0.0028719262152808824,0.0029967549365950102
ID_C368SW,0.36497438178260094,0.8537653442447962,0.8690345134317737,0.0015770284395397204,0.010251986904824154,0.025156380776688348
ID_VT6L20,0.36497438178260094,0.23784967087706813,0.221692759295499,0.0005298890682883304,0.0010974670396314307,0.0010974670396314307
ID_6XBTY9,0.36497438178260094,0.23784967087706813,0.221692759295499,0.0005162341263732754,0.0011421011134445148,0.0011562800936637258
ID_UIEG1P,0.36497438178260094,0.23784967087706813,0.221692759295499,0.0007795146130911843,0.0012005373061114712,0.0012453873576861588
ID_9HR4BX,0.36497438178260094,0.23784967087706813,0.221692759295499,0.0005805322604582473,0.0011549504343530157,0.001178591686392159
ID_OPWJP4,0.36497438178260094,0.23784967087706813,0.221692759295499,0.0007492245445809701,0.001202930508192863,0.001249402761886117
ID_1KUZ5C,0.36497438178260094,0.8312166874221669,0.8269555239281267,0.0008406085042871757,0.007037890765200024,0.010354998930331899
ID_KBW7CU,0.8991289806084327,0.8720528375733855,0.8584703789361323,0.00873765784842072,0.010292997554858543,0.011303212640512053
ID_2ILIQY,0.36497438178260094,0.604842376801281,0.5818498487813556,0.0005889643496605868,0.0020049534163015,0.002094671528908752
ID_KFS68B,0.36497438178260094,0.23784967087706813,0.221692759295499,0.0007787340127774638,0.001197349544236067,0.0012432252702793793
ID_8P12DQ,0.817723003024373,0.8699222558263654,0.8989514321295143,0.003258842435771089,0.011453420521128903,0.04037562285889877
ID_J3426Q,0.36497438178260094,0.6050199252801992,0.5818498487813556,0.0005892174342548014,0.0020049534163015,0.0020953905250445694
ID_2TM2XS,0.36497438178260094,0.23784967087706813,0.221692759295499,0.0005671018495002583,0.0011338444719193098,0.0011424317175986031
ID_8CHBZO,0.36497438178260094,0.8539428927237147,0.8690345134317737,0.001580199545260812,0.010254343874167791,0.025211239899513863
ID_F6CFLR,0.36497438178260094,0.833347269169187,0.8057384806973849,0.0009175570590382917,0.00996803533191088,0.00996803533191088
ID_WEUPHB,0.36497438178260094,0.606972958548301,0.6030668920120975,0.0005992468105423775,0.0020037150970763358,0.002164536163411882
ID_T9CUR2,0.36497438178260094,0.23784967087706813,0.221692759295499,0.0005797563048058716,0.0011773712267359902,0.0012045196509711796
ID_6NT1J7,0.36497438178260094,0.5478493150684931,0.5183762675680484,0.0005307717712850262,0.0016246082792541903,0.0016500986237888138
ID_5XJZ15,0.36497438178260094,0.7690747198007472,0.7403118662159758,0.0008808710167839675,0.002934321985610807,0.00306678567307871
ID_4C75NZ,0.36497438178260094,0.6051974737591176,0.5821161714997332,0.000589266294988189,0.0020050907358079508,0.0020960890496280506
ID_4I22LB,0.36497438178260094,0.23784967087706813,0.221692759295499,0.0005017207041404648,0.0011376733173650271,0.0011509157675900243
ID_71ANPU,0.36497438178260094,0.23784967087706813,0.44584771392990574,0.0008309614635472137,0.0012421628934860273,0.0013002770217056907
ID_TLRRWX,0.36497438178260094,0.6054637964774952,0.5822937199786515,0.0005894201517131771,0.002007361808529316,0.002096791692962667
ID_11MWYB,0.36497438178260094,0.23784967087706813,0.221692759295499,0.0005370688457454878,0.0010793523191901925,0.0010878505252198943
ID_ZJYYTF,0.7317895392278955,0.7725369151396548,0.7451944493862301,0.0009010478826316036,0.002962940850143349,0.0030986550151880536
ID_XS5IZB,0.36497438178260094,0.23784967087706813,0.45250578188934354,0.0007881610182734344,0.001278250542603386,0.001344031308088102
ID_OAMCTD,0.7312568937911403,0.7556698096424124,0.7250426970289984,0.0009364332758065613,0.0027721458340486758,0.0028759538018851578
ID_VZ2BA0,0.36497438178260094,0.7692522682796655,0.7403118662159758,0.0008817269170191753,0.002935755169332688,0.00306678567307871
ID_OUFL3R,0.36497438178260094,0.7593095534602384,0.7309017968333037,0.0008920824794188874,0.0028731064346399324,0.0029974771884358114
ID_C9JHEM,0.36497438178260094,0.23784967087706813,0.4483333926347625,0.0010299128708112335,0.0012598972006287255,0.0013262934591112174
ID_ZULTCR,0.36497438178260094,0.7714716242661449,0.7929549902152642,0.0008487214878542446,0.0029892959083841187,0.004824595653336139
ID_0M1QAK,0.36497438178260094,0.6449683330368262,0.6233074186087885,0.000824615465576627,0.002239297926569801,0.0023407794491754996
ID_22EOFV,0.36497438178260094,0.23784967087706813,0.221692759295499,0.000605142883089399,0.0011071592060404435,0.0011071592060404435
ID_CC1868,0.36497438178260094,0.7365833481586906,0.7234447607187333,0.0012086887096572365,0.0034055798782896005,0.003952002117489106
ID_RRHEAY,0.36497438178260094,0.777774595267746,0.7947304750044477,0.0008621070608706565,0.0032555647277845816,0.005081700019859642
ID_312RLJ,0.36497438178260094,0.7829235011563779,0.8191433908557196,0.0008471074070837889,0.00310560066416983,0.006651522783171857
ID_FW5MN2,0.36497438178260094,0.7157214018857855,0.7136795943782246,0.0012253180103714597,0.0030750168111488706,0.0037543047827486593
ID_UJT70Q,0.36497438178260094,0.7508760007116172,0.698854296388543,0.0009156730671918556,0.003097612132602806,0.003097612132602806
ID_T6DWM5,0.36497438178260094,0.23784967087706813,0.221692759295499,0.0005860737313930077,0.000993681724610612,0.000993681724610612
ID_P35RKU,0.36497438178260094,0.6441693648816936,0.6210880626223092,0.0008258533909619164,0.002231531694014479,0.0023351842976225973
ID_0LNF2H,0.36497438178260094,0.725841665184131,0.6842065468777797,0.0009177478429214813,0.0030211490961943037,0.003043716105513266
ID_FE89WN,0.36497438178260094,0.6451458815157445,0.6234849670877067,0.0008253398041302176,0.0022419439248189013,0.0023430825627519213
ID_FNIMWZ,0.36497438178260094,0.7508760007116172,0.6993869418252979,0.0009156730671918556,0.0030993071063971965,0.0030993071063971965
ID_MRNN7B,0.36497438178260094,0.711904109589041,0.670357765522149,0.0008736349712617776,0.0029615169549958237,0.003009581047340843
ID_J8YA05,0.36497438178260094,0.801654865682263,0.7841663405088063,0.0010757405308653195,0.004666588116371744,0.004666588116371744
ID_6NXJX5,0.36497438178260094,0.711904109589041,0.6695587973670165,0.0008750118212481822,0.002956978706086597,0.003006059976759179
ID_BJV0W6,0.36497438178260094,0.7545157445294431,0.7465260629781177,0.001289833566439701,0.003493499611246332,0.004188701967633583
ID_8L1YW7,0.36497438178260094,0.7829235011563779,0.7825684041985412,0.0008925645992038547,0.0031851420360300008,0.0042253272857539085
ID_XJPLJC,0.36497438178260094,0.6441693648816936,0.6213543853406868,0.0008260002141807942,0.0022332770068489447,0.002336954426665011
ID_R652CL,0.36497438178260094,0.7829235011563779,0.8195872620530156,0.0008589443451000814,0.0031407625845931344,0.006668975609685135
ID_E69JOD,0.36497438178260094,0.23784967087706813,0.4837543141789717,0.000608135293545461,0.001115801523974874,0.0012432252702793793
ID_CZS6OU,0.36497438178260094,0.23784967087706813,0.221692759295499,0.0005983527624066342,0.001107656955817989,0.001107656955817989
ID_GRQZ05,0.36497438178260094,0.7829235011563779,0.819320939334638,0.0008471074070837889,0.00310560066416983,0.006652414282323395
ID_Y0BSPY,0.36497438178260094,0.23784967087706813,0.221692759295499,0.0006141051364804272,0.0011282389347597858,0.0011299613981901417
ID_K2JIN9,0.36497438178260094,0.23784967087706813,0.48393186265789007,0.000608135293545461,0.0011158801128261359,0.0012444925390252052
ID_FUI65H,0.36497438178260094,0.7076429460950009,0.7077317203344601,0.0012065007089903052,0.0030475549220317453,0.003720976447070705
ID_95L18T,0.36497438178260094,0.23784967087706813,0.221692759295499,0.0006117601963080302,0.001089123397879468,0.0010903601086424736
ID_LP5DMO,0.36497438178260094,0.7456383205835261,0.72273456680306,0.0014006920419015595,0.003886894907711321,0.003921847061554628
ID_DMJWXV,0.36497438178260094,0.23784967087706813,0.221692759295499,0.0006166620511015993,0.0010517130689576134,0.0010517130689576134
ID_DQP3PY,0.36497438178260094,0.23784967087706813,0.221692759295499,0.000586976033692861,0.0009957832746665394,0.0009957832746665394
ID_PV90XU,0.36497438178260094,0.7942866038071518,0.7993467354563245,0.0008477024942354095,0.0038451562787075702,0.005421049899782722
ID_3105ME,0.36497438178260094,0.7829235011563779,0.7958845401174168,0.0008728257662419239,0.003360665331226488,0.0051431441807030485
ID_YQQHQ3,0.36497438178260094,0.23784967087706813,0.221692759295499,0.0005795558127458425,0.0009927743509722687,0.0009927743509722687
ID_V44WY3,0.36497438178260094,0.23784967087706813,0.221692759295499,0.0005978167113437912,0.0009957832746665394,0.0009957832746665394
ID_UCO85D,0.36497438178260094,0.23784967087706813,0.221692759295499,0.0006110127441509416,0.001098516638909533,0.001098516638909533
ID_1XHBUV,0.36497438178260094,0.23784967087706813,0.221692759295499,0.0005718184746774166,0.0010985019376183003,0.0010985019376183003
ID_6HMBCZ,0.36497438178260094,0.7261079879025084,0.6842065468777797,0.0009184033804545228,0.0030251337000056114,0.0030449750763154645
ID_3AFMQB,0.36497438178260094,0.7511423234299948,0.6993869418252979,0.0009156730671918556,0.00310204294566431,0.00310204294566431
ID_0HGHQZ,0.36497438178260094,0.23784967087706813,0.221692759295499,0.0006247196640597453,0.0010748841384485004,0.0010748841384485004
ID_86OGKU,0.36497438178260094,0.8022762853584772,0.827133072407045,0.0008621070608706565,0.003987143134929615,0.0072929236361559775
ID_CIAW5T,0.36497438178260094,0.23784967087706813,0.221692759295499,0.0005980969629309581,0.0011079327647060648,0.0011079327647060648
ID_SPZWF2,0.36497438178260094,0.7779521437466643,0.794996797722825,0.0008621070608706565,0.0032555647277845816,0.0050841423443336855
ID_PHOPIB,0.36497438178260094,0.721225404732254,0.6815433196940046,0.0010250276717476687,0.0028791884023448215,0.002925722982535842
ID_MNZEHD,0.36497438178260094,0.7484790962462194,0.6980553282334104,0.0008685424996729081,0.0031561155050934256,0.0031561155050934256
ID_797ML8,0.36497438178260094,0.7484790962462194,0.6982328767123288,0.0008692837419619965,0.0031574737334744605,0.0031574737334744605
ID_BYU5HD,0.36497438178260094,0.23784967087706813,0.221692759295499,0.000587471537094521,0.0010236570578267385,0.0010244225975848842
ID_RXCEKJ,0.36497438178260094,0.7829235011563779,0.8195872620530156,0.0008589443451000814,0.0031428290605801067,0.006679652828224008
ID_ELSO35,0.36497438178260094,0.7008961038961039,0.6632558263654154,0.0010289486890522697,0.002743262299956287,0.002743262299956287
ID_VINNFK,0.36497438178260094,0.23784967087706813,0.221692759295499,0.000626017593927194,0.0010170602011888143,0.001017395346843671
ID_N6DOKU,0.36497438178260094,0.23784967087706813,0.221692759295499,0.0006009412873664761,0.001010225511858369,0.001010225511858369
ID_0EFT4F,0.36497438178260094,0.7714716242661449,0.7935764098914784,0.0008497199868363773,0.0029917320168629203,0.004838503355991912
ID_XKQHVP,0.36497438178260094,0.23784967087706813,0.221692759295499,0.0005857061605619863,0.0010066836377431029,0.0010066836377431029
ID_SU4Q41,0.36497438178260094,0.8154148727984345,0.8012109944849671,0.0010733493898519688,0.00493623076822143,0.004936713854025477
ID_D11XF1,0.36497438178260094,0.7829235011563779,0.8198535847713929,0.0008615437792506258,0.003143395584317148,0.00673322849427821
ID_P86BG6,0.36497438178260094,0.23784967087706813,0.221692759295499,0.0005870186597091745,0.0009961563913712679,0.0009961563913712679
ID_PADGJY,0.36497438178260094,0.7719154954634406,0.7937539583703968,0.0008497199868363773,0.002994275068648977,0.004876495576711361
ID_7PYROJ,0.36497438178260094,0.23784967087706813,0.221692759295499,0.0005716842993633508,0.001103666611098808,0.001103666611098808
ID_4ZP64K,0.36497438178260094,0.6331613591887564,0.6125657356342289,0.0008277504537823614,0.0022308506082905806,0.0023281408829603474
ID_6UI50R,0.36497438178260094,0.23784967087706813,0.221692759295499,0.0005870186597091745,0.000996343981504919,0.000996343981504919
ID_0CQMTS,0.36497438178260094,0.23784967087706813,0.221692759295499,0.0006251994781743799,0.0010118221143922822,0.0010118221143922822
ID_GWHZQX,0.36497438178260094,0.23784967087706813,0.221692759295499,0.0006265521027386261,0.0010173762902224034,0.0010198017190503708
ID_75RX5W,0.36497438178260094,0.8155924212773528,0.8014773172033446,0.0010733493898519688,0.004939561842733931,0.004945003483079991
ID_O9HFAP,0.36497438178260094,0.5209507205123644,0.4954725137875823,0.0006073566593946765,0.0012298181430970652,0.0013071786212098529
ID_Y6EXY9,0.36497438178260094,0.7458158690624443,0.6969900373599004,0.0008723531611371814,0.003108728146920147,0.003108728146920147
ID_G0KUFV,0.36497438178260094,0.7467036114570361,0.7588656822629425,0.0012103325031214982,0.003455224410898637,0.004260162934674716
ID_4U98W5,0.36497438178260094,0.7514974203878314,0.6993869418252979,0.0009159625804711697,0.0031024535448826844,0.0031024535448826844
ID_M6LH16,0.36497438178260094,0.6453234299946629,0.6236625155666252,0.0008253398041302176,0.002249286143880726,0.002345856386363376
ID_IBYOA8,0.36497438178260094,0.7514974203878314,0.6993869418252979,0.0009159625804711697,0.003102722242165673,0.003102722242165673
ID_JCS18T,0.36497438178260094,0.7829235011563779,0.8184331969400462,0.0008458755128436184,0.003051857127970293,0.006448685685062938
ID_PDAYPC,0.36497438178260094,0.6346705212595624,0.614252446183953,0.0008277504537823614,0.0022584900935159425,0.0023461564740631592
ID_6MSHHO,0.36497438178260094,0.6446132360789896,0.621531933819605,0.0008260002141807942,0.0022332770068489447,0.002336954426665011
ID_KXJDXJ,0.36497438178260094,0.7749338196050525,0.7848765344244796,0.0008733461067557188,0.0032537758858793894,0.004816698265480816
ID_X06P29,0.36497438178260094,0.7514974203878314,0.7007185554171855,0.0009162700921267722,0.003104577507697351,0.003104577507697351
ID_SU0E3L,0.36497438178260094,0.23784967087706813,0.221692759295499,0.0005870186597091745,0.000996343981504919,0.000996343981504919
ID_86RCT1,0.36497438178260094,0.737826187511119,0.697256360078278,0.0009694003914651033,0.002829285013907641,0.00290091649228983
ID_BHSPH0,0.36497438178260094,0.23784967087706813,0.221692759295499,0.0005870186597091745,0.000996343981504919,0.000996343981504919
ID_BSI555,0.36497438178260094,0.23784967087706813,0.221692759295499,0.0006110127441509416,0.0010613447374204323,0.0010613447374204323
ID_AJZY4W,0.36497438178260094,0.23784967087706813,0.221692759295499,0.0006042523237095097,0.0011128959713660542,0.0011128959713660542
ID_5JVBFT,0.36497438178260094,0.23784967087706813,0.221692759295499,0.0005817752027526368,0.0010978588572942126,0.0010978588572942126
ID_KOBTYW,0.36497438178260094,0.7162540473225405,0.7136795943782246,0.0012264601688219033,0.0030767495025035363,0.0037671812063538143
ID_5O17MO,0.36497438178260094,0.7829235011563779,0.8200311332503113,0.0008616290411438813,0.0031448236243965338,0.006736034635015488
ID_K11Q5X,0.36497438178260094,0.7003634584593488,0.6644986657178438,0.000888694729095887,0.002873997428206426,0.0029266594432357396
ID_G7GY5M,0.36497438178260094,0.23784967087706813,0.221692759295499,0.0006123258673169953,0.0010892985848465668,0.0010903601086424736
ID_WKHNNC,0.36497438178260094,0.4894358655043587,0.4768299235011564,0.000611726061598818,0.0011338444719193098,0.0011439816712855775
ID_VJ5MEA,0.36497438178260094,0.23784967087706813,0.221692759295499,0.0006166620511015993,0.0010523178221791731,0.0010523178221791731
ID_Y8KTAQ,0.36497438178260094,0.7437740615548835,0.732677281622487,0.0006752694075729773,0.003114881071909582,0.0036670685069843723
ID_9AT8CS,0.36497438178260094,0.6913084860345134,0.7496331613591888,0.0006779322531763004,0.00252094668656039,0.003702406411774938
ID_1UYUHI,0.36497438178260094,0.6917523572318093,0.7496331613591888,0.0006779322531763004,0.0025209601901094456,0.003702406411774938
ID_IW1QYO,0.36497438178260094,0.668759829211884,0.7322334104251912,0.0006789306938484168,0.002221641141843684,0.0032743126711999976
ID_C4MM2J,0.36497438178260094,0.6535794342643658,0.711371464152286,0.0006607461657295778,0.002079588459968145,0.0029626586622665085
ID_HFZ0HI,0.36497438178260094,0.7317895392278955,0.7273508272549368,0.0006779322531763004,0.0029660954414490455,0.0036023331880284796
ID_ZV17K7,0.36497438178260094,0.6708016367194449,0.710306173278776,0.0006947596528205835,0.0022335833521077934,0.002966478886215913
ID_4I93LT,0.36497438178260094,0.7317895392278955,0.7275283757338551,0.0006783289232652566,0.00296797246969515,0.003607177738634492
ID_RIUVLU,0.36497438178260094,0.7188285002668565,0.7161652730830813,0.0007160113755780272,0.0027145900920582246,0.0029155848742763277
ID_GMAXQ3,0.36497438178260094,0.7437740615548835,0.7328548301014054,0.0006752694075729773,0.003117006719279758,0.0036706210069771712
ID_30V9V7,0.36497438178260094,0.7317895392278955,0.7277059242127736,0.0006784828015167371,0.0029686541555686446,0.003614558060033298
ID_00D47V,0.36497438178260094,0.6824310620885964,0.6906870663582992,0.0007001586510163173,0.0025183111727069335,0.0029033179853641977
ID_COCODS,0.36497438178260094,0.7594871019391567,0.7677431062088597,0.0006732834823923544,0.00325611893331453,0.0040139643266316905
ID_HR5HVM,0.36497438178260094,0.6917523572318093,0.7496331613591888,0.0006779322531763004,0.0025212594352883645,0.0037040205470252894
ID_WGYIZG,0.36497438178260094,0.7198937911403664,0.7758215619996441,0.0006705033861901536,0.0026666958188466495,0.0038896755062968087
ID_O5CFG3,0.36497438178260094,0.7437740615548835,0.7330323785803239,0.0006753358696398267,0.003119540866151386,0.0036706210069771712
ID_U0K12F,0.36497438178260094,0.6874911937377691,0.6815433196940046,0.0007160204768900006,0.0025668099499293164,0.002773222269988614
ID_VRYVS7,0.36497438178260094,0.7596646504180751,0.7677431062088597,0.0006737588129639085,0.003268044958359491,0.0040171347055550505
ID_G4MECV,0.36497438178260094,0.6762168653264544,0.7007185554171855,0.0006801060264506174,0.0024456828820972045,0.002969185186444006
ID_OXEA7H,0.36497438178260094,0.7242437288738658,0.7411996086105676,0.0006818325563257502,0.0028065144145264964,0.00323741129061711
ID_DH682H,0.36497438178260094,0.7222019213663049,0.7451944493862301,0.0006752694075729773,0.0027443929736200206,0.00365406367682774
ID_4ZJ6HT,0.36497438178260094,0.7437740615548835,0.7332987012987012,0.0006753358696398267,0.00312062131594709,0.0036722626797647956
ID_1619HA,0.36497438178260094,0.7598421988969934,0.7681869774061555,0.0006743422627223443,0.0032771035048846553,0.00402832347479881
ID_A66ERH,0.36497438178260094,0.7317895392278955,0.727883472691692,0.0006784828015167371,0.0029697411651302434,0.003615036579754965
ID_SRS330,0.36497438178260094,0.7610850382494218,0.7681869774061555,0.0006743422627223443,0.0032833122259738963,0.004037704708579209
ID_3D2WF7,0.36497438178260094,0.7129694004625511,0.7203376623376623,0.000707191508923494,0.0025656000520247304,0.00296585757974915
ID_X8YETU,0.36497438178260094,0.6917523572318093,0.7496331613591888,0.0006779322531763004,0.0025249021492694404,0.0037081030786248114
ID_PQ0W7T,0.36497438178260094,0.7317895392278955,0.7281497954100693,0.0006784828015167371,0.0029697411651302434,0.0036160553034740063
ID_SO28RE,0.36497438178260094,0.7437740615548835,0.7332987012987012,0.0006753358696398267,0.0031284583462529284,0.0036740350128839027
ID_JFSXTY,0.36497438178260094,0.7329436043408646,0.7281497954100693,0.0006784828015167371,0.0029709612466694616,0.003617397128098661
ID_RPQFKB,0.36497438178260094,0.7437740615548835,0.7335650240170788,0.0006753358696398267,0.0031285295372793782,0.0036820552161973357
ID_EV4Z1I,0.36497438178260094,0.7451056751467711,0.7338313467354564,0.0006756306944288817,0.003129041747798175,0.0036820552161973357
ID_B9T63O,0.36497438178260094,0.7610850382494218,0.7681869774061555,0.0006743422627223443,0.0032886591821252456,0.004044634646638656
ID_VLJU6A,0.36497438178260094,0.7329436043408646,0.728504892367906,0.0006784828015167371,0.002971121469749872,0.00362222602162376
ID_FKK9MW,0.36497438178260094,0.6917523572318093,0.7496331613591888,0.0006779322531763004,0.0025263770345653686,0.00371060207543621
ID_RVEFZ9,0.36497438178260094,0.6907758405977584,0.6771046077210461,0.000720154391017575,0.002575518759800896,0.002715904411223844
ID_VQ4UCJ,0.36497438178260094,0.7329436043408646,0.728504892367906,0.0006784828015167371,0.0029711443869200266,0.00362222602162376
ID_2R7V3V,0.36497438178260094,0.7453719978651486,0.7338313467354564,0.0006768144765576533,0.003135246641653206,0.0036820552161973357
ID_K8P06C,0.36497438178260094,0.7329436043408646,0.7288599893257428,0.0006784828015167371,0.0029736803647726407,0.003623459199423587
ID_6T87EC,0.36497438178260094,0.7610850382494218,0.7685420743639921,0.0006743422627223443,0.00329571557575766,0.004053360164029327
ID_45LBG7,0.36497438178260094,0.720160113858744,0.7761766589574809,0.0006705341247410564,0.002666863927400671,0.0038896755062968087
ID_O1ZMUJ,0.36497438178260094,0.6708016367194449,0.7007185554171855,0.0007146549316781306,0.00218713686813681,0.002852206060996071
ID_REIL7X,0.36497438178260094,0.6922850026685643,0.7504321295143213,0.0006779322531763004,0.0025264484240562625,0.0037117171704123663
ID_TLNC9J,0.36497438178260094,0.6984991994307064,0.7269957302971002,0.0006849029421924174,0.0027517836688013267,0.0034951836038282953
ID_F5NEVH,0.36497438178260094,0.720160113858744,0.7761766589574809,0.0006710343612960018,0.002666863927400671,0.0038896755062968087
ID_7OQTQ4,0.36497438178260094,0.6922850026685643,0.7506096779932396,0.0006779322531763004,0.0025271683628449466,0.003715163237889224
ID_UPPGOC,0.36497438178260094,0.7204264365771215,0.7761766589574809,0.0006711826333156382,0.002667375726835459,0.0038896755062968087
ID_WRR93C,0.36497438178260094,0.7329436043408646,0.7288599893257428,0.0006784828015167371,0.0029736803647726407,0.003625135184597827
ID_UJ3S2W,0.36497438178260094,0.6925513253869418,0.7507872264721579,0.0006779322531763004,0.0025340714584155253,0.003715163237889224
ID_W3HZK9,0.36497438178260094,0.7222019213663049,0.7451944493862301,0.0006752694075729773,0.002745022056539934,0.0036556426981287603
ID_EYK26U,0.36497438178260094,0.7222019213663049,0.7451944493862301,0.0006752694075729773,0.002749136008426962,0.003662642300212797
ID_4KT11I,0.36497438178260094,0.7329436043408646,0.7291263120441203,0.0006789306938484168,0.0029745190811279235,0.003625135184597827
ID_16FUTF,0.36497438178260094,0.7610850382494218,0.7687196228429105,0.0006743422627223443,0.0032998519168839172,0.004053385424641154
ID_KO4YXJ,0.36497438178260094,0.7453719978651486,0.7340976694538338,0.0006768144765576533,0.0031376087037714665,0.003687678799823834
ID_WWKLVE,0.36497438178260094,0.6934390677815335,0.7225570183241417,0.0006796965357043417,0.0023776306369053374,0.0031398552020244106
ID_QY3MHP,0.36497438178260094,0.721225404732254,0.7765317559153175,0.0006718277283951324,0.002667712590968139,0.0038896755062968087
ID_INQA11,0.36497438178260094,0.23784967087706813,0.221692759295499,0.0005444169711313918,0.0007501456322968107,0.0007501456322968107
ID_S2ISZ6,0.36497438178260094,0.23784967087706813,0.221692759295499,0.0005515272079287777,0.0007458530132459215,0.0007458530132459215
ID_A5YCBL,0.36497438178260094,0.23784967087706813,0.221692759295499,0.000518401998178568,0.0007645557761471972,0.0007645557761471972
ID_LUMWXR,0.36497438178260094,0.23784967087706813,0.221692759295499,0.0005091400586918847,0.00075104911811376,0.00075104911811376
ID_EP24JU,0.9288683508272549,0.9274479629959081,0.9235418964597046,0.01655310300413146,0.020001920259684686,0.03149810094078758
ID_SL31EO,0.9757411492616972,0.978226827966554,0.9716575342465753,0.14440668108134674,0.1555946339932998,0.1555946339932998
ID_I52U1R,0.9411191958726206,0.9563883650595979,0.9617148194271482,0.04881275734309605,0.10076933063457807,0.14165468664875622
ID_11K6P1,0.944492616972069,0.9352600960683153,0.9286908023483366,0.03436465798391065,0.03755296015317408,0.03755580671864944
ID_9MROM2,0.36497438178260094,0.23784967087706813,0.221692759295499,0.0005656569993634732,0.000752682684399011,0.000752682684399011
ID_MXJE6Z,0.9446701654509874,0.9354376445472335,0.9288683508272549,0.034479172906408326,0.03776679350055177,0.03792283045548136
ID_HXOTEN,0.9640229496530867,0.96366785269525,0.9553230741860879,0.09331490699512535,0.09956118961270938,0.10116425420397347
ID_3GRDZX,0.36497438178260094,0.23784967087706813,0.221692759295499,0.0005281698228441135,0.0007600763948219718,0.0007600763948219718
ID_QUV2SL,0.9363253869418253,0.9294009962640101,0.9199909268813378,0.031309627548836684,0.031309627548836684,0.031309627548836684
ID_XVD7XJ,0.36497438178260094,0.23784967087706813,0.221692759295499,0.000541531896838146,0.0007517830881601149,0.0007517830881601149
ID_D4H6PR,0.9448477139299056,0.9356151930261519,0.9290458993061732,0.03454137681246774,0.037910551833891026,0.03812077528255468
ID_P50S8V,0.9427171321828857,0.9581638498487814,0.9642004981320049,0.04886296025759589,0.10215028830800417,0.14380582357322932
ID_B1P8NI,0.9958041273794699,0.9955378046610923,0.9961592243373065,0.7042426732779955,0.7042426732779955,0.820462689947128
ID_VHAKMG,0.9780492794876356,0.983375733855186,0.9863940579967977,0.2587539114869235,0.3897264271456942,0.5369932276499323
ID_P1BZK5,0.9762737946984523,0.9780492794876356,0.9794696673189824,0.1599429477994977,0.21989280104190173,0.3542766156443533
ID_1VFWEO,0.9333070628002136,0.9436048745774772,0.9430722291407223,0.03286125466611986,0.06472610342205591,0.07890739228314833
ID_DS7LOZ,0.36497438178260094,0.23784967087706813,0.221692759295499,0.0005505318913775908,0.0007452036550363452,0.0007452036550363452
ID_3PM5TY,0.36497438178260094,0.23784967087706813,0.221692759295499,0.0005281698228441135,0.0007603361338946575,0.0007603361338946575
ID_ACVINX,0.9627801103006582,0.96473314356876,0.9562108165806796,0.09204963960374839,0.10289381694196743,0.10316580619577148
ID_N9WXLE,0.9673963707525352,0.9688167585838819,0.9622474648639032,0.1135509269362466,0.12557479113033249,0.1317640898060165
ID_HOZEHI,0.9388110656466822,0.9537251378758228,0.9572761074541897,0.04330483666929217,0.07943996181830613,0.11032826832655945
ID_ACNM6Y,0.9725452766411671,0.9716575342465753,0.9645555950898417,0.11306766000925626,0.11717775291569175,0.12230527067123116
ID_4E94FT,0.36497438178260094,0.23784967087706813,0.221692759295499,0.0005209900597753323,0.0007474825146677073,0.0007474825146677073
ID_PCOVC8,0.9352600960683153,0.9487537804661091,0.9494639743817826,0.035317487570504805,0.07393017016301294,0.09164540452221905
ID_Q9IZA8,0.36497438178260094,0.23784967087706813,0.221692759295499,0.0005213324012573993,0.0007491225192779725,0.0007491225192779725
ID_PBDHXZ,0.9675739192314535,0.9689943070628002,0.9624250133428216,0.1144068989579099,0.1279105343734957,0.13213037587245408
ID_CY8HQK,0.9659759829211885,0.9665086283579434,0.9601168831168831,0.10258653621048762,0.11440547459262858,0.12367802216035982
ID_SPCMX9,0.36497438178260094,0.23784967087706813,0.221692759295499,0.0005522035269142492,0.0007451084829302464,0.0007451084829302464
ID_T242K8,0.36497438178260094,0.23784967087706813,0.221692759295499,0.0005593011964241971,0.0007677741531818081,0.0007677741531818081
ID_3B5N8K,0.9677514677103718,0.9691718555417186,0.9626025618217399,0.11472422792220467,0.13030625458033582,0.13342079574713384
ID_5GKAF9,0.36497438178260094,0.23784967087706813,0.221692759295499,0.0005488983262569973,0.0007496004617343373,0.0007496004617343373
ID_KTCVZC,0.36497438178260094,0.23784967087706813,0.221692759295499,0.0005250330480798131,0.0007647541931002235,0.0007647541931002235
ID_T2WXE1,0.36497438178260094,0.23784967087706813,0.221692759295499,0.0005553180570073479,0.0007514345744983306,0.0007514345744983306
ID_6QKMNI,0.9629576587795765,0.9649106920476783,0.9564771392990571,0.09261608855293856,0.10320294048927821,0.10348285956290978
ID_3FZUIO,0.9903001245330012,0.9909215442092154,0.9869267034335528,0.34458911673654463,0.5012440577029029,0.5324125146842549
ID_O00R2A,0.9443150684931507,0.9608270770325565,0.9650882405265967,0.05041292305115056,0.1089653072293405,0.1487329809288293
ID_XJTAL7,0.36497438178260094,0.23784967087706813,0.221692759295499,0.0005626546057742275,0.0007381903274655971,0.0007381903274655971
ID_NT0QPX,0.9871042519124711,0.9899450275751646,0.9940286425902864,0.42002080022095417,0.6017271728370548,0.7916469536464068
ID_UQ658O,0.9679290161892902,0.9693494040206369,0.9627801103006582,0.11674790263313839,0.1309159420589323,0.13400488239022998
ID_ZKA4ZO,0.9759186977406156,0.9784043764454723,0.9718350827254937,0.14497348442395128,0.15751867916603218,0.15751867916603218
ID_F7RSFR,0.36497438178260094,0.23784967087706813,0.221692759295499,0.0005534286556500704,0.0007324534715226838,0.0007324534715226838
ID_2R52MU,0.9904776730119196,0.991187866927593,0.9871042519124711,0.34574464848617625,0.504443493685012,0.5327368089131232
ID_134UJF,0.36497438178260094,0.23784967087706813,0.221692759295499,0.0005319889247943867,0.0007740074609431584,0.0007740074609431584
ID_UX404U,0.36497438178260094,0.23784967087706813,0.221692759295499,0.0005242426538045677,0.0007582757878669499,0.0007582757878669499
ID_MRF8HI,0.9784043764454723,0.9821328945027575,0.9890572851805728,0.17351074366059308,0.2654694986685754,0.5580301721128252
ID_FPUZW4,0.36497438178260094,0.23784967087706813,0.221692759295499,0.0005518933971729662,0.000732512186912707,0.000732512186912707
ID_J55FHB,0.9290458993061732,0.9276255114748265,0.923719444938623,0.016619750350993084,0.020068349306171046,0.03162866538302819
ID_NUI7QC,0.9727228251200855,0.9718350827254937,0.96473314356876,0.1135509269362466,0.11827470871726775,0.12296060614570808
ID_PAH8E7,0.36497438178260094,0.23784967087706813,0.221692759295499,0.0005242426538045677,0.0007583778829151149,0.0007583778829151149
ID_NPER5O,0.36497438178260094,0.23784967087706813,0.221692759295499,0.0005490278329746803,0.000749602483548023,0.000749602483548023
ID_SXC6H6,0.9396988080412737,0.9539026863547411,0.9588740437644547,0.04523831661550208,0.0873289577743411,0.1196477737955067
ID_9ECTWS,0.939254936843978,0.9514170076498843,0.9555006226650062,0.04491752316811797,0.08442520668610622,0.1133476189130367
ID_BJ7D96,0.36497438178260094,0.23784967087706813,0.221692759295499,0.000517724803480026,0.0007474978022195856,0.0007474978022195856
ID_YSS4R7,0.36497438178260094,0.23784967087706813,0.221692759295499,0.0005490278329746803,0.000749602483548023,0.000749602483548023
ID_HKTMZS,0.36497438178260094,0.23784967087706813,0.221692759295499,0.0005148865201470783,0.0007638040217389955,0.0007638040217389955
ID_BMNQKP,0.9272704145169899,0.9210562177548479,0.9123563422878491,0.016435768505744394,0.016744985715000455,0.019533632064299457
ID_6SD288,0.9631352072584949,0.9650882405265967,0.9564771392990571,0.09316029872585624,0.10480409203141715,0.10480409203141715
ID_VCUVSI,0.9269153175591532,0.916972602739726,0.9198133784024195,0.024511831245106506,0.024511831245106506,0.045874980172579016
ID_1E6RRT,0.9357927415050702,0.9298448674613058,0.9183929905710727,0.029395806326471395,0.029395806326471395,0.029395806326471395
ID_QWHDJ6,0.986038961038961,0.9882583170254403,0.9916317381248888,0.315114671062961,0.46913696042198694,0.6856292271115998
ID_7A81Z0,0.9381008717310086,0.930998932574275,0.9208786692759295,0.03179651884159506,0.03439418749022806,0.03439418749022806
ID_V1IGD1,0.36497438178260094,0.23784967087706813,0.221692759295499,0.0005237527270486262,0.0007547673514734488,0.0007547673514734488
ID_KGJM6D,0.36497438178260094,0.23784967087706813,0.221692759295499,0.0005184117500849091,0.0007483277708173338,0.0007483277708173338
ID_PB7GWB,0.36497438178260094,0.23784967087706813,0.221692759295499,0.0005281698228441135,0.0007603361338946575,0.0007603361338946575
ID_RU0BM2,0.36497438178260094,0.23784967087706813,0.221692759295499,0.000517724803480026,0.00074751943754339,0.00074751943754339
ID_KQBP25,0.36497438178260094,0.23784967087706813,0.221692759295499,0.0005617326870699745,0.0007522632994979401,0.0007522632994979401
ID_S12YPO,0.9370355808574986,0.9468007471980074,0.9505292652552927,0.04111718105475717,0.07248093718096142,0.0993111713482909
ID_4STW9Z,0.9749421811065647,0.9817777975449209,0.981333926347625,0.18052036973232555,0.3296734899702619,0.38359211992778725
ID_3HJ5U2,0.9862165095178793,0.9895899306173279,0.9938510941113681,0.3565084234515995,0.5075060474673591,0.7130244050799261
ID_IWBR0X,0.9856838640811244,0.9887021882227361,0.9913654154065112,0.30599654820380223,0.446277472982667,0.6626230373405191
ID_F702MM,0.36497438178260094,0.23784967087706813,0.221692759295499,0.0005272887559471428,0.0007656041319358249,0.0007656041319358249
ID_P3UTGI,0.36497438178260094,0.23784967087706813,0.221692759295499,0.0005427563242789374,0.0007491258149494119,0.0007491258149494119
ID_Z5BDVD,0.9901225760540829,0.9926082547589397,0.9881695427859811,0.36264783432076825,0.5951147319521123,0.6091989751704898
ID_POLQ33,0.9350825475893969,0.9302887386586016,0.915907311866216,0.04833112402952776,0.05156057800229627,0.05156057800229627
ID_00FGHV,0.9563883650595979,0.9505292652552927,0.9730779220779221,0.07655181018395954,0.07673928097724897,0.1656353032848917
ID_YDQNRI,0.9847961216865326,0.9836420565735634,0.9835532823341042,0.2321610567414342,0.27139992839498106,0.4155822386330578
ID_GD1YS3,0.9338397082369685,0.9245184130937555,0.9116461483721758,0.0380425052312192,0.04293480020885587,0.04293480020885587
ID_KQNHNN,0.9586964952855364,0.9615372709482298,0.9676626934709126,0.06720355873132974,0.09329693692720686,0.14945699321786948
ID_R4SVZT,0.938278420209927,0.9308213840953568,0.9194582814445829,0.04031448368344915,0.04435853447910494,0.04435853447910494
ID_ANQ3L6,0.9336621597580502,0.9263826721223981,0.9118236968510941,0.0387326766343433,0.04435853447910494,0.04435853447910494
ID_GGDIMC,0.939254936843978,0.9317091264899484,0.9196358299235011,0.04456066786288773,0.04619015233282925,0.04619015233282925
ID_DA5QKQ,0.36497438178260094,0.23784967087706813,0.221692759295499,0.00043044481202801226,0.0007097181372257328,0.0007097181372257328
ID_ENU5TU,0.36497438178260094,0.23784967087706813,0.221692759295499,0.0004537903956352942,0.0007204241260353854,0.0007204241260353854
ID_IJNDAU,0.36497438178260094,0.23784967087706813,0.221692759295499,0.0004668086609722608,0.0007539994955847782,0.0007539994955847782
ID_QNWUIA,0.001,0.001,0.001,1.5855034065717322e-05,1.5855034065717322e-05,1.5855034065717322e-05
ID_0WNG6D,0.36497438178260094,0.8428461127913183,0.8912280732965664,0.0010295831428236018,0.006040741773015842,0.014709631925601907
ID_8EX44U,0.36497438178260094,0.936680483899662,0.9629576587795765,0.0016230001116207362,0.053564923720410586,0.13163568027483424
ID_92PU7R,0.36497438178260094,0.9451140366482832,0.9533700409179862,0.001447369808118837,0.07495665638245509,0.10209876047330803
ID_N2FZUH,0.36497438178260094,0.23784967087706813,0.221692759295499,0.0005018821589368589,0.0008949722080724321,0.0008949722080724321
ID_90OLRU,0.36497438178260094,0.23784967087706813,0.221692759295499,0.0005018821589368589,0.0008949722080724321,0.0008949722080724321
ID_XZY8MP,0.36497438178260094,0.8458644369329301,0.8951341398327699,0.0010502198417586892,0.00623853231756177,0.015607707842971984
ID_HAAT76,0.36497438178260094,0.5713744885251735,0.5471391211528198,0.000853260226456311,0.002823687206974698,0.0029782161502544826
ID_U088B7,0.36497438178260094,0.8388512720156556,0.8715201921366305,0.0010193470357304937,0.005781334762803861,0.013159040418243569
ID_Q8URMK,0.001,0.001,0.001,1.5855034065717322e-05,1.5855034065717322e-05,1.5855034065717322e-05
ID_GS2DIL,0.36497438178260094,0.7829235011563779,0.7906468599893257,0.0013601063358075073,0.005374536488051656,0.0058969458888045835
ID_C5THPI,0.36497438178260094,0.5998710193915673,0.6368011030065825,0.0012410463136164832,0.0022818898146648556,0.0029696140147986326
ID_JP5OOL,0.36497438178260094,0.4929868350827255,0.6398194271481943,0.0011987406402022398,0.0016439893408027213,0.0030875988242494777
ID_PX9PLQ,0.7900254403131115,0.6563314356876001,0.6936166162604518,0.001921371828666272,0.0024647333943363676,0.0038067479098086096
ID_7330RT,0.36497438178260094,0.8412481764810532,0.8930035580857499,0.0009396112318811141,0.005739298001505138,0.015144248123080541
ID_O33VRI,0.001,0.001,0.001,1.5855034065717322e-05,1.5855034065717322e-05,1.5855034065717322e-05
ID_YF2V6H,0.001,0.001,0.001,1.5855034065717322e-05,1.5855034065717322e-05,1.5855034065717322e-05
ID_Q7ZF74,0.36497438178260094,0.626680839708237,0.647986657178438,0.0012929293484378406,0.0025625823934800895,0.003197476081899647
ID_8J8ZIO,0.8022762853584772,0.731079345312222,0.780437822451521,0.0020623626411069014,0.0027826468157029806,0.00469414224427997
ID_60GJ5S,0.36497438178260094,0.23784967087706813,0.221692759295499,0.0005626856359463472,0.0010956473225727302,0.0010956473225727302
ID_2OUBT5,0.36497438178260094,0.8428461127913183,0.87800071161715,0.0009932333177498952,0.006228095959005452,0.013500487817387365
ID_12WOGA,0.001,0.001,0.001,1.5855034065717322e-05,1.5855034065717322e-05,1.5855034065717322e-05
ID_ZWFCLM,0.36497438178260094,0.5139375555950898,0.5224598825831703,0.0012284063387707587,0.0019092958985982992,0.0025503896619925343
ID_VGMTRR,0.36497438178260094,0.23784967087706813,0.221692759295499,0.00043044481202801226,0.0007097181372257328,0.0007097181372257328
ID_5YECKD,0.001,0.001,0.001,1.5855034065717322e-05,1.5855034065717322e-05,1.5855034065717322e-05
ID_2149G2,0.36497438178260094,0.8428461127913183,0.8909617505781888,0.0010291005857157615,0.006028507318441652,0.014639990637761733
ID_KIDIEK,0.36497438178260094,0.8395614659313289,0.8880322006760363,0.0008762658797870419,0.005884737997452876,0.013718683676943762
ID_5KFOE3,0.001,0.001,0.001,1.5855034065717322e-05,1.5855034065717322e-05,1.5855034065717322e-05
ID_CJJFN7,0.36497438178260094,0.571640811243551,0.5474054438711973,0.0008546835026781112,0.0028242016175840158,0.002978341918036777
ID_KMFM96,0.001,0.001,0.001,1.5855034065717322e-05,1.5855034065717322e-05,1.5855034065717322e-05
ID_XK9L0I,0.36497438178260094,0.23784967087706813,0.221692759295499,0.0005205809367439675,0.0009325641858953334,0.0009325641858953334
ID_06TUVJ,0.36497438178260094,0.5213945917096602,0.6306756804838997,0.0012135821768385069,0.00204599554966509,0.0031787925594467144
ID_XHG003,0.36497438178260094,0.4894358655043587,0.5839804305283758,0.0011823636047240322,0.0016136490179684078,0.002362752440384773
ID_NX5RVU,0.36497438178260094,0.5212170432307419,0.6197564490304217,0.0012063807932080452,0.0020458865886713445,0.0029547493393115064
ID_9TQ75E,0.001,0.001,0.001,1.5855034065717322e-05,1.5855034065717322e-05,1.5855034065717322e-05
ID_N7FKWB,0.36497438178260094,0.23784967087706813,0.221692759295499,0.00045305185335490583,0.0007231167399820773,0.0007231167399820773
ID_6YYGIZ,0.36497438178260094,0.7735134317737058,0.7852316313823163,0.0013582369861126183,0.0049552602606467286,0.005844406201747574
ID_2FSC9D,0.36497438178260094,0.48428695961572676,0.5039948407756627,0.0011423639996153926,0.0015028948044625199,0.002332248149474605
ID_SJQSN7,0.36497438178260094,0.23784967087706813,0.221692759295499,0.00043044481202801226,0.0007097181372257328,0.0007097181372257328
ID_1D43WK,0.36497438178260094,0.8400053371286248,0.8725854830101406,0.0010238292573723539,0.00582306298331826,0.01317433198874008
ID_UPPKDE,0.36497438178260094,0.23784967087706813,0.221692759295499,0.00043044481202801226,0.0007097181372257328,0.0007097181372257328
ID_WLOGY7,0.36497438178260094,0.8428461127913183,0.8729405799679772,0.0008972474456900402,0.006332554795868551,0.013188286669259539
ID_6IE66T,0.36497438178260094,0.4794043764454723,0.6080382494218112,0.0011873126885906709,0.001428288134334641,0.002714723487758736
ID_JLGA9S,0.36497438178260094,0.8428461127913183,0.8771129692225583,0.0008350270998899714,0.006120583665367235,0.013414008917040051
ID_AWHF2K,0.36497438178260094,0.5084335527486212,0.508256004269703,0.0011675081433896698,0.0018003524466356049,0.002381161237511242
ID_UHB821,0.36497438178260094,0.6227747731720334,0.6494070450097847,0.0012854301498957078,0.0027513811609618135,0.003258513567643805
ID_I1RLPK,0.001,0.001,0.001,1.5855034065717322e-05,1.5855034065717322e-05,1.5855034065717322e-05
ID_FZ714I,0.001,0.001,0.001,1.5855034065717322e-05,1.5855034065717322e-05,1.5855034065717322e-05
ID_BW2KFV,0.36497438178260094,0.5670245507916741,0.5432330546166163,0.0008982285235514147,0.0028018372505989493,0.0029242345263887494
ID_WZ4ZLP,0.36497438178260094,0.8412481764810532,0.8916719444938623,0.0009854609112166777,0.005785886048859086,0.015041548608215634
ID_A804C8,0.001,0.001,0.001,1.5855034065717322e-05,1.5855034065717322e-05,1.5855034065717322e-05
ID_O0SAC9,0.36497438178260094,0.23784967087706813,0.221692759295499,0.0005546803159301743,0.001159206456600178,0.0011797813074015129
ID_2FZGUI,0.001,0.001,0.001,1.5855034065717322e-05,1.5855034065717322e-05,1.5855034065717322e-05
ID_048GQG,0.001,0.001,0.001,1.5855034065717322e-05,1.5855034065717322e-05,1.5855034065717322e-05
ID_J1UM6R,0.735251734566803,0.7001859099804305,0.7214917274506316,0.0019615398080427785,0.004298038302491607,0.00523871146891343
ID_T5VKMK,0.36497438178260094,0.23784967087706813,0.221692759295499,0.0009036683544262966,0.0011071624650575997,0.0011071624650575997
ID_0BYJ5N,0.36497438178260094,0.23784967087706813,0.221692759295499,0.00047428178951905946,0.0007935887574384635,0.0007935887574384635
ID_K8ESYM,0.36497438178260094,0.23784967087706813,0.221692759295499,0.00045526155383539073,0.0007446884262504158,0.0007446884262504158
ID_KNY5YG,0.36497438178260094,0.4918327699697562,0.5885966909802526,0.0010935048912458654,0.0016223095721189585,0.0021175724052255795
ID_D2DLCV,0.36497438178260094,0.48091353851627827,0.4636025618217399,0.0007254831788616908,0.0014470700985537864,0.0014909951780616335
ID_UYNICE,0.36497438178260094,0.23784967087706813,0.221692759295499,0.0004878555817397114,0.0007628569977148397,0.0007628569977148397
ID_G60X6Z,0.36497438178260094,0.23784967087706813,0.221692759295499,0.0004448778756274718,0.000779121756860559,0.000779121756860559
ID_HSPNIW,0.36497438178260094,0.5150028464685998,0.5650715175235723,0.0009169070309587343,0.0012612583671794374,0.0014903610390938347
ID_5VE34C,0.36497438178260094,0.23784967087706813,0.4571220423412204,0.0006795988659252664,0.0013093692440228992,0.0013791987073424646
ID_1UIH4F,0.7377374132716599,0.8843924568582102,0.9182154420921544,0.002037228078437655,0.03676836866186395,0.04550526504663638
ID_J6NXSU,0.36497438178260094,0.23784967087706813,0.221692759295499,0.0004448778756274718,0.0007795553975157798,0.0007795553975157798
ID_VBT4T1,0.36497438178260094,0.23784967087706813,0.6401745241060309,0.0010109425901201534,0.0013083193101759546,0.0020097540476949733
ID_3A48N3,0.36497438178260094,0.6115004447607187,0.7067552037004091,0.0011406465284200611,0.0023697143090763598,0.0029102549090294478
ID_8JDABW,0.36497438178260094,0.23784967087706813,0.221692759295499,0.0008308021170851471,0.00107852974394809,0.0010847752609996503
ID_RXFZLF,0.36497438178260094,0.23784967087706813,0.221692759295499,0.0008423305264861141,0.0010490253846511203,0.0010490253846511203
ID_VFFFGX,0.36497438178260094,0.7520300658245863,0.7820357587617861,0.0016253409074123467,0.00418041297342808,0.005427863084511865
ID_NFHSAZ,0.36497438178260094,0.23784967087706813,0.221692759295499,0.000837224445072335,0.0009996364261655635,0.0009996364261655635
ID_7ZY0NG,0.36497438178260094,0.23784967087706813,0.45729959082013877,0.0006795988659252664,0.0013113069001822913,0.0013797060373348404
ID_8QIBCL,0.36497438178260094,0.23784967087706813,0.221692759295499,0.00044971504577138267,0.0007831822090588504,0.0007831822090588504
ID_MNWT6P,0.36497438178260094,0.23784967087706813,0.221692759295499,0.000853260226456311,0.0010769055489633717,0.0010841686537465358
ID_S8PJBH,0.36497438178260094,0.5974741149261698,0.6859820316669631,0.0010506944201306035,0.002041963627144398,0.0025418687960295926
ID_GSOEX8,0.36497438178260094,0.23784967087706813,0.4535710727628536,0.0006789306938484168,0.00129131002486591,0.0013588871914561743
ID_65S4A3,0.36497438178260094,0.23784967087706813,0.221692759295499,0.0009003165417335314,0.0011122119969139595,0.0011122119969139595
ID_01C6IY,0.36497438178260094,0.23784967087706813,0.221692759295499,0.0004773886792268018,0.0007366658661526632,0.0007366658661526632
ID_4QEIOH,0.36497438178260094,0.23784967087706813,0.45747713929905715,0.0006795988659252664,0.0013122040955354044,0.0013806210533410144
ID_KQAT5X,0.36497438178260094,0.23784967087706813,0.221692759295499,0.0008423305264861141,0.0010490524355274097,0.0010490524355274097
ID_FHFMAM,0.36497438178260094,0.483399217221135,0.46528927237146417,0.0008334136482589509,0.0014897857299872384,0.0015123691989907511
ID_16IYHJ,0.36497438178260094,0.5708418430884183,0.6296103896103896,0.0011927670919252723,0.0017978396781042198,0.002152881462123779
ID_S2R9OO,0.36497438178260094,0.23784967087706813,0.221692759295499,0.0008432014410934601,0.0010365283820175444,0.0010380979012055665
ID_1YPD87,0.36497438178260094,0.23784967087706813,0.221692759295499,0.00045526155383539073,0.0007446884262504158,0.0007446884262504158
ID_IZPAAG,0.36497438178260094,0.23784967087706813,0.221692759295499,0.0004448778756274718,0.0007797371894657687,0.0007797371894657687
ID_LU1WVW,0.36497438178260094,0.23784967087706813,0.48197882938978825,0.0008621070608706565,0.0011311805909390077,0.001272745997493954
ID_JYWA52,0.36497438178260094,0.6653864081124355,0.7265518590998042,0.0015890996728114457,0.0030552587787901764,0.0038902919755542855
ID_DAAUON,0.36497438178260094,0.23784967087706813,0.221692759295499,0.00046116141873061087,0.0007540835810461568,0.0007540835810461568
ID_63MA7T,0.36497438178260094,0.4807359900373599,0.4636025618217399,0.0007252427184863345,0.001444243268987474,0.0014896855524620133
ID_WPMWMW,0.36497438178260094,0.6871360967799324,0.7588656822629425,0.0011946791553254818,0.002920062227301392,0.003638452570977977
ID_XWS3E2,0.36497438178260094,0.23784967087706813,0.221692759295499,0.0004653170318071791,0.0007815147354742789,0.0007815147354742789
ID_RQW2NY,0.36497438178260094,0.23784967087706813,0.221692759295499,0.0004448778756274718,0.0007797371894657687,0.0007797371894657687
ID_CF06U6,0.36497438178260094,0.592946628713752,0.6915748087528909,0.0010565335845657054,0.00195566714062526,0.002477400118160982
ID_K9GCJZ,0.36497438178260094,0.23784967087706813,0.221692759295499,0.0008390905976333934,0.0011313490056555032,0.0011354888957336492
ID_UDX6J6,0.36497438178260094,0.23784967087706813,0.4535710727628536,0.0006789306938484168,0.0012943057755592819,0.0013610447484477609
ID_YEK3N6,0.36497438178260094,0.23784967087706813,0.4516180394947518,0.0008360288266082436,0.0009957832746665394,0.0010588959116199234
ID_RZMYEA,0.36497438178260094,0.23784967087706813,0.45516900907311864,0.0006814882968839927,0.0012995742691702477,0.0013663265883132184
ID_KGBQSU,0.36497438178260094,0.23784967087706813,0.221692759295499,0.0008406085042871757,0.0011276999470915328,0.0011276999470915328
ID_ANMF9T,0.36497438178260094,0.23784967087706813,0.45765468777797547,0.0006795988659252664,0.0013127933856471126,0.0013807100973092104
ID_12IR7V,0.36497438178260094,0.23784967087706813,0.221692759295499,0.0004878492245286334,0.0008466641158490891,0.0008466641158490891
ID_7L6OKC,0.36497438178260094,0.23784967087706813,0.221692759295499,0.0008428399466663442,0.0009923174750411682,0.0009923174750411682
ID_L18EB0,0.36497438178260094,0.6708016367194449,0.7364057996797723,0.0015857757554701474,0.0031525783161455434,0.004168177074537414
ID_KS8ESR,0.36497438178260094,0.23784967087706813,0.221692759295499,0.0005184328914582837,0.0008368951663777334,0.0008368951663777334
ID_MGLJCN,0.36497438178260094,0.23784967087706813,0.4592526240882405,0.0007607202762494863,0.0013180363863095556,0.0013838276407624331
ID_K6VD1U,0.36497438178260094,0.23784967087706813,0.221692759295499,0.0008428399466663442,0.0009925834943925657,0.0009925834943925657
ID_NBOI6E,0.36497438178260094,0.4811798612346557,0.4638688845401174,0.0007254831788616908,0.001447274354988449,0.0014922208320532805
ID_295N8V,0.36497438178260094,0.23784967087706813,0.4622709482298523,0.0008052261736349975,0.0010383438406237882,0.0011077240630232327
ID_8GVR4A,0.36497438178260094,0.23784967087706813,0.221692759295499,0.0008341863395709339,0.0010482551202625602,0.0010482551202625602
ID_92ZY5Y,0.36497438178260094,0.483399217221135,0.4654668208503825,0.0008334823029321237,0.0014905493753830047,0.0015126162249811408
ID_UOTTW5,0.36497438178260094,0.23784967087706813,0.221692759295499,0.0008418375691009759,0.0010060480551104577,0.0010061047386574044
ID_NUS824,0.36497438178260094,0.7952631204412026,0.8028089307952322,0.0012108114395078316,0.004447074705902972,0.004928309595866774
ID_6M47S2,0.36497438178260094,0.23784967087706813,0.221692759295499,0.0008360288266082436,0.0011332469396865411,0.0011414807243574855
ID_QU3QNZ,0.36497438178260094,0.23784967087706813,0.221692759295499,0.0006275937031344554,0.0008549971870890427,0.0008549971870890427
ID_V0BREC,0.36497438178260094,0.23784967087706813,0.221692759295499,0.0004719629898385828,0.0007924215154408329,0.0007924215154408329
ID_A6QKLH,0.36497438178260094,0.23784967087706813,0.221692759295499,0.0004700068769955448,0.0007818029998907392,0.0007818029998907392
ID_210G9G,0.7344527664116706,0.6708016367194449,0.6563314356876001,0.0018993570337191702,0.00351636933324023,0.0037491365083824626
ID_9RATZ5,0.36497438178260094,0.23784967087706813,0.221692759295499,0.0004697498349475603,0.0007610402287708246,0.0007610402287708246
ID_B0QCIA,0.36497438178260094,0.23784967087706813,0.221692759295499,0.0006254269716653095,0.0008529677342299645,0.0008529677342299645
ID_EPSM9H,0.36497438178260094,0.23784967087706813,0.221692759295499,0.000464753053788752,0.0007521023677867336,0.0007521023677867336
ID_36E2M8,0.36497438178260094,0.23784967087706813,0.4535710727628536,0.0008344666970300244,0.001010225511858369,0.0010706505374229079
ID_XJB20Q,0.36497438178260094,0.5028407756626935,0.5947221135029354,0.001070409328917173,0.001727583930412521,0.0022594080282121714
ID_V6J8WF,0.36497438178260094,0.23784967087706813,0.221692759295499,0.00047437641882155154,0.0008008397770901572,0.0008008397770901572
ID_B8PE1F,0.36497438178260094,0.7626829745596868,0.7791949830990926,0.0011893028470935994,0.003540780379883318,0.0038798948789916534
ID_D3HW6G,0.36497438178260094,0.4811798612346557,0.46404643301903575,0.0007254831788616908,0.0014492065537947008,0.001493923448189139
ID_8L8UWY,0.36497438178260094,0.23784967087706813,0.4578322362568938,0.0006796103173547981,0.0013132995275732253,0.0013820834783796478
ID_C4XYDR,0.36497438178260094,0.23784967087706813,0.221692759295499,0.0007881610182734344,0.0011449047667637445,0.0011575031435781525
ID_9ZHQSC,0.36497438178260094,0.6083933463796478,0.6876687422166874,0.0010906900260172472,0.002001710694185989,0.0024576208935140798
ID_VV6B0Z,0.8150597758405977,0.7976600249066003,0.7958845401174168,0.002176998168640045,0.004447074705902972,0.004708269619815663
ID_LJ3UDV,0.8050282867817113,0.742442447962996,0.7973049279487636,0.0018813902520807184,0.0025956569132004077,0.005057128541257004
ID_SMRPHF,0.8123077744173635,0.7422648994840776,0.8243810709838106,0.0020078328073686647,0.0024611829512563464,0.0058646112785743386
ID_8P2W83,0.8215402953211173,0.8628203166696317,0.8480837929194094,0.002057388433237643,0.0073534489396640135,0.0073534489396640135
ID_9AOX8N,0.8194984878135563,0.7768868528731542,0.8179005515032912,0.002157907532663349,0.002822230763766775,0.005240558755159889
ID_0V4XZ0,0.7966835082725494,0.6978777797544922,0.7484790962462194,0.0017456825106923193,0.0021855979919810056,0.0031625712247904726
ID_71YN0L,0.9404090019569472,0.9695269524995552,0.9642004981320049,0.03729082445954704,0.21267549251849818,0.21396199092782842
ID_BSCWO5,0.8232270058708415,0.8585591531755915,0.8434675324675324,0.005810892856974256,0.010374226464794377,0.011692592301411257
ID_1CJ5FO,0.8603346379647749,0.8843924568582102,0.8683243195161003,0.008458039864857585,0.012356782959749254,0.013244478155643905
ID_L620RV,0.801743639921722,0.7919784735812133,0.7647247820672478,0.002288117692414248,0.004081578278711795,0.004081578278711795
ID_XQT8TW,0.7966835082725494,0.7681869774061555,0.7237110834371109,0.0022364630605885586,0.003588907977468497,0.003588907977468497
ID_N5ZN4G,0.8019211884006405,0.7921560220601317,0.7647247820672478,0.0022974101891914712,0.0040972246169665135,0.0040972246169665135
ID_V12YNL,0.8234045543497598,0.8588254758939691,0.8437338551859099,0.005821096841984258,0.010374226464794377,0.01170485158922269
ID_A3DNUK,0.8235821028286782,0.8588254758939691,0.8437338551859099,0.005863674803750017,0.010374226464794377,0.01177078178840396
ID_5B3NF6,0.8237596513075964,0.8590917986123465,0.8441777263832059,0.006016633775303435,0.010374226464794377,0.011792407963682179
ID_41NZ9C,0.8239371997865148,0.8607785091620708,0.8441777263832059,0.006017090607628499,0.010438737940350058,0.011796669985637373
ID_JDHBFC,0.8241147482654333,0.8607785091620708,0.8441777263832059,0.006017090607628499,0.010596125251020322,0.011830335323707088
ID_IY9L9I,0.9112910514143391,0.9655321117238925,0.9637566269347091,0.03199026402682016,0.14260385310459595,0.15101787453522994
ID_U2SJ08,0.8603346379647749,0.9478660380715176,0.9437824230563957,0.01590784558528469,0.07915634510914152,0.08596717611526858
ID_ESM8N8,0.8603346379647749,0.9139542785981143,0.9027687244262587,0.009656447042096127,0.015521968771378994,0.01743938590183103
ID_Y8LOYK,0.9192807329656645,0.9128889877246041,0.9078288560754314,0.021537267025752475,0.021537267025752475,0.021537267025752475
ID_B7XTJ9,0.8033415762319872,0.7904693115104073,0.7588656822629425,0.0023600456912618584,0.004028596670055748,0.004028596670055748
ID_KE6EOH,0.7309017968333037,0.773158334815869,0.7588656822629425,0.001819787623959412,0.004398879763077814,0.004636592226088066
ID_ZOEHP1,0.8035191247109056,0.7904693115104073,0.7588656822629425,0.0023651947962618374,0.004029599639787959,0.004029599639787959
ID_OF19CG,0.8242922967443516,0.8607785091620708,0.8445328233410425,0.006025773566444855,0.010615135929968222,0.011948111819550444
ID_YUT4M4,0.8244698452232699,0.8607785091620708,0.8447103718199608,0.006083840253841932,0.010638765478343143,0.011969638624903736
ID_CWUZQ1,0.8603346379647749,0.8938025262408824,0.8753374844333748,0.009211416218917525,0.013684905360747662,0.013684905360747662
ID_6FWUC1,0.8603346379647749,0.89619943070628,0.8766690980252624,0.009487994998191692,0.013968140650281555,0.014119606859767111
ID_4AWIOL,0.7966835082725494,0.7683645258850739,0.7250426970289984,0.002245436259965594,0.003601039685175791,0.003601039685175791
ID_MSJYWZ,0.36497438178260094,0.23784967087706813,0.5009765166340509,0.0009023996769030817,0.0011899064331532293,0.001448760392228023
ID_N9NW32,0.8246473937021882,0.8607785091620708,0.8449766945383383,0.006085365229794703,0.010713413386427983,0.012022198566943395
ID_STP6PQ,0.8950453655933108,0.9412967443515389,0.9421844867461305,0.01779459933612502,0.0583712661668929,0.06820552657179949
ID_2Q1AXB,0.8248249421811066,0.8607785091620708,0.8449766945383383,0.0060977514644427475,0.010751122984305706,0.01204207088667612
ID_X8CXRN,0.8250024906600248,0.8607785091620708,0.8452430172567159,0.006155890545376741,0.010892561023613408,0.012051508274720067
ID_ZEJHY1,0.8251800391389432,0.8607785091620708,0.8454205657356342,0.0062004161638677755,0.010926449135706827,0.012054775930478599
ID_JT0RBZ,0.7966835082725494,0.7685420743639921,0.7250426970289984,0.002247986294914042,0.003601107462313602,0.003601107462313602
ID_GXNTBL,0.8603346379647749,0.8380523038605231,0.8207413271659847,0.004545459526133231,0.006426692417213873,0.006426692417213873
ID_I4N3U4,0.8020987368795588,0.79233357053905,0.7649911047856253,0.0023204359097311654,0.004099740118169102,0.004099740118169102
ID_CFDN0Q,0.9151971179505427,0.8885648461127913,0.8710763209393346,0.018475526284276896,0.018475526284276896,0.01867172556945611
ID_6SL7FX,0.9033013698630137,0.8764915495463441,0.8596244440491015,0.01265074719547495,0.014146978679231755,0.016079198221118418
ID_D4UOPR,0.7546045187689023,0.5110967799323963,0.5533533179149618,0.0014022352914165926,0.0014022352914165926,0.0018966346426735026
ID_V2FWTM,0.7566463262764633,0.5221047856253335,0.5792753958370396,0.0013688514208998498,0.0013688514208998498,0.0018861761866953845
ID_XR61KW,0.9492864259028643,0.9438711972958548,0.9338397082369685,0.06138805730119129,0.06480987689284148,0.06480987689284148
ID_0LJATN,0.9034789183419321,0.8766690980252624,0.8598907667674791,0.012691081018070769,0.014236940676580838,0.01616087309270993
ID_81ZCO6,0.7665002668564312,0.5355096957836684,0.6087484433374845,0.0015034470116205125,0.0015034470116205125,0.002292666544264129
ID_T74SPZ,0.8970871731008717,0.8748936132360791,0.854653086639388,0.010589419066507488,0.013367116835831321,0.014332058183274111
ID_2Q0H2I,0.36497438178260094,0.23784967087706813,0.221692759295499,0.00048641832471260974,0.0007936684650479508,0.0007936684650479508
ID_XZC1XA,0.36497438178260094,0.23784967087706813,0.221692759295499,0.0006857255341838263,0.0008941412205538902,0.0008941412205538902
ID_9EVQEO,0.9480435865504359,0.9416518413093755,0.9375682262942537,0.07270103318766909,0.07303311864205819,0.08163109374010924
ID_TBMDR7,0.8980636897349226,0.8706324497420388,0.8566948941469489,0.010977682635437571,0.01249383847733695,0.017099766999504315
ID_PX3V1E,0.36497438178260094,0.23784967087706813,0.221692759295499,0.0004910151343626788,0.0007935741248415223,0.0007935741248415223
ID_GFNMAQ,0.36497438178260094,0.23784967087706813,0.221692759295499,0.000551707853458022,0.0007757463658618067,0.0007985656569467643
ID_4IKKFX,0.36497438178260094,0.23784967087706813,0.221692759295499,0.0007269945932763753,0.0010696657955232816,0.0010696657955232816
ID_PXX6LX,0.8907842020992706,0.864507027219356,0.8501256004269703,0.008495538854257316,0.011247960310311595,0.01333274717557567
ID_9Y7QYI,0.9036564668208504,0.8768466465041808,0.8598907667674791,0.012713794342643374,0.014293887032823065,0.016289706555385544
ID_NCMGQO,0.36497438178260094,0.23784967087706813,0.221692759295499,0.0007373211975710952,0.0011139246512512958,0.0011139246512512958
ID_L1RS7T,0.9002830457214018,0.8728518057285181,0.8651284468955702,0.011228737776246058,0.012877058715431234,0.017533332814950717
ID_UBNAI1,0.9038340152997687,0.877024194983099,0.8601570894858566,0.01271765059056954,0.01444055112717277,0.016369305372714266
ID_ZLFFSD,0.36497438178260094,0.23784967087706813,0.221692759295499,0.000829042275977299,0.0011030589636181788,0.0011030589636181788
ID_89E64C,0.896732076143035,0.8704549012631204,0.8518123109766945,0.010266173514877013,0.011804398390550893,0.013215278303406148
ID_ZGKPYC,0.9482211350293542,0.9419181640277531,0.937745774773172,0.07284539850755846,0.07326307112198045,0.08232305474108215
ID_TQ2SKG,0.36497438178260094,0.23784967087706813,0.221692759295499,0.0007499673570958381,0.0010629199549805541,0.0010629199549805541
ID_SYXTO4,0.36497438178260094,0.23784967087706813,0.221692759295499,0.0004929168694693269,0.0008040619770558757,0.0008040619770558757
ID_4OJFGR,0.36497438178260094,0.23784967087706813,0.221692759295499,0.0007378724492609662,0.0011146820773606134,0.0011146820773606134
ID_RSKO1F,0.8972647215797901,0.8750711617149973,0.854653086639388,0.010625569266105445,0.013395479988943583,0.014353193204140339
ID_H8UYPI,0.36497438178260094,0.23784967087706813,0.221692759295499,0.0004943681291545726,0.0008041036304861655,0.0008041036304861655
ID_8GEYYG,0.9483986835082725,0.9419181640277531,0.9379233232520904,0.07364113232071692,0.07381920420130347,0.08244362466512105
ID_P2D00R,0.8914056217754848,0.8715201921366305,0.8522561821739905,0.008980239882837403,0.013896901325878194,0.017023736678025866
ID_90GUIW,0.7628605230386053,0.5251231097669454,0.5551288027041452,0.001566818606519302,0.001566818606519302,0.0019258194661122734
ID_T3J7SY,0.36497438178260094,0.23784967087706813,0.221692759295499,0.0005462734961711656,0.000799688081524752,0.000799688081524752
ID_2V5UEE,0.36497438178260094,0.23784967087706813,0.221692759295499,0.00048641832471260974,0.000793720924755165,0.000793720924755165
ID_E9CUC6,0.7675655577299413,0.5308046610923323,0.5842467532467532,0.0015458980238837923,0.0015458980238837923,0.0019190605531664525
ID_5R7WSC,0.36497438178260094,0.23784967087706813,0.46076178615904645,0.0007308562962537642,0.0009082706835378027,0.0010847752609996503
ID_OF67ZH,0.8950453655933108,0.8796874221668742,0.8539428927237147,0.010331030291059314,0.016243116842172806,0.0173942762050926
ID_0ZINW1,0.7555810354029532,0.5112743284113147,0.5609879025084504,0.0014526126405627674,0.0014526126405627674,0.0020115794351352485
ID_XCZR6Z,0.9040115637786871,0.8772017434620174,0.8603346379647749,0.012734171534767167,0.014457135183367924,0.01643941097136247
ID_3J6JIM,0.36497438178260094,0.23784967087706813,0.4777176658957481,0.0008373236682368211,0.0009309924552678183,0.0011501881746701738
ID_0KVUYB,0.9041891122576053,0.8773792919409358,0.8605121864436933,0.012880958542368051,0.014519678447352281,0.016535126640951234
ID_31AGWA,0.9043666607365237,0.8775568404198542,0.8606897349226117,0.012881532249976707,0.014527637384050055,0.01670949556446766
ID_JOHIEH,0.7548708414872798,0.5123396192848247,0.5757244262586728,0.0014109528522792058,0.0014109528522792058,0.0021046523745622634
ID_SY5ACF,0.36497438178260094,0.23784967087706813,0.221692759295499,0.00046914310978737715,0.0007644249950975045,0.0007644249950975045
ID_51HR8B,0.7784847891834193,0.5489146059420031,0.5961425013342821,0.0017903201604504526,0.0017903201604504526,0.002067953422227639
ID_FBOIDY,0.7568238747553816,0.522282334104252,0.5794529443159581,0.0013733852572692228,0.0013733852572692228,0.0018862637685130705
ID_KXXYIZ,0.36497438178260094,0.23784967087706813,0.221692759295499,0.0007387421791221287,0.001114698762809788,0.001114698762809788
ID_7JDECQ,0.36497438178260094,0.23784967087706813,0.221692759295499,0.0004845979742363137,0.0007619799684418444,0.0007619799684418444
ID_ZNDJO0,0.36497438178260094,0.23784967087706813,0.4800257961216865,0.0008295144781403828,0.000940164593098335,0.0011688320371900792
ID_NO00XI,0.9045442092154421,0.8777343888987725,0.86086728340153,0.01295022329415339,0.014572274827772697,0.016912648288728772
ID_MXVMHB,0.36497438178260094,0.23784967087706813,0.4794043764454723,0.000758816081917511,0.0009400318108597487,0.0011671261901977867
ID_47X9RR,0.777774595267746,0.5430555061376979,0.5620531933819605,0.0018819301171029827,0.0018819301171029827,0.0019421542740838888
ID_875Q3P,0.8980636897349226,0.8708099982209571,0.8574938623020815,0.011018898721488568,0.01250493754108548,0.01717825586592745
ID_0CP43G,0.36497438178260094,0.23784967087706813,0.221692759295499,0.0004816358919823172,0.0007743984384440339,0.0007743984384440339
ID_BLCTDI,0.36497438178260094,0.23784967087706813,0.221692759295499,0.0007958445430915462,0.0008767907546964489,0.0008767907546964489
ID_V7NFWN,0.36497438178260094,0.23784967087706813,0.221692759295499,0.0004943681291545726,0.0008041036304861655,0.0008041036304861655
ID_RZH309,0.36497438178260094,0.23784967087706813,0.5574369329300837,0.0011927670919252723,0.0012023722897742438,0.0019067598966199014
ID_MKWIN3,0.9047217576943605,0.8779119373776908,0.8610448318804483,0.012967735091356503,0.014637289288214278,0.016922421933659566
ID_M5QVXA,0.36497438178260094,0.23784967087706813,0.221692759295499,0.0006059700618114073,0.0009723746369265368,0.0009723746369265368
ID_KEMXON,0.36497438178260094,0.23784967087706813,0.5057703255648461,0.0007597202957522674,0.000950040638762602,0.0014030226232735843
ID_UF64U6,0.8983300124533001,0.8709875466998755,0.8576714107809997,0.011073471974785575,0.01252197257711909,0.017190648063751476
ID_390VSL,0.7561136808397082,0.5134049101583349,0.5393269880804128,0.001447369808118837,0.001447369808118837,0.0017536992261535692
ID_E1PRPX,0.36497438178260094,0.23784967087706813,0.221692759295499,0.00048208500306091284,0.0007816666794522939,0.0007816666794522939
ID_4XBB4P,0.36497438178260094,0.23784967087706813,0.221692759295499,0.0007881610182734344,0.001062027596624167,0.0010623883990556156
ID_FDZWH6,0.36497438178260094,0.23784967087706813,0.221692759295499,0.0007923811339862996,0.0011414036426795294,0.0011543364465526032
ID_CYGOO8,0.36497438178260094,0.23784967087706813,0.221692759295499,0.0004707023189611861,0.0007666510222523314,0.0007666510222523314
ID_7ILHH1,0.36497438178260094,0.23784967087706813,0.49138889877246045,0.0009733593434369646,0.00099565529747582,0.0013411424538662957
ID_3J4B56,0.9072962106386764,0.8736507738836506,0.8621101227539584,0.014594715309099187,0.014594715309099187,0.01572123031167355
ID_Y5SQ1L,0.7665002668564312,0.5361311154598826,0.6091035402953211,0.0015050484684597542,0.0015050484684597542,0.0022932464884683037
ID_LIBKDI,0.36497438178260094,0.23784967087706813,0.221692759295499,0.0007868415109824953,0.000837947370656895,0.0008767907546964489
ID_6S3LGU,0.36497438178260094,0.23784967087706813,0.221692759295499,0.000687053848440263,0.0008945244944184423,0.0008945244944184423
ID_CCL3L7,0.36497438178260094,0.23784967087706813,0.221692759295499,0.0007093359409374907,0.0009657667417354507,0.0009657667417354507
ID_N51IQT,0.8985075609322185,0.8711650951787938,0.8578489592599182,0.011094822692954483,0.012597507564384028,0.01728165687193793
ID_KVRLKK,0.36497438178260094,0.23784967087706813,0.221692759295499,0.0007673847791180911,0.0011616131498357407,0.0011851927485130066
ID_NH7ABP,0.36497438178260094,0.23784967087706813,0.221692759295499,0.0005395823331148513,0.0007932981386916673,0.000837947370656895
ID_VTBHST,0.7667665895748088,0.5363086639388008,0.6092810887742394,0.0015079838948651677,0.0015079838948651677,0.0022955377828938377
ID_4KV1ZV,0.36497438178260094,0.23784967087706813,0.221692759295499,0.0006840563736906601,0.0008410619853544307,0.0008949579423301436
ID_5Z1DAT,0.9031238213840953,0.8682355452766412,0.846308308130226,0.014958677505711773,0.014958677505711773,0.014958677505711773
ID_ZXQRP1,0.36497438178260094,0.23784967087706813,0.221692759295499,0.0004929168694693269,0.0008041036304861655,0.0008041036304861655
ID_16O9TG,0.7786623376623377,0.5490921544209215,0.5963200498132005,0.0017963659234937507,0.0017963659234937507,0.002068188060199954
ID_86Z5BT,0.7570014232343,0.5224598825831703,0.5797192670343355,0.0013755636511334202,0.0013755636511334202,0.001887228945776197
ID_02VGAQ,0.36497438178260094,0.23784967087706813,0.4549026863547412,0.0008335426314714168,0.0009581317881309039,0.0010484284672986485
ID_7UZ111,0.7571789717132182,0.5226374310620886,0.5797192670343355,0.0013774521952565825,0.0013774521952565825,0.001887228945776197
ID_2X5YMF,0.36497438178260094,0.23784967087706813,0.221692759295499,0.0004692660918121589,0.0007659706084123262,0.0007659706084123262
ID_PPMQQ3,0.36497438178260094,0.23784967087706813,0.221692759295499,0.0007881610182734344,0.0008965776139768476,0.0008965776139768476
ID_IR01XD,0.36497438178260094,0.23784967087706813,0.221692759295499,0.0008160500080735441,0.0010785675967309358,0.0010870333718318238
ID_GEWJ3P,0.7550483899661983,0.5125171677637431,0.5759019747375912,0.0014114691718571624,0.0014114691718571624,0.002109581401168608
ID_H3GX6C,0.36497438178260094,0.23784967087706813,0.46076178615904645,0.0008260602791553946,0.0009103606987566246,0.001085446235703098
ID_DJ6NAP,0.36497438178260094,0.23784967087706813,0.4802033446006049,0.0008304637621089353,0.0009408409219137684,0.0011694484701391683
ID_QLXTHH,0.8974422700587085,0.8752487101939157,0.854653086639388,0.010625569266105445,0.01349185228749016,0.014467862729476607
ID_E1CQQL,0.36497438178260094,0.23784967087706813,0.4849971535314001,0.0007683765403731581,0.0009489881666163147,0.0012535075418764613
ID_1LB0SW,0.36497438178260094,0.23784967087706813,0.221692759295499,0.000606379498346845,0.0009735784657715235,0.0009735784657715235
ID_LRT2RR,0.7797276285358476,0.5542410603095534,0.5968526952499555,0.0018284382884621061,0.0018284382884621061,0.002071973259080419
ID_4OCPML,0.7797276285358476,0.5547737057463086,0.5978292118840064,0.001838322621051381,0.001838322621051381,0.0020720214309269858
ID_3PPVTQ,0.36497438178260094,0.23784967087706813,0.221692759295499,0.0007868896585750359,0.0008381074472681287,0.0008767907546964489
ID_OHA3B2,0.36497438178260094,0.23784967087706813,0.221692759295499,0.00048641832471260974,0.000793870325222683,0.000793870325222683
ID_X2EZX0,0.7683645258850739,0.5334678882761075,0.5812284291051414,0.0015550514592741497,0.0015550514592741497,0.0019063657184549253
ID_N7CKJM,0.8976198185376267,0.875426258672834,0.8550081835972246,0.01063478675424363,0.01354132859994595,0.014497487649214564
ID_ED5XL6,0.36497438178260094,0.23784967087706813,0.221692759295499,0.0004845979742363137,0.0007623400703604413,0.0007623400703604413
ID_UPMG2P,0.9049880804127379,0.8780894858566092,0.8612223803593666,0.013003057904704572,0.01465164280789788,0.016922421933659566
ID_I8ZJUM,0.36497438178260094,0.23784967087706813,0.221692759295499,0.0004669830514409945,0.000773512420438152,0.000773512420438152
ID_T01X1E,0.36497438178260094,0.23784967087706813,0.221692759295499,0.0005950513224575973,0.0009027966773594206,0.0009027966773594206
ID_TX3T1U,0.36497438178260094,0.23784967087706813,0.221692759295499,0.0004943681291545726,0.0008044670092370562,0.0008044670092370562
ID_BK85LX,0.36497438178260094,0.23784967087706813,0.221692759295499,0.00048641832471260974,0.000793870325222683,0.000793870325222683
ID_I3EHXO,0.36497438178260094,0.23784967087706813,0.221692759295499,0.000592387105117997,0.0009298706288923806,0.0009298706288923806
ID_S6GDVH,0.36497438178260094,0.23784967087706813,0.546695249955524,0.0012110375246712779,0.001278467504513338,0.0018062310718427507
ID_Q29IAO,0.36497438178260094,0.23784967087706813,0.221692759295499,0.0005558500536858964,0.000780080093655347,0.00080732851655091
ID_CM5IWG,0.36497438178260094,0.23784967087706813,0.221692759295499,0.0004943681291545726,0.0008045181364660179,0.0008045181364660179
ID_Y0V2PI,0.36497438178260094,0.23784967087706813,0.221692759295499,0.0004724010086437819,0.000765484446670763,0.000765484446670763
ID_9QINRQ,0.8931811065646682,0.8697447073474471,0.853587795765878,0.008980239882837403,0.012096924739739563,0.014743292277918494
ID_JFKDW9,0.9049880804127379,0.8782670343355274,0.861399928838285,0.013035161019746022,0.014708936346201297,0.016922421933659566
ID_GO0M2G,0.9052544031311155,0.8784445828144458,0.8615774773172034,0.01307563919725446,0.014711008276411707,0.016924929180094285
ID_PIGI7K,0.36497438178260094,0.23784967087706813,0.221692759295499,0.00048641832471260974,0.0007945175383194807,0.0007945175383194807
ID_IJXCEY,0.36497438178260094,0.23784967087706813,0.221692759295499,0.0004921260144931698,0.0007982657972252425,0.0007982657972252425
ID_VI4U4R,0.7669441380537272,0.5364862124177193,0.6094586372531579,0.0015081955618566469,0.0015081955618566469,0.002300684644830001
ID_258MZC,0.36497438178260094,0.23784967087706813,0.221692759295499,0.0007390172706472376,0.0008394204054342854,0.0008949722080724321
ID_H18RCQ,0.36497438178260094,0.23784967087706813,0.221692759295499,0.0005396422804889124,0.0007933097411246513,0.0009165097538300844
ID_07BV8U,0.36497438178260094,0.23784967087706813,0.221692759295499,0.0008161581691125448,0.0011380095012059079,0.0011515483879672647
ID_VZICF1,0.36497438178260094,0.23784967087706813,0.221692759295499,0.0004943681291545726,0.0008045181364660179,0.0008045181364660179
ID_WRL982,0.36497438178260094,0.23784967087706813,0.221692759295499,0.0007390172706472376,0.0008394204054342854,0.0008949722080724321
ID_9YG2KN,0.9054319516100338,0.8786221312933641,0.8617550257961217,0.013087582566825623,0.014714509187435216,0.01694964299880933
ID_KERY7T,0.9407640989147839,0.9363253869418253,0.9274479629959081,0.05504864919956612,0.05638098421064332,0.06618562481453821
ID_SZCEKW,0.36497438178260094,0.23784967087706813,0.221692759295499,0.0004943681291545726,0.0008045480289376973,0.0008045480289376973
ID_6O5TR9,0.36497438178260094,0.23784967087706813,0.45579042874933284,0.0008639352745329755,0.0009322598401927611,0.0010486225197827866
ID_2VWEN3,0.9056095000889521,0.8787996797722826,0.8619325742750401,0.013144449985497257,0.014730362218461482,0.017006022243376065
ID_390114,0.36497438178260094,0.23784967087706813,0.221692759295499,0.0004943681291545726,0.0008045480289376973,0.0008045480289376973
ID_414HOK,0.36497438178260094,0.23784967087706813,0.221692759295499,0.0005294904069243891,0.0008174767287339658,0.0008174767287339658
ID_OM9I7H,0.8864342643657711,0.8607785091620708,0.8432899839886141,0.007029619197792178,0.008420983331503599,0.008420983331503599
ID_UAFWJ8,0.8394726916918698,0.8428461127913183,0.8267779754492084,0.0027488015226081416,0.006160615092849218,0.0065986900241904725
ID_JEO0RE,0.36497438178260094,0.7829235011563779,0.7740460772104607,0.0012418538226005485,0.006369240428456184,0.008244907734907037
ID_2FK7L8,0.36497438178260094,0.681188222736168,0.6501172389254581,0.0006433074436700824,0.002498884863408953,0.002516362373742249
ID_BR0ZVK,0.36497438178260094,0.6813657712150863,0.6502947874043764,0.0006433074436700824,0.0024994324079572064,0.0025180658922678424
ID_4XW3SG,0.36497438178260094,0.6405296210638677,0.6217094822985234,0.000679769196829098,0.0022088603362819996,0.002314736662564295
ID_ND0JUF,0.7966835082725494,0.8412481764810532,0.8353890766767479,0.0019687783533851953,0.005679298456557107,0.007164382213086777
ID_LRK0VM,0.36497438178260094,0.7705838818715531,0.7911795054260808,0.001059239312607313,0.0036856075991621713,0.005075609726978743
ID_F9LL3S,0.36497438178260094,0.7774194983099093,0.7772419498309909,0.0012674875186860588,0.0058955062607535386,0.008628060179674178
ID_QYNGUD,0.36497438178260094,0.7266406333392635,0.7588656822629425,0.0011927670919252723,0.0034874683619904516,0.00413997295535045
ID_RZE5NT,0.36497438178260094,0.641772460416296,0.620466642946095,0.0006794780974130649,0.0022548302026185398,0.0023461564740631592
ID_Y3XGHG,0.36497438178260094,0.641772460416296,0.6206441914250134,0.0006794780974130649,0.002255251623924628,0.0023477145047272165
ID_PAN2FG,0.36497438178260094,0.6405296210638677,0.6218870307774417,0.000679769196829098,0.0022088603362819996,0.0023162671842707717
ID_E1VE1N,0.36497438178260094,0.6567753068848958,0.6352031666963174,0.0006975296504773998,0.0023798029685001706,0.0024446271738534416
ID_V9V15D,0.8603346379647749,0.9599393346379648,0.9769839886141256,0.014601177733319474,0.11278660716804186,0.25162018169849876
ID_6LSQM7,0.36497438178260094,0.6254380003558085,0.6060852161537092,0.0006070388683616473,0.002057420339061423,0.002143915092962683
ID_O5CMPP,0.8006783490482121,0.8654835438534069,0.8972647215797901,0.002686780437916779,0.011115709300128963,0.044139174495855665
ID_7UEYP5,0.36497438178260094,0.6247278064401351,0.6144299946628713,0.0006253023582614186,0.002143436474228546,0.002259786967475531
ID_GE4M9Q,0.7334762497776196,0.7969498309909269,0.7729807863369507,0.000949086343168451,0.0033386705037697167,0.0033386705037697167
ID_V2I3KR,0.7995242839352428,0.8511021170610211,0.8771129692225583,0.002622352559165851,0.009538051109231649,0.03600666024107229
ID_O59IL2,0.8107986123465575,0.8380523038605231,0.8796874221668742,0.003937803955769499,0.008497194948363552,0.01399891583054168
ID_2RX566,0.36497438178260094,0.6355582636541541,0.617359544565024,0.0007252427184863345,0.0021431983649392193,0.0022189481865327147
ID_3TZG4C,0.7966835082725494,0.8458644369329301,0.8733844511652731,0.0025373460253156426,0.009862773598925472,0.03900354864343677
ID_QB7IZK,0.36497438178260094,0.6423051058530511,0.6208217399039316,0.0006794857202136814,0.002256178404810852,0.002348291041340768
ID_XCQ47J,0.36497438178260094,0.6362684575698274,0.6166493506493507,0.0006650897880464717,0.0022665603795958963,0.0023504288343792526
ID_GEIU3Q,0.36497438178260094,0.8038742216687422,0.8140832592065468,0.0012794571066413864,0.005324450896829695,0.005971580669503779
ID_BAJPY0,0.36497438178260094,0.6611252446183953,0.6915748087528909,0.0010199709241560215,0.0024260925460773304,0.002769102927542313
ID_BSVNKG,0.36497438178260094,0.6795902864259029,0.6728434442270058,0.0006491689276524254,0.0025549205581635553,0.002705341124596867
ID_QM4O2S,0.36497438178260094,0.6511825297989682,0.6281900017790429,0.0006433074436700824,0.0023697143090763598,0.0024093611228899613
ID_ZB10X6,0.36497438178260094,0.6405296210638677,0.6222421277352783,0.0006800217456501263,0.0022092320803059635,0.0023180366537884
ID_VLOALM,0.8309503647037894,0.9588740437644547,0.972012631204412,0.004628730440222472,0.0798673558154806,0.17825570030370474
ID_CG3L2H,0.36497438178260094,0.6801229318626579,0.6543784024194983,0.0006900353530426818,0.002214647825928129,0.0023319813254754737
ID_VAG0Q5,0.36497438178260094,0.7391578011030066,0.7411996086105676,0.0011277602373653778,0.0029615169549958237,0.003248103248502602
ID_7J1S3Y,0.36497438178260094,0.6787025440313111,0.6499396904465398,0.0007308466342750611,0.002318725419344824,0.0023741070109331405
ID_JW1LBC,0.8170128091086996,0.8938025262408824,0.9570985589752713,0.0044868884189306225,0.015377726357570622,0.0946408874408263
ID_083PSL,0.36497438178260094,0.6257930973136452,0.6062627646326276,0.0006070699508410521,0.00205778440276627,0.0021446053311644365
ID_EALA41,0.36497438178260094,0.7149224337306529,0.7322334104251912,0.001179676185724267,0.003059638211840522,0.0035821313021150857
ID_3ZIHQR,0.36497438178260094,0.6146963173812489,0.5947221135029354,0.0006608729938801361,0.0019809102622132054,0.002047008612024618
ID_F5HANJ,0.36497438178260094,0.6932615193026151,0.7429750933997509,0.0010708575615651452,0.002817099746650379,0.0037217144648090082
ID_DHARBL,0.36497438178260094,0.7829235011563779,0.7743123999288383,0.0012422769588942729,0.006370383871609091,0.008276046846633923
ID_H3K94A,0.36497438178260094,0.7829235011563779,0.7743123999288383,0.0012431729925969936,0.006370460942877905,0.008312903619017733
ID_BV33ZV,0.36497438178260094,0.6513600782778866,0.6281900017790429,0.0006438827403899058,0.0023710325013010266,0.0024122315553662247
ID_GOSZ8L,0.36497438178260094,0.6277461305817471,0.6087484433374845,0.0006494623100106775,0.0020737726573966564,0.002167192500928321
ID_S9JF8F,0.8131067425724959,0.8400053371286248,0.8843036826187511,0.0040225158941364445,0.008649902623732164,0.015356148081382432
ID_UOLBI5,0.36497438178260094,0.8303289450275751,0.8166577121508628,0.001304012432052748,0.009108691186707072,0.010465204280382048
ID_K3PNUV,0.36497438178260094,0.6462999466287137,0.6252604518768903,0.0006554118544966266,0.002222551665913733,0.0023311930795845656
ID_ANWYJ9,0.7337425724959972,0.7971273794698452,0.7729807863369507,0.0009490937051986464,0.0033502740958481513,0.0033502740958481513
ID_AMSE7R,0.36497438178260094,0.6408847180217043,0.6222421277352783,0.0006800217456501263,0.0022107863067397137,0.002318809667577268
ID_I88AP8,0.36497438178260094,0.8296187511119019,0.816213840953567,0.0012923446764541802,0.009105116202139982,0.010518186750181216
ID_NWA3L6,0.36497438178260094,0.6547334993773349,0.631918519836328,0.0006814882968839927,0.0023124554417272517,0.0023675542954904086
ID_BEJ4NZ,0.8724079345312222,0.9668637253157801,0.9750309553460239,0.014615016211979519,0.141777876688003,0.21089245749041266
ID_QW38O7,0.36497438178260094,0.7942866038071518,0.7814143390855719,0.0013267338235658063,0.006464685148463627,0.008872437566938372
ID_0BO03Q,0.36497438178260094,0.6929951965842377,0.7127918519836328,0.0010504304756836916,0.002752136184513202,0.0029701538695141466
ID_CKOUOI,0.36497438178260094,0.7991691869774061,0.8010334460060488,0.0011729003899390584,0.00467487952826962,0.005552662025555306
ID_LB4MOB,0.36497438178260094,0.6257930973136452,0.606440313111546,0.0006071022544777792,0.002058924869055302,0.0021477758546362734
ID_M3EGOP,0.7293038605230386,0.8881209749154955,0.939254936843978,0.0017578234841223394,0.017170480028523952,0.08898002390786222
ID_3DR3OC,0.36497438178260094,0.8195872620530156,0.8170128091086996,0.0013171373618731529,0.008515151476666573,0.01062287307409202
ID_CII7S2,0.36497438178260094,0.6213543853406868,0.6238400640455435,0.0006157500837009564,0.00206550232507555,0.002239171517741418
ID_PS36LP,0.36497438178260094,0.651626400996264,0.6281900017790429,0.0006438827403899058,0.0023710325013010266,0.002412652275537919
ID_UMATGZ,0.36497438178260094,0.7829235011563779,0.7745787226472158,0.0012432491204024104,0.006378370978833626,0.008318527287396878
ID_RZXWDX,0.36497438178260094,0.5677347447073475,0.536930083615015,0.0005364833653977719,0.0017582270470547967,0.0018227838934134558
ID_MBP2SR,0.7339201209749154,0.7973049279487636,0.7737797544920832,0.0009493057686293907,0.003351567039134523,0.003351567039134523
ID_26D5YY,0.36497438178260094,0.6249053549190535,0.6049311510407401,0.0006568208290747307,0.002085239702171514,0.0021867117154453744
ID_F7H73Q,0.36497438178260094,0.6410622665006227,0.6222421277352783,0.0006800217456501263,0.002212109652537131,0.0023191374193738097
ID_W4PRR2,0.36497438178260094,0.6250829033979719,0.6053750222380359,0.0006577029031279324,0.002085260218875935,0.002187488486094372
ID_UY4Z5F,0.7340976694538338,0.7974824764276819,0.7737797544920832,0.0009499339547036435,0.0033558340553521866,0.0033558340553521866
ID_Y8KQBZ,0.807957836683864,0.8458644369329301,0.8887423945917097,0.0036088267389149213,0.008992246631607873,0.015703778951206677
ID_QVEUCL,0.8120414516989859,0.8412481764810532,0.880042519124711,0.003987885928806563,0.008700198569893113,0.01421105964041811
ID_4ZRHI7,0.833347269169187,0.8502143746664295,0.8492378580323785,0.0023718680711235715,0.005831240116015566,0.007462264986814891
ID_WLTHN7,0.36497438178260094,0.7958845401174168,0.8057384806973849,0.0011827291486422508,0.004853811660973036,0.0056345005274887686
ID_1FYJNL,0.36497438178260094,0.6994757160647572,0.6915748087528909,0.0006478117812515228,0.0025748367110999142,0.0027560563213158717
ID_D9L64Q,0.36497438178260094,0.7829235011563779,0.7747562711261342,0.0012448316815913743,0.006384887702550882,0.008331065741188469
ID_86WW5J,0.36497438178260094,0.649051948051948,0.6431928482476428,0.0006814882968839927,0.0022081252196316796,0.002351407620298403
ID_7Y6T5F,0.36497438178260094,0.7729807863369507,0.7906468599893257,0.0012100283901491683,0.004274908420371932,0.005232117895193796
ID_H6BCXL,0.36497438178260094,0.6073280555061377,0.5839804305283758,0.0006625960921243118,0.0018656263405399764,0.001928533532948458
ID_HWUQNT,0.7966835082725494,0.864507027219356,0.8942463974381782,0.002526537465790099,0.010347105770602142,0.03705542282897593
ID_42K0G3,0.36497438178260094,0.7829235011563779,0.7749338196050525,0.0012451049487351288,0.006384887702550882,0.008351357157713717
ID_RJA1CY,0.36497438178260094,0.6797678349048213,0.6730209927059242,0.0006494091006663048,0.002556223981313088,0.0027102616111053207
ID_KUD6LS,0.36497438178260094,0.6567753068848958,0.6354694894146948,0.0006977372908634497,0.0023829583856170683,0.0024450995447311027
ID_YF4XAS,0.8127516456146593,0.8380523038605231,0.8819955523928127,0.004076126530365236,0.00878762963329216,0.015260417475364886
ID_9L5QZW,0.7356068315246397,0.8007671232876712,0.7800827254936844,0.000965301724219436,0.003498999081529826,0.0035306415965247026
ID_PKRBWM,0.36497438178260094,0.7775970467888276,0.7774194983099093,0.0012676062101301651,0.005901467173938907,0.00874876437656067
ID_KV5X78,0.36497438178260094,0.7960620885963352,0.7896703433552749,0.0013334093149503785,0.006880040256316087,0.009392825781356978
ID_K05FSC,0.36497438178260094,0.6535794342643658,0.6341378758228073,0.0006174804481127804,0.0022230650324765186,0.002332248149474605
ID_VKADHX,0.819320939334638,0.9705922433730653,0.9676626934709126,0.004783527684654209,0.20804300874896497,0.22820877454573582
ID_FJ9WOU,0.8433787582280733,0.8637080590642234,0.8589142501334281,0.0026757647019418373,0.007179291316504007,0.009560025468052532
ID_42T9XM,0.36497438178260094,0.641239814979541,0.6225972246931152,0.0006800217456501263,0.002212124440098802,0.0023232595399603814
ID_9ZLKG2,0.36497438178260094,0.6146963173812489,0.5931241771926703,0.0006607461657295778,0.0020037150970763358,0.0020743742361793924
ID_HXOU9G,0.8200311332503113,0.8477286959615727,0.8981524639743818,0.004539611987743865,0.009718796660350281,0.01822892839098099
ID_WB4AC6,0.36497438178260094,0.7965947340330901,0.7879836328055506,0.0012471783465705926,0.006843542156841179,0.009429915225358037
ID_I62XI1,0.36497438178260094,0.7829235011563779,0.778839886141256,0.0012882668927718134,0.006045998958469416,0.008406901914771866
ID_3ZWI9L,0.36497438178260094,0.6236625155666252,0.611145347802882,0.0006144018517318861,0.002061172479714452,0.002171444107612865
ID_3SR2CY,0.8180780999822096,0.8404492083259206,0.8802200676036293,0.0043725932063361115,0.008841457328019374,0.01392826954012706
ID_ZBZKT1,0.36497438178260094,0.6572191780821918,0.6354694894146948,0.000697861714724816,0.002383516898489378,0.0024491779738112065
ID_O4VQ7G,0.36497438178260094,0.6252604518768903,0.6055525707169543,0.0006588892989988958,0.0020865246677756718,0.002187841333947301
ID_N744FI,0.36497438178260094,0.6364460060487457,0.6197564490304217,0.0006874364366282415,0.0021765233742931053,0.0022629078332908957
ID_TV8IEH,0.36497438178260094,0.651626400996264,0.6281900017790429,0.0006438827403899058,0.002371740717278757,0.0024148245020049926
ID_NMAF4Q,0.36497438178260094,0.7829235011563779,0.7751113680839709,0.001245384498677468,0.006384887702550882,0.0083699331235794
ID_K2ZCCX,0.36497438178260094,0.565959259918164,0.5352433730652909,0.0005364080407868287,0.001697870497875329,0.0017484021136350944
ID_R18GZ6,0.36497438178260094,0.6181585127201565,0.6013801814623733,0.0006278370670091403,0.0019908167784028347,0.0020668491941379544
ID_IFP722,0.36497438178260094,0.6294328411314712,0.6136310265077388,0.0007238767381249462,0.002016053537604326,0.0021256328803865125
ID_IR8CDY,0.36497438178260094,0.8682355452766412,0.9222990571072763,0.0014596833322052948,0.010097655581547852,0.04590798858251612
ID_Z2I4JV,0.36497438178260094,0.7829235011563779,0.7752889165628891,0.0012455787355291662,0.006387931461914587,0.008391996921471264
ID_6KEY2P,0.36497438178260094,0.5661368083970824,0.5354209215442093,0.0005364833653977719,0.0016997243148363474,0.0017496538489453523
ID_5S0DH2,0.36497438178260094,0.6518927237146415,0.6281900017790429,0.0006454235954248505,0.0023721854391123465,0.002416154099356368
ID_XNJ95S,0.36497438178260094,0.641772460416296,0.6227747731720334,0.0006800217456501263,0.0022133947430918502,0.0023242040036534225
ID_H6CCOD,0.36497438178260094,0.5573481586906245,0.5284965308663938,0.000568442886769039,0.0016267121051405371,0.0016593750854827151
ID_WQCUST,0.36497438178260094,0.7008961038961039,0.7368496708770681,0.0011822784442223646,0.0030203425191441978,0.0036435123488747475
ID_T75BT1,0.36497438178260094,0.7349854118484256,0.6865146771037182,0.0008627201650955944,0.0029486127775900277,0.0030033631714848673
ID_XS9OXI,0.36497438178260094,0.7152775306884896,0.6803004803415762,0.0008052261736349975,0.002752581180590243,0.0027726799385144967
ID_EA1206,0.36497438178260094,0.7396016723003025,0.7040032022771749,0.0008029131265232752,0.0029769320272560102,0.003055091266290973
ID_YH37JO,0.36497438178260094,0.6535794342643658,0.6632558263654154,0.0011553422958918238,0.0025660607739120198,0.0029223676510146037
ID_B8H7AK,0.36497438178260094,0.7397792207792208,0.7040032022771749,0.0008035373021926602,0.0029769320272560102,0.003059275119292625
ID_C09NJ3,0.36497438178260094,0.7188285002668565,0.6794127379469844,0.0008888209500546735,0.0027586965128017864,0.002764083177711443
ID_0P1U7I,0.36497438178260094,0.6946819071339619,0.6600599537448854,0.0008080545272468977,0.0025925591293572553,0.0026097097654404827
ID_KJZGN2,0.36497438178260094,0.7085306884895927,0.6756842198896994,0.000807892807064279,0.0026775252725918953,0.002718738314091556
ID_XBCJ33,0.36497438178260094,0.7087082369685109,0.6759505426080769,0.0008080545272468977,0.002678540049996139,0.002718738314091556
ID_QPKPCR,0.36497438178260094,0.7372047678349047,0.6928176481053193,0.0008228425130271141,0.0029839273645181465,0.003038494201262839
ID_GAOAHL,0.36497438178260094,0.8033415762319872,0.7891376979185198,0.0009936936927465738,0.004509518118779468,0.004509518118779468
ID_9KT6CB,0.36497438178260094,0.7246876000711617,0.6876687422166874,0.0008161003684125475,0.0030449003330387456,0.00306678567307871
ID_KUJ9FC,0.36497438178260094,0.8207413271659847,0.8068037715708949,0.0010126387540210788,0.004976706017545666,0.005002069711254021
ID_I81UCW,0.36497438178260094,0.7372047678349047,0.6928176481053193,0.0008232732206889294,0.0029839273645181465,0.0030435277385150415
ID_GB2SDS,0.36497438178260094,0.8035191247109056,0.7893152463974382,0.00099401957655246,0.004511343197209524,0.004511343197209524
ID_X9A4JH,0.36497438178260094,0.7138571428571429,0.6713342821562,0.0008208805661465934,0.0029972663359452856,0.003018270092995096
ID_RTGELG,0.36497438178260094,0.7225570183241417,0.6828749332858922,0.0008574209733545289,0.003002150108453999,0.003029522059210437
ID_HNXAGO,0.36497438178260094,0.7317895392278955,0.6856269347091265,0.0008069171341356099,0.002978433108656493,0.0030098256308334808
ID_5FC3QJ,0.36497438178260094,0.6170932218466465,0.6607701476605586,0.0011185747438528792,0.0023624808878860426,0.002888242754746489
ID_CWTFLH,0.36497438178260094,0.6978777797544922,0.6613915673367728,0.0008164333374036463,0.002737834222985861,0.002737834222985861
ID_B38JUX,0.36497438178260094,0.621531933819605,0.650649884362213,0.0011138810090728923,0.0023943866459056897,0.002845657150526776
ID_UH1KTJ,0.36497438178260094,0.6217094822985234,0.6508274328411314,0.0011155967966934796,0.0023972474012015515,0.002848950330065217
ID_5LLHBD,0.36497438178260094,0.7060450097847358,0.6670731186621597,0.0008378960575398583,0.0028412307214964235,0.0029048019499570525
ID_3YY9DP,0.36497438178260094,0.7062225582636542,0.6670731186621597,0.0008387519730636196,0.002848286455279525,0.00290628738104693
ID_744ERE,0.36497438178260094,0.72273456680306,0.6828749332858922,0.000857667362676549,0.0030067636566135317,0.0030307824585265614
ID_QV8YW3,0.36497438178260094,0.68846771037182,0.6561538872086817,0.0009218911529372304,0.002653403556324596,0.002655469477140014
ID_G5ERJR,0.36497438178260094,0.7030266856431241,0.6632558263654154,0.0008219466695451222,0.002994275068648977,0.00301388271005917
ID_MNB1L3,0.36497438178260094,0.8036966731898239,0.7894927948763565,0.0009950859307776374,0.004548679531906272,0.004548679531906272
ID_B84S8R,0.36497438178260094,0.7088857854474293,0.6759505426080769,0.0008080545272468977,0.002680729649818836,0.002718738314091556
ID_VI1CDO,0.36497438178260094,0.832370752535136,0.817723003024373,0.0009152499372230384,0.004951431444439695,0.004951431444439695
ID_31K8SP,0.36497438178260094,0.7090633339263476,0.6763056395659135,0.0008080545272468977,0.0026836047334256974,0.002718738314091556
ID_3F8T7O,0.36497438178260094,0.7014287493328589,0.6632558263654154,0.0008322151012574512,0.0029745190811279235,0.0030077884755522447
ID_RW3Q5J,0.36497438178260094,0.711904109589041,0.6692924746486391,0.000829042275977299,0.0029859051923972852,0.003014961037815374
ID_T3FYEA,0.36497438178260094,0.6218870307774417,0.6510049813200499,0.0011172069599879291,0.002399091181360289,0.0028489762379235585
ID_OZU9F0,0.36497438178260094,0.6565089841665185,0.7058674613058175,0.0011300655274470535,0.0025151821242417123,0.003243290831992097
ID_JLNANL,0.36497438178260094,0.7364057996797723,0.6915748087528909,0.0008350270998899714,0.003209999510879042,0.003209999510879042
ID_09QFQF,0.36497438178260094,0.7295701832414161,0.6850055150329123,0.0008052261736349975,0.002994275068648977,0.003019410877415104
ID_CJR13W,0.36497438178260094,0.7348078633695072,0.687935064935065,0.0008350270998899714,0.003114522553303898,0.003114522553303898
ID_1U5ABT,0.36497438178260094,0.7295701832414161,0.6850055150329123,0.0008055491239337638,0.002994275068648977,0.003019410877415104
ID_J3WB2P,0.36497438178260094,0.6832300302437289,0.6548222736167941,0.0008337615434084703,0.002606821625665573,0.002626200943847283
ID_CYJMO0,0.36497438178260094,0.6792351894680662,0.6486080768546522,0.000892748884011098,0.0027071055935081103,0.0027071055935081103
ID_RIZD06,0.36497438178260094,0.7095072051236435,0.6763056395659135,0.0008080545272468977,0.00268863037747659,0.002718738314091556
ID_K565PV,0.36497438178260094,0.7140346913360612,0.6720444760718733,0.0008212744304413526,0.0029979962708250726,0.003019410877415104
ID_KGPDZS,0.36497438178260094,0.7030266856431241,0.6632558263654154,0.0008220843697603027,0.002994275068648977,0.0030143472020923226
ID_PD7IH8,0.36497438178260094,0.7166979185198363,0.6815433196940046,0.0008118160501922402,0.0029015289338319376,0.002973516655886157
ID_FM7JHM,0.36497438178260094,0.7459934175413628,0.6984104251912471,0.000818957442854789,0.0032078587787009497,0.0032078587787009497
ID_JKUDBT,0.36497438178260094,0.62206457925636,0.6511825297989682,0.0011172069599879291,0.002399682174196151,0.0028494197609205316
ID_ZSTDRG,0.36497438178260094,0.711904109589041,0.6695587973670165,0.0008291404409634858,0.00298801760785406,0.0030154014024611313
ID_WM2OCW,0.36497438178260094,0.7095072051236435,0.6766607365237503,0.0008080545272468977,0.002691373122298217,0.0027196612041340074
ID_V2VKWX,0.36497438178260094,0.7295701832414161,0.6850055150329123,0.0008060830268583857,0.0029972663359452856,0.003019849589863105
ID_Z0V4IF,0.36497438178260094,0.8209188756449031,0.8071588685287315,0.001013498048129292,0.004981394220924073,0.0050186543731120985
ID_ZKWY5H,0.36497438178260094,0.6222421277352783,0.6514488525173456,0.0011172069599879291,0.0024004248501036953,0.0028497112276037913
ID_Y92YDT,0.36497438178260094,0.7234447607187333,0.6828749332858922,0.0008587944824604202,0.0030072685582843966,0.0030307824585265614
ID_SUKNX3,0.36497438178260094,0.7064001067425725,0.6670731186621597,0.000839077199510515,0.0028503048006138076,0.0029100717343708326
ID_UQ2MN7,0.36497438178260094,0.7295701832414161,0.6854493862302081,0.0008060830268583857,0.0029972663359452856,0.0030218333127178657
ID_R4B5Y3,0.36497438178260094,0.6170932218466465,0.6609476961394769,0.0011185747438528792,0.0023697143090763598,0.0028886326517676723
ID_5FIQN2,0.36497438178260094,0.7162540473225405,0.6776372531578011,0.0008427722965071452,0.002889678715798653,0.0029666680873186167
ID_CK7R8V,0.36497438178260094,0.6753291229318626,0.6476315602206013,0.0009055903769727349,0.0024330171223498637,0.002494557900835766
ID_9CKT1G,0.36497438178260094,0.6279236790606654,0.6538457569827433,0.001128207837465305,0.002453560755634511,0.002885925647281981
ID_OP7PVS,0.36497438178260094,0.7410220601316492,0.7127918519836328,0.0007985649325853545,0.0030672462808512086,0.0031701640632617032
ID_E958NN,0.36497438178260094,0.7461709660202811,0.6985879736701655,0.000818957442854789,0.003208270206673087,0.003208270206673087
ID_DEFSVV,0.36497438178260094,0.8211851983632805,0.8071588685287315,0.0010148124277012682,0.0049968018432367525,0.0050243493321324535
ID_BKDCXA,0.36497438178260094,0.7234447607187333,0.6837626756804839,0.0009932333177498952,0.00310560066416983,0.00310560066416983
ID_I0OGOO,0.36497438178260094,0.7095072051236435,0.6766607365237503,0.0008080545272468977,0.0026932174583610756,0.0027230359077785563
ID_5A0PRD,0.36497438178260094,0.7411996086105676,0.7131469489414695,0.0007990699443818786,0.003069270927305568,0.003171597080174706
ID_KEK3CV,0.36497438178260094,0.7385363814267925,0.6915748087528909,0.000828332650034405,0.003059638211840522,0.003061426405333914
ID_G5CBCM,0.36497438178260094,0.8211851983632805,0.8074251912471091,0.0010154175443129192,0.005006288710098097,0.005047079097362486
ID_6K7MP9,0.36497438178260094,0.6874911937377691,0.655798790250845,0.0009012595104243022,0.002639768223221478,0.002639768223221478
ID_9972R1,0.36497438178260094,0.7162540473225405,0.6779923501156377,0.0008405446608007268,0.0029131911455622574,0.0029744495447734977
ID_PNK92C,0.36497438178260094,0.23784967087706813,0.221692759295499,0.0005645527583724615,0.0008185302734627544,0.0008185302734627544
ID_W39B3I,0.36497438178260094,0.23784967087706813,0.221692759295499,0.000550525046881429,0.0008115832666402406,0.0008115832666402406
ID_HD9ID6,0.36497438178260094,0.23784967087706813,0.221692759295499,0.0005694060047740369,0.0008295967707668707,0.0008295967707668707
ID_BN91DN,0.36497438178260094,0.23784967087706813,0.221692759295499,0.0005530092232030608,0.0008006139308401358,0.0008006139308401358
ID_3GOCN3,0.9874593488703077,0.9830206368973493,0.9803574097135741,0.26859723287113885,0.26859723287113885,0.2943404874203306
ID_ET6KNZ,0.9823104429816758,0.9785819249243907,0.978226827966554,0.17158295722563835,0.17158295722563835,0.2687956604814346
ID_OTOWTK,0.36497438178260094,0.23784967087706813,0.221692759295499,0.0005717111933560445,0.0008275225533961788,0.0008275225533961788
ID_WX5YV9,0.36497438178260094,0.23784967087706813,0.221692759295499,0.0005851126649450159,0.0008231970697636586,0.0008231970697636586
ID_BKG1JJ,0.36497438178260094,0.23784967087706813,0.221692759295499,0.000561936859282204,0.0008111303139161182,0.0008111303139161182
ID_N7EE5X,0.9887021882227361,0.9853287671232877,0.9839083792919409,0.28002090879801816,0.3070287547162986,0.4075897076923768
ID_3HJF2B,0.9373906778153354,0.9298448674613058,0.9230092510229497,0.03600315407622865,0.03827000438726481,0.03827000438726481
ID_L77EMA,0.36497438178260094,0.23784967087706813,0.221692759295499,0.0005621838088019913,0.0008283135918936771,0.0008283135918936771
ID_UONM6Q,0.36497438178260094,0.23784967087706813,0.221692759295499,0.0005505318913775908,0.0008115899510232446,0.0008115899510232446
ID_ZCOCP7,0.36497438178260094,0.23784967087706813,0.221692759295499,0.0005779956402944964,0.0008383629425232105,0.0008383629425232105
ID_9HPWEF,0.9409416473937021,0.9327744173634585,0.9254949297278064,0.04384023671455394,0.04551085459062827,0.04551085459062827
ID_48PTGW,0.36497438178260094,0.23784967087706813,0.221692759295499,0.0005693664642931826,0.0008223042800678601,0.0008223042800678601
ID_GSHF7X,0.36497438178260094,0.23784967087706813,0.221692759295499,0.0005622728745919694,0.0008283189481067554,0.0008283189481067554
ID_72DBE5,0.36497438178260094,0.23784967087706813,0.221692759295499,0.0005735090768086974,0.0008255752187471482,0.0008255752187471482
ID_H8FI6N,0.36497438178260094,0.23784967087706813,0.221692759295499,0.0005622728745919694,0.0008283194821752679,0.0008283194821752679
ID_897NU8,0.36497438178260094,0.23784967087706813,0.221692759295499,0.0005604404124428359,0.0008295967707668707,0.0008295967707668707
ID_PS57CR,0.36497438178260094,0.23784967087706813,0.221692759295499,0.0005505318913775908,0.000811595535160821,0.000811595535160821
ID_VLC084,0.36497438178260094,0.23784967087706813,0.221692759295499,0.0005853445717687578,0.0008127524316852697,0.0008127524316852697
ID_0TQQFQ,0.36497438178260094,0.23784967087706813,0.221692759295499,0.0005622728745919694,0.0008283467557562838,0.0008283467557562838
ID_E94KOM,0.9839083792919409,0.9814227005870841,0.9819553460238392,0.21083888847922164,0.24402153382479408,0.3327367682081946
ID_DBOXYC,0.36497438178260094,0.23784967087706813,0.221692759295499,0.0005597127071110129,0.0007986938007049915,0.0007986938007049915
ID_Z8WJLG,0.36497438178260094,0.23784967087706813,0.221692759295499,0.0005622728745919694,0.0008283467557562838,0.0008283467557562838
ID_D7H9P4,0.36497438178260094,0.23784967087706813,0.221692759295499,0.0005735090768086974,0.0008255752187471482,0.0008255752187471482
ID_HNBXAQ,0.36497438178260094,0.23784967087706813,0.221692759295499,0.0005602612982614453,0.0008271262983530411,0.0008271262983530411
ID_T0YIRE,0.36497438178260094,0.23784967087706813,0.221692759295499,0.0005695133103505677,0.0008298125082479435,0.0008298125082479435
ID_9PTBA8,0.9356151930261519,0.9270928660380715,0.9224766055861946,0.03582976483960479,0.037108918620529945,0.037108918620529945
ID_7GNPFS,0.923719444938623,0.9137767301191959,0.8992177548478918,0.019429296429075406,0.019429296429075406,0.019429296429075406
ID_LDL582,0.36497438178260094,0.23784967087706813,0.221692759295499,0.000560341722876541,0.0008271560981686718,0.0008271560981686718
ID_QDFKYG,0.001,0.001,0.001,1.5855034065717322e-05,1.5855034065717322e-05,1.5855034065717322e-05
ID_E9HXCI,0.001,0.001,0.001,1.5855034065717322e-05,1.5855034065717322e-05,1.5855034065717322e-05
ID_VXNUAB,0.001,0.001,0.001,1.5855034065717322e-05,1.5855034065717322e-05,1.5855034065717322e-05
ID_7X3ANU,0.001,0.001,0.001,1.5855034065717322e-05,1.5855034065717322e-05,1.5855034065717322e-05
ID_JHEJ6C,0.36497438178260094,0.7910907311866215,0.8243810709838106,0.001699262024826999,0.00559433522123466,0.008199024100758064
ID_PQEFSA,0.001,0.001,0.001,1.5855034065717322e-05,1.5855034065717322e-05,1.5855034065717322e-05
ID_74362O,0.36497438178260094,0.23784967087706813,0.221692759295499,0.000538333615366753,0.0009400318108597487,0.0009400318108597487
ID_ZYEPM4,0.7300140544387119,0.8076027397260274,0.8243810709838106,0.0017701783225545934,0.006515504749267784,0.0078851708847472
ID_NO41LI,0.36497438178260094,0.717053015477673,0.7588656822629425,0.000967681383734378,0.003657768561084067,0.004951926062995058
ID_A1BP0L,0.001,0.001,0.001,1.5855034065717322e-05,1.5855034065717322e-05,1.5855034065717322e-05
ID_833EID,0.36497438178260094,0.7610850382494218,0.8539428927237147,0.0015081955618566469,0.004801902150448873,0.017493603605889495
ID_QVFOVQ,0.36497438178260094,0.23784967087706813,0.4661770147660559,0.0006338998755109765,0.001010225511858369,0.0010934650046483933
ID_E8JXTE,0.8603346379647749,0.8907842020992706,0.9125338907667675,0.006485977863057499,0.015402004058216111,0.03975243845764358
ID_SW35TS,0.36497438178260094,0.7991691869774061,0.8243810709838106,0.0016617490041587522,0.006418530769293774,0.008413212948198367
ID_UE2F8Y,0.001,0.001,0.001,1.5855034065717322e-05,1.5855034065717322e-05,1.5855034065717322e-05
ID_EW9NJ2,0.36497438178260094,0.7991691869774061,0.8243810709838106,0.0016632038873620819,0.00642187647767434,0.008443153794150593
ID_J6FHL2,0.36497438178260094,0.7623278776018502,0.8542979896815514,0.0015090964599912763,0.004813601196281212,0.01750171875247129
ID_UGEC57,0.36497438178260094,0.23784967087706813,0.221692759295499,0.0006789306938484168,0.0009570338680721761,0.0009570338680721761
ID_VSQBO6,0.36497438178260094,0.23784967087706813,0.221692759295499,0.0006301689371338781,0.0011066766259069092,0.0011066766259069092
ID_UVXMIM,0.8179005515032912,0.8672590286425903,0.9228317025440312,0.00550642824354457,0.03839701579386984,0.10143437067135291
ID_T058KG,0.36497438178260094,0.23784967087706813,0.221692759295499,0.0004934764167772044,0.0007383784762005973,0.0007383784762005973
ID_VACRZA,0.36497438178260094,0.23784967087706813,0.221692759295499,0.00048361781224633626,0.0007301495082685054,0.0007301495082685054
ID_Y56MW9,0.36497438178260094,0.23784967087706813,0.221692759295499,0.0006144018517318861,0.0010326957322078904,0.0010335923988258815
ID_0DPIA8,0.36497438178260094,0.23784967087706813,0.221692759295499,0.0005029406104825944,0.0007311629500857166,0.0007311629500857166
ID_3U9J6G,0.36497438178260094,0.23784967087706813,0.221692759295499,0.0004988208617593524,0.0007424251794251906,0.0007424251794251906
ID_EUSZBN,0.36497438178260094,0.23784967087706813,0.221692759295499,0.0005254800967420514,0.0007537874266901645,0.0007537874266901645
ID_9E5OMC,0.36497438178260094,0.23784967087706813,0.221692759295499,0.00048361642404170276,0.0007301516865561438,0.0007301516865561438
ID_3R6KBU,0.36497438178260094,0.23784967087706813,0.221692759295499,0.0007065577384085748,0.00112463929921109,0.00112463929921109
ID_4TGSZ9,0.36497438178260094,0.23784967087706813,0.221692759295499,0.0006113398215273488,0.0010374346614527691,0.0010382148529270892
ID_NX8EEE,0.36497438178260094,0.23784967087706813,0.45534655755203696,0.0011927670919252723,0.0012999011170667298,0.0013663265883132184
ID_RWKSD3,0.36497438178260094,0.23784967087706813,0.221692759295499,0.0005332742374750886,0.000744760048440874,0.000744760048440874
ID_7X97V1,0.36497438178260094,0.23784967087706813,0.221692759295499,0.0005655004129985786,0.000733733494680801,0.000733733494680801
ID_2AFQRA,0.36497438178260094,0.23784967087706813,0.221692759295499,0.0004766127835395073,0.000730086491217692,0.000730086491217692
ID_Q1RU6X,0.36497438178260094,0.23784967087706813,0.221692759295499,0.0006114953731024442,0.001037608350900653,0.001038312286005814
ID_YC254M,0.36497438178260094,0.23784967087706813,0.221692759295499,0.00048450604804805663,0.000725291663107406,0.000725291663107406
ID_UNWPJB,0.36497438178260094,0.23784967087706813,0.221692759295499,0.0004988208617593524,0.0007424251794251906,0.0007424251794251906
ID_B660BU,0.36497438178260094,0.23784967087706813,0.221692759295499,0.00048477387170453167,0.0007302073530674504,0.0007302073530674504
ID_4ORCRP,0.36497438178260094,0.23784967087706813,0.221692759295499,0.0004766127835395073,0.000730086491217692,0.000730086491217692
ID_YFLCSJ,0.36497438178260094,0.23784967087706813,0.221692759295499,0.0005379496469849064,0.0007339307193147998,0.0007339307193147998
ID_733Z0L,0.36497438178260094,0.23784967087706813,0.221692759295499,0.0004976708918277081,0.0007314564267094803,0.0007314564267094803
ID_KB7EEN,0.36497438178260094,0.23784967087706813,0.221692759295499,0.0004988208617593524,0.0007424251794251906,0.0007424251794251906
ID_066CHB,0.36497438178260094,0.23784967087706813,0.221692759295499,0.0004775651793349382,0.0007310539891528234,0.0007310539891528234
ID_BEU1N6,0.36497438178260094,0.23784967087706813,0.221692759295499,0.0004935058658052695,0.0007701921239798905,0.0007701921239798905
ID_C8R4WH,0.36497438178260094,0.23784967087706813,0.221692759295499,0.000479781546539578,0.0007211710906187894,0.0007211710906187894
ID_PI3I2J,0.36497438178260094,0.23784967087706813,0.221692759295499,0.0004766127835395073,0.000730086491217692,0.000730086491217692
ID_9PMVYR,0.36497438178260094,0.23784967087706813,0.221692759295499,0.000479781546539578,0.0007211710906187894,0.0007211710906187894
ID_Q7EXXO,0.36497438178260094,0.23784967087706813,0.221692759295499,0.000479781546539578,0.0007211710906187894,0.0007211710906187894
ID_CQKKBK,0.36497438178260094,0.23784967087706813,0.221692759295499,0.00047998281001554205,0.000719218611343246,0.000719218611343246
ID_9QR9WA,0.36497438178260094,0.23784967087706813,0.221692759295499,0.0004980891917835063,0.0007101005877413759,0.0007101005877413759
ID_FELSNU,0.36497438178260094,0.23784967087706813,0.221692759295499,0.0005024571549723893,0.0007208028170025776,0.0007208028170025776
ID_PNKANZ,0.36497438178260094,0.23784967087706813,0.221692759295499,0.0005320673332600841,0.0007436115576377576,0.0007436115576377576
ID_22JIZ1,0.36497438178260094,0.23784967087706813,0.221692759295499,0.000535184269956675,0.0007425517225489175,0.0007425517225489175
ID_IRZOS2,0.36497438178260094,0.60280056929372,0.5926803059953745,0.0013806410200336793,0.001997298569704082,0.0021117268162119673
ID_PHQQ0F,0.7840775662693471,0.5776774595267746,0.5917037893613236,0.0020242211925371083,0.0020242211925371083,0.0020242211925371083
ID_IW2314,0.7845214374666429,0.5785652019213663,0.5828263654154064,0.0020394795300656345,0.0020394795300656345,0.0020394795300656345
ID_8UX59T,0.36497438178260094,0.23784967087706813,0.221692759295499,0.0005078571123421767,0.0007365934816859435,0.0007365934816859435
ID_4VMFY1,0.36497438178260094,0.23784967087706813,0.221692759295499,0.00048372197266492083,0.0006966175277856557,0.0006966175277856557
ID_NAS5OH,0.36497438178260094,0.23784967087706813,0.221692759295499,0.0004795657457020555,0.0007175320379374776,0.0007175320379374776
ID_B5C6RJ,0.36497438178260094,0.23784967087706813,0.221692759295499,0.0004766127835395073,0.000730086491217692,0.000730086491217692
ID_PXCAKA,0.36497438178260094,0.23784967087706813,0.221692759295499,0.0006144018517318861,0.001032899811930109,0.0010336297228288288
ID_T7JWJL,0.36497438178260094,0.23784967087706813,0.221692759295499,0.000521417743538513,0.000733005364154703,0.000733005364154703
ID_Z40GIH,0.36497438178260094,0.23784967087706813,0.221692759295499,0.000531008637229092,0.0007484479709376162,0.0007484479709376162
ID_7B6TSR,0.36497438178260094,0.23784967087706813,0.221692759295499,0.0004988208617593524,0.0007424251794251906,0.0007424251794251906
ID_T8UE85,0.36497438178260094,0.23784967087706813,0.221692759295499,0.0006145316744488164,0.0010329925186895101,0.001033646927972036
ID_N2GA6J,0.36497438178260094,0.23784967087706813,0.221692759295499,0.0004973676829276215,0.0007182082494698732,0.0007182082494698732
ID_X7QNEK,0.36497438178260094,0.23784967087706813,0.221692759295499,0.0008408196155748576,0.0010623883990556156,0.0010623903930887485
ID_L03W0G,0.36497438178260094,0.23784967087706813,0.221692759295499,0.0005397431837993481,0.0007159436378631784,0.0007159436378631784
ID_5UDF18,0.36497438178260094,0.23784967087706813,0.221692759295499,0.0004976708918277081,0.0007314564267094803,0.0007314564267094803
ID_TT098H,0.36497438178260094,0.23784967087706813,0.221692759295499,0.00048384032007287204,0.000726740367015096,0.000726740367015096
ID_5QZP6R,0.36497438178260094,0.23784967087706813,0.221692759295499,0.0005307253548834719,0.0007062493099379226,0.0007062493099379226
ID_EH54DK,0.8843036826187511,0.8607785091620708,0.838584949297278,0.007448843738659152,0.009611194593768255,0.01004961669753344
ID_PALW0Q,0.36497438178260094,0.23784967087706813,0.221692759295499,0.0009610606435997526,0.0011776419210384964,0.001211083504013993
ID_KSA6SI,0.36497438178260094,0.23784967087706813,0.221692759295499,0.0004934764167772044,0.0007383784762005973,0.0007383784762005973
ID_YDQ1KZ,0.36497438178260094,0.23784967087706813,0.221692759295499,0.0005174410383822101,0.0007405568601744732,0.0007405568601744732
ID_7TRIGH,0.36497438178260094,0.23784967087706813,0.221692759295499,0.000479781546539578,0.0007211710906187894,0.0007211710906187894
ID_T2KMPX,0.36497438178260094,0.23784967087706813,0.221692759295499,0.0004935058658052695,0.0007504187376922023,0.0007504187376922023
ID_W6H2GG,0.36497438178260094,0.23784967087706813,0.221692759295499,0.0004766127835395073,0.000730086491217692,0.000730086491217692
ID_CQOM1C,0.36497438178260094,0.23784967087706813,0.221692759295499,0.0004993155057739784,0.0007563273001662736,0.0007563273001662736
ID_V4PFS3,0.36497438178260094,0.23784967087706813,0.221692759295499,0.000494205441552476,0.0007170729956397322,0.0007170729956397322
ID_7SSXA0,0.36497438178260094,0.23784967087706813,0.221692759295499,0.00047924217183606865,0.0007077228557133204,0.0007077228557133204
ID_904OMU,0.36497438178260094,0.23784967087706813,0.221692759295499,0.000479781546539578,0.0007211710906187894,0.0007211710906187894
ID_UPD1SQ,0.36497438178260094,0.23784967087706813,0.221692759295499,0.0005297186012628558,0.0007200602181277059,0.0007200602181277059
ID_3BE6BK,0.36497438178260094,0.23784967087706813,0.221692759295499,0.0004729235959572821,0.0007151538525632387,0.0007151538525632387
ID_ROX1RX,0.36497438178260094,0.23784967087706813,0.221692759295499,0.0005244754863809735,0.0007535117953954391,0.0007535117953954391
ID_HJN7VE,0.36497438178260094,0.23784967087706813,0.221692759295499,0.0004875481545433924,0.0007192020758085665,0.0007192020758085665
ID_HQT8FR,0.36497438178260094,0.5642725493684397,0.578387653442448,0.0013087532538751626,0.0017708390311648573,0.001928593482324559
ID_IT2HDM,0.36497438178260094,0.23784967087706813,0.221692759295499,0.0005320673332600841,0.0007436115576377576,0.0007436115576377576
ID_YNKD7B,0.7816806618039495,0.5908160469667318,0.5940119195872621,0.002011789712035452,0.002011789712035452,0.0020526717829711548
ID_9QKC85,0.36497438178260094,0.23784967087706813,0.221692759295499,0.0005297186012628558,0.0007200602181277059,0.0007200602181277059
ID_QO4II7,0.36497438178260094,0.23784967087706813,0.221692759295499,0.0004798583637573379,0.0007362404920716023,0.0007362404920716023
ID_EXZ3UM,0.36497438178260094,0.23784967087706813,0.221692759295499,0.00047661449027111785,0.0007442293135931507,0.0007442293135931507
ID_REKC8W,0.36497438178260094,0.23784967087706813,0.221692759295499,0.0006145316744488164,0.001033032350899902,0.0010336954188969714
ID_ATOZFV,0.36497438178260094,0.23784967087706813,0.221692759295499,0.0005289622912830518,0.0007071593194990963,0.0007071593194990963
ID_XUPA46,0.36497438178260094,0.23784967087706813,0.221692759295499,0.000608135293545461,0.0007924215154408329,0.0007924215154408329
ID_BTIN8A,0.36497438178260094,0.23784967087706813,0.221692759295499,0.0005336578601491076,0.0007216432922517273,0.0007216432922517273
ID_4A8R3V,0.36497438178260094,0.23784967087706813,0.221692759295499,0.0008986260898122531,0.0011413365592846494,0.0011540639699953116
ID_QPZL6F,0.36497438178260094,0.23784967087706813,0.221692759295499,0.000479781546539578,0.0007211710906187894,0.0007211710906187894
ID_45449H,0.36497438178260094,0.23784967087706813,0.221692759295499,0.0005358093213525515,0.00072754626064558,0.00072754626064558
ID_3QF1JY,0.36497438178260094,0.23784967087706813,0.221692759295499,0.00047662825805047334,0.0007383465163377512,0.0007383465163377512
ID_ZO8KHA,0.36497438178260094,0.23784967087706813,0.221692759295499,0.0005108655122992031,0.0007283282838781643,0.0007283282838781643
ID_K9PYT8,0.36497438178260094,0.23784967087706813,0.221692759295499,0.0004802129318689168,0.0007197728307855925,0.0007197728307855925
ID_QI8JG9,0.36497438178260094,0.23784967087706813,0.221692759295499,0.0008943555149110271,0.0011382591567752108,0.0011516433220575808
ID_QQTRMM,0.36497438178260094,0.23784967087706813,0.221692759295499,0.0005057045810446763,0.0007490172233895197,0.0007490172233895197
ID_TH808E,0.36497438178260094,0.23784967087706813,0.221692759295499,0.0006146607774430986,0.0010331515578566191,0.0010340146710636398
ID_LMWRAC,0.36497438178260094,0.23784967087706813,0.221692759295499,0.0005057045810446763,0.0007491225192779725,0.0007491225192779725
ID_AW91U7,0.36497438178260094,0.23784967087706813,0.221692759295499,0.0004795657457020555,0.0007175320379374776,0.0007175320379374776
ID_G90D2D,0.8844812310976694,0.8607785091620708,0.838584949297278,0.007460119445136699,0.009624702579486418,0.01011092172882005
ID_RAVU77,0.36497438178260094,0.23784967087706813,0.221692759295499,0.0005070250172048511,0.0007094213756740816,0.0007094213756740816
ID_61GEC6,0.8210964241238213,0.7437740615548835,0.7929549902152642,0.0036161715120774456,0.0039552507499564776,0.006799531664696833
ID_MVNZ8F,0.7816806618039495,0.5912599181640278,0.5941894680661804,0.0020125277401352873,0.0020125277401352873,0.00205308152271152
ID_1QI418,0.36497438178260094,0.23784967087706813,0.221692759295499,0.0005042143466607636,0.0006880716594059502,0.0006880716594059502
ID_DQP75D,0.36497438178260094,0.23784967087706813,0.221692759295499,0.000479781546539578,0.0007211710906187894,0.0007211710906187894
ID_TKOQON,0.36497438178260094,0.23784967087706813,0.221692759295499,0.000720154391017575,0.0008190851436688494,0.0008190851436688494
ID_3HTFW1,0.36497438178260094,0.5664919053549191,0.5950772104607721,0.001356729411109399,0.001785668143551571,0.002010985667698101
ID_8KEJPH,0.36497438178260094,0.23784967087706813,0.221692759295499,0.0004827225353379972,0.0007378376075973195,0.0007378376075973195
ID_J8AEJ1,0.36497438178260094,0.23784967087706813,0.221692759295499,0.0005193865184612341,0.0007322496003624899,0.0007322496003624899
ID_ECH1M4,0.36497438178260094,0.23784967087706813,0.221692759295499,0.0005070250172048511,0.0007094213756740816,0.0007094213756740816
ID_D88GUO,0.36497438178260094,0.23784967087706813,0.221692759295499,0.0005219588576025478,0.000716308439164074,0.000716308439164074
ID_6U3FDV,0.36497438178260094,0.23784967087706813,0.221692759295499,0.0005599139893158992,0.0007059838680280211,0.0007059838680280211
ID_IITBB8,0.36497438178260094,0.23784967087706813,0.221692759295499,0.0005557896361079946,0.0007302778708157194,0.0007302778708157194
ID_1NH2JD,0.36497438178260094,0.23784967087706813,0.221692759295499,0.0004935058658052695,0.0007504194964603828,0.0007504194964603828
ID_83W49H,0.36497438178260094,0.23784967087706813,0.221692759295499,0.000479781546539578,0.0007211710906187894,0.0007211710906187894
ID_W9M82U,0.36497438178260094,0.23784967087706813,0.221692759295499,0.0006147353125032213,0.0010335923988258815,0.0010346444598237265
ID_TJ3MK7,0.36497438178260094,0.23784967087706813,0.221692759295499,0.0004795617480949161,0.0007329435479609544,0.0007329435479609544
ID_45IHF3,0.36497438178260094,0.23784967087706813,0.221692759295499,0.0005111355746679203,0.0007295551246050338,0.0007295551246050338
ID_W9UTJU,0.36497438178260094,0.23784967087706813,0.221692759295499,0.0005070250172048511,0.0007094213756740816,0.0007094213756740816
ID_GFQSV3,0.36497438178260094,0.23784967087706813,0.221692759295499,0.0005297186012628558,0.0007200602181277059,0.0007200602181277059
ID_G8MQYI,0.36497438178260094,0.23784967087706813,0.221692759295499,0.0005097649429272425,0.0007205676321345356,0.0007205676321345356
ID_K9FWUG,0.8042293186265789,0.6157616082547589,0.629344066892012,0.002161181647645776,0.002161181647645776,0.002161181647645776
ID_2CCRSP,0.36497438178260094,0.23784967087706813,0.221692759295499,0.0005106086825710248,0.0007365446183616538,0.0007365446183616538
ID_U1ST6M,0.36497438178260094,0.23784967087706813,0.221692759295499,0.0004774461171963549,0.0007208253477693877,0.0007208253477693877
ID_BIBW8E,0.36497438178260094,0.23784967087706813,0.221692759295499,0.0005054383473174631,0.0007511993998118694,0.0007511993998118694
ID_G1TRLN,0.36497438178260094,0.23784967087706813,0.221692759295499,0.0006147708543971807,0.0010336297228288288,0.0010346499323330455
ID_ZDCCE5,0.36497438178260094,0.23784967087706813,0.221692759295499,0.0004795617480949161,0.0007329435479609544,0.0007329435479609544
ID_GJ1X0Y,0.36497438178260094,0.23784967087706813,0.221692759295499,0.0005098762270669368,0.0007200065999163914,0.0007200065999163914
ID_6R8K2I,0.36497438178260094,0.23784967087706813,0.221692759295499,0.00053299119134823,0.000746330659735518,0.000746330659735518
ID_SB5WMN,0.36497438178260094,0.23784967087706813,0.221692759295499,0.0004979015763778766,0.0007265859494303184,0.0007265859494303184
ID_IDNZZO,0.36497438178260094,0.23784967087706813,0.221692759295499,0.0005070250172048511,0.0007094213756740816,0.0007094213756740816
ID_1QOW1W,0.36497438178260094,0.23784967087706813,0.221692759295499,0.0005289622912830518,0.0007071593194990963,0.0007071593194990963
ID_8WP8VX,0.36497438178260094,0.23784967087706813,0.221692759295499,0.0008708475157899012,0.001126594545681416,0.001126594545681416
ID_XELVEF,0.36497438178260094,0.23784967087706813,0.221692759295499,0.0005410672450172101,0.0007181375799714161,0.0007181375799714161
ID_54OCQC,0.837519658423768,0.8158587439957303,0.8419583703967266,0.002883804959328435,0.004182286573666277,0.009518469959930498
ID_8PAGNV,0.8603346379647749,0.8238484255470557,0.8419583703967266,0.0042025547355993235,0.004346646653188627,0.008981539066523438
ID_GYR7IN,0.7532729051770147,0.6731985411848426,0.6837626756804839,0.0012294596397154733,0.002075244466486279,0.002547574986918436
ID_FLBXIB,0.8603346379647749,0.8458644369329301,0.8644182529798968,0.005310819927270998,0.006316240907815395,0.012849834526064795
ID_5VQXP0,0.8603346379647749,0.8380523038605231,0.8467521793275218,0.004738928170168641,0.005561612424895263,0.010348617027433952
ID_C85QWY,0.9379233232520904,0.9324193204056218,0.9370355808574986,0.028933324575316735,0.030065767769727917,0.05245555803254589
ID_HMDPWN,0.36497438178260094,0.23784967087706813,0.221692759295499,0.0009952647456896216,0.0011784690141820704,0.0012168613313709227
ID_S213JS,0.36497438178260094,0.23784967087706813,0.221692759295499,0.0005153012052058562,0.00071980531719705,0.00071980531719705
ID_JJB0N9,0.9384559686888454,0.93153157801103,0.939254936843978,0.031606460650305104,0.03447070731476416,0.06161625580391469
ID_JI09Z4,0.36497438178260094,0.23784967087706813,0.221692759295499,0.0009953839441204431,0.0011786618110245389,0.0012169416471149355
ID_XQD518,0.7884275040028464,0.711904109589041,0.6670731186621597,0.002161181647645776,0.002716385909718987,0.002716385909718987
ID_6WA8X2,0.36497438178260094,0.23784967087706813,0.221692759295499,0.000525339723366557,0.0007434394285965669,0.0007434394285965669
ID_LV4Z3X,0.36497438178260094,0.23784967087706813,0.221692759295499,0.0005369363592237887,0.0007577353689238928,0.0007577353689238928
ID_HG6O68,0.36497438178260094,0.23784967087706813,0.221692759295499,0.0005153012052058562,0.00071980531719705,0.00071980531719705
ID_U5R2MX,0.36497438178260094,0.23784967087706813,0.221692759295499,0.0004860109678324805,0.0007417690010042523,0.0007417690010042523
ID_P91KWI,0.36497438178260094,0.23784967087706813,0.44664668208503827,0.0010401766821901107,0.001242833023627376,0.0013130469530040422
ID_1LR5GS,0.36497438178260094,0.23784967087706813,0.221692759295499,0.0009961608316465947,0.0011787648795862668,0.0012171100816718227
ID_4V99R0,0.36497438178260094,0.23784967087706813,0.221692759295499,0.0009810023278520937,0.0011542141849112955,0.0011720753808513115
ID_K7VOHK,0.9595842376801281,0.9542577833125778,0.9537251378758228,0.08340869768527626,0.08340869768527626,0.1273460870502207
ID_CW7BS0,0.7884275040028464,0.711904109589041,0.6670731186621597,0.002161181647645776,0.0027214626572922593,0.0027214626572922593
ID_AFAB4R,0.36497438178260094,0.23784967087706813,0.221692759295499,0.0009789164126469583,0.0011537128854703228,0.0011698888544804656
ID_78AWWK,0.36497438178260094,0.23784967087706813,0.221692759295499,0.0005337888488505404,0.0008223042800678601,0.0008223042800678601
ID_STJEV5,0.36497438178260094,0.23784967087706813,0.221692759295499,0.0005058337366529982,0.0008375422396329612,0.0008375422396329612
ID_SNEFWM,0.36497438178260094,0.23784967087706813,0.44265184130937557,0.0010269025608623792,0.0012208668346942754,0.0012692779871553894
ID_1Z5H24,0.36497438178260094,0.23784967087706813,0.221692759295499,0.0004934557759708866,0.0008366544273907137,0.0008366544273907137
ID_5Y7E9L,0.36497438178260094,0.23784967087706813,0.44309571250667146,0.0010269025608623792,0.0012217933485309427,0.001269931244432557
ID_SQPD1Y,0.36497438178260094,0.23784967087706813,0.221692759295499,0.0005481680954409013,0.0007726906496505579,0.0007726906496505579
ID_QGJOBR,0.36497438178260094,0.23784967087706813,0.221692759295499,0.0009967361804126256,0.0011795773576528876,0.0012177927615679635
ID_FK332O,0.36497438178260094,0.23784967087706813,0.4432732609855898,0.0010269025608623792,0.0012232832874953655,0.0012704090708513082
ID_W4K932,0.36497438178260094,0.23784967087706813,0.221692759295499,0.000494045151230864,0.00083829191069604,0.00083829191069604
ID_5C4970,0.36497438178260094,0.23784967087706813,0.221692759295499,0.0009975000164184015,0.0011801974608412525,0.0012188567259440418
ID_0QG01H,0.787184664650418,0.6854493862302081,0.6548222736167941,0.0020977941715187693,0.0026247656385919587,0.0026247656385919587
ID_E1URRC,0.36497438178260094,0.23784967087706813,0.221692759295499,0.0009816454464087118,0.0011543737921184448,0.0011734895846792627
ID_ND44I5,0.36497438178260094,0.23784967087706813,0.49014605942003203,0.000967681383734378,0.0011692718618176122,0.0014027733228197572
ID_MOKPZ9,0.36497438178260094,0.23784967087706813,0.221692759295499,0.0004912291233755534,0.0007399904994966144,0.0007399904994966144
ID_YKQU0Q,0.36497438178260094,0.23784967087706813,0.221692759295499,0.000525339723366557,0.0007434394285965669,0.0007434394285965669
ID_20X7IL,0.36497438178260094,0.23784967087706813,0.221692759295499,0.000525339723366557,0.0007434394285965669,0.0007434394285965669
ID_XNR8IL,0.7884275040028464,0.6856269347091265,0.6550885963351717,0.002099008430066604,0.0026255805055951497,0.0026255805055951497
ID_PKK3GF,0.36497438178260094,0.23784967087706813,0.221692759295499,0.0009975000164184015,0.0011807163440826554,0.0012192206535964567
ID_L8XKD7,0.36497438178260094,0.23784967087706813,0.221692759295499,0.000563459521304211,0.0007358758533244926,0.0007358758533244926
ID_W6BRD9,0.36497438178260094,0.23784967087706813,0.221692759295499,0.0004845772618509729,0.0007394368395534154,0.0007394368395534154
ID_YR9NYE,0.36497438178260094,0.23784967087706813,0.221692759295499,0.000525339723366557,0.0007434394285965669,0.0007434394285965669
ID_C9SGUI,0.36497438178260094,0.23784967087706813,0.221692759295499,0.0009975000164184015,0.001181364312820279,0.0012219938104575446
ID_MTQKCA,0.36497438178260094,0.23784967087706813,0.221692759295499,0.0004982984916076048,0.0008278458604284998,0.0008278458604284998
ID_PVWOIW,0.36497438178260094,0.23784967087706813,0.49431844867461305,0.0010082747784588562,0.001191552678843667,0.0014263985533741908
ID_QE0PJR,0.36497438178260094,0.23784967087706813,0.4899685109411137,0.0009932333177498952,0.0011727739668316948,0.0014030226232735843
ID_XFDKO4,0.36497438178260094,0.23784967087706813,0.221692759295499,0.000997655404937902,0.0011820760660249765,0.001222583783570854
ID_V3C88O,0.36497438178260094,0.23784967087706813,0.221692759295499,0.00047555564274386064,0.000740408956092139,0.000740408956092139
ID_HW2F25,0.36497438178260094,0.23784967087706813,0.221692759295499,0.00048202733264339796,0.0007438444140536228,0.0007438444140536228
ID_02IJBN,0.36497438178260094,0.23784967087706813,0.221692759295499,0.00048202733264339796,0.0007438444140536228,0.0007438444140536228
ID_N3R2G6,0.36497438178260094,0.23784967087706813,0.221692759295499,0.0009824734178655252,0.0011544929515136249,0.001174849569342838
ID_MPKREV,0.36497438178260094,0.23784967087706813,0.221692759295499,0.0009980130967483522,0.0011821265538724615,0.001222591521534384
ID_4NOKI6,0.36497438178260094,0.23784967087706813,0.221692759295499,0.000525339723366557,0.0007434394285965669,0.0007434394285965669
ID_0UNLYT,0.36497438178260094,0.23784967087706813,0.221692759295499,0.0005001694133121707,0.0007611029515692138,0.0007611029515692138
ID_TYEL0C,0.36497438178260094,0.23784967087706813,0.221692759295499,0.0005162770064396722,0.000738840539104714,0.000738840539104714
ID_FEV7BL,0.36497438178260094,0.23784967087706813,0.221692759295499,0.0005162770064396722,0.000738840539104714,0.000738840539104714
ID_X1R31L,0.36497438178260094,0.23784967087706813,0.221692759295499,0.0005153012052058562,0.00071980531719705,0.00071980531719705
ID_XOOML1,0.8223392634762497,0.7955294431595802,0.7768868528731542,0.0032532254154638133,0.004323286464702972,0.004323286464702972
ID_UHO4EX,0.36497438178260094,0.23784967087706813,0.221692759295499,0.0009980308615430507,0.0011826619053037519,0.0012252301607578906
ID_FREVOR,0.36497438178260094,0.23784967087706813,0.221692759295499,0.00048600860565411194,0.0007452608338803974,0.0007452608338803974
ID_KB7C08,0.36497438178260094,0.23784967087706813,0.221692759295499,0.0005042356170811481,0.0008304994840532776,0.0008304994840532776
ID_PTA13J,0.36497438178260094,0.23784967087706813,0.221692759295499,0.000525339723366557,0.0007434394285965669,0.0007434394285965669
ID_PE2XKW,0.36497438178260094,0.23784967087706813,0.221692759295499,0.000999128128140716,0.0011830441504396773,0.0012291786259034936
ID_D4AGS1,0.36497438178260094,0.23784967087706813,0.221692759295499,0.0009991611082394013,0.0011840354040902352,0.0012296012981779262
ID_8NHTDF,0.9253173812488881,0.9208786692759295,0.9295785447429283,0.015424860336181569,0.018216638364087993,0.04722107797587733
ID_HL6L8P,0.36497438178260094,0.23784967087706813,0.221692759295499,0.0005042356170811481,0.0008305003789131655,0.0008305003789131655
ID_2LQ63Z,0.36497438178260094,0.23784967087706813,0.221692759295499,0.0009825414302029034,0.0011544929515136249,0.0011783569468215723
ID_MRS220,0.36497438178260094,0.23784967087706813,0.221692759295499,0.0009997115113381454,0.0011855049079182514,0.0012296474152548096
ID_ZAG8Y6,0.7884275040028464,0.6858044831880448,0.6554436932930083,0.002106547530642437,0.0026288874084191404,0.0026288874084191404
ID_F9LA3J,0.9741432129514321,0.9729891478384629,0.9963367728162249,0.2038784345304119,0.2547430974030584,0.803307318795727
ID_Y9DABF,0.8136393880092511,0.6969900373599004,0.711371464152286,0.0038743062921958622,0.0038743062921958622,0.0051884697797683465
ID_V3AI5Z,0.9340172567158869,0.9343723536737235,0.9762737946984523,0.042810823775049106,0.059186405747772966,0.2909847832155081
ID_88JV6U,0.8139057107276285,0.6971675858388187,0.711371464152286,0.003907442820354554,0.003907442820354554,0.005205736984280278
ID_RNX724,0.36497438178260094,0.23784967087706813,0.5407473759117595,0.0012609868370409528,0.0013050306641673465,0.0017345810288507987
ID_HGRAVW,0.36497438178260094,0.23784967087706813,0.5407473759117595,0.0012612835292963042,0.0013054960900146058,0.0017345810288507987
ID_CJRB1K,0.8070700942892723,0.6708016367194449,0.6975226827966554,0.0033465251714850748,0.0033465251714850748,0.00421592809809867
ID_PTSP80,0.36497438178260094,0.4765636007827789,0.5166007827788649,0.0012929293484378406,0.001345353533673806,0.0017050569731237974
ID_9EAVDN,0.36497438178260094,0.4765636007827789,0.5169558797367017,0.0012935938367150633,0.0013473441831287065,0.0017056591558969813
ID_YM45P0,0.8072476427681907,0.6708016367194449,0.6977002312755737,0.0033465251714850748,0.0033465251714850748,0.004223510923881869
ID_01A97D,0.36497438178260094,0.4765636007827789,0.5169558797367017,0.001296914405966431,0.0013559868690956659,0.0017071665121917159
ID_A1ECJZ,0.36497438178260094,0.4765636007827789,0.5169558797367017,0.0012974039958498457,0.0013566590822105826,0.0017077157651470074
ID_JOQSKL,0.8045844155844156,0.655798790250845,0.6755066714107809,0.002811244102013588,0.0029406122317017238,0.0034651003677554876
ID_C5CLUE,0.36497438178260094,0.23784967087706813,0.5350658245863725,0.0012863702761896326,0.0013279994086044086,0.0017372893764618892
ID_0C8KZH,0.9311764810531934,0.9258500266856432,0.9746758583881872,0.0401375441216455,0.047434429111120176,0.2718027198882758
ID_YHO3I2,0.8139057107276285,0.697345134317737,0.7120816580679594,0.0039127409086111165,0.0039127409086111165,0.005216462591880152
ID_AHK206,0.7701400106742572,0.8077802882049457,0.785586728340153,0.0015149900459907155,0.006648381720548934,0.006648381720548934
ID_ERLXBG,0.7574452944315958,0.7829235011563779,0.7522076143035047,0.001338061056548713,0.005394380221833678,0.005394380221833678
ID_3HL2C9,0.36497438178260094,0.23784967087706813,0.221692759295499,0.0005098844704848292,0.000958185346669665,0.000958185346669665
ID_5VE6UT,0.36497438178260094,0.6115004447607187,0.612210638676392,0.001037334399874383,0.0024113250448440913,0.0025370944480585162
ID_3E2WXH,0.7701400106742572,0.807957836683864,0.7857642768190714,0.0015153923637127866,0.006653824469909149,0.006653824469909149
ID_1BWM6H,0.7706726561110123,0.8081353851627824,0.7862081480163672,0.0015158751823913608,0.0066659285151939454,0.0066659285151939454
ID_NQVDII,0.7709389788293898,0.8083129336417008,0.7862081480163672,0.0015188983868068982,0.0066659285151939454,0.0066659285151939454
ID_9MXZMG,0.36497438178260094,0.23784967087706813,0.221692759295499,0.0005098844704848292,0.0009596894016960448,0.0009596894016960448
ID_LVAH3V,0.7516749688667497,0.8116863547411493,0.7941978295676926,0.001144740523800423,0.006507385126675651,0.006610881854184836
ID_QA38KR,0.7709389788293898,0.8085792563600782,0.7862081480163672,0.0015258099809534566,0.006697165151202877,0.006697165151202877
ID_QUPBR5,0.7712053015477673,0.8085792563600782,0.7862081480163672,0.0015299607414570586,0.006697444011812818,0.006697444011812818
ID_7DOD5R,0.36497438178260094,0.23784967087706813,0.221692759295499,0.0005344561398716094,0.0009546849510874174,0.0009546849510874174
ID_VNBIPS,0.36497438178260094,0.23784967087706813,0.221692759295499,0.0005098844704848292,0.0009612295332875868,0.0009612295332875868
ID_6P7N3B,0.9826655399395124,0.9867491549546344,0.9872818003913895,0.15976990149575515,0.3090771937222005,0.4772133216200748
ID_ZO2QTR,0.36497438178260094,0.5075458103540295,0.5854895925991817,0.001045280490790372,0.0017996708375260066,0.0023264129369109793
ID_FYU27B,0.36497438178260094,0.23784967087706813,0.221692759295499,0.0005098844704848292,0.0009619890473210255,0.0009619890473210255
ID_DBX7DS,0.36497438178260094,0.5974741149261698,0.6101688311688311,0.001112426454225596,0.0023074525234578116,0.0024721583620685695
ID_W5VGS0,0.36497438178260094,0.23784967087706813,0.221692759295499,0.0005441207541560551,0.0010200764375132667,0.001020528518897246
ID_DF3WU7,0.36497438178260094,0.23784967087706813,0.221692759295499,0.0005098844704848292,0.0009630722274194161,0.0009630722274194161
ID_I2M4VZ,0.36497438178260094,0.6824310620885964,0.682253513609678,0.0008078897507125638,0.0022081252196316796,0.0024967946149683294
ID_ERFJWP,0.36497438178260094,0.6115004447607187,0.6190462551147483,0.0011463193764928447,0.0023723145017296708,0.0025021493294759933
ID_9P61Y7,0.36497438178260094,0.6936166162604518,0.6886452588507382,0.0007254831788616908,0.0022078285599199748,0.0024662961322757843
ID_BF8224,0.36497438178260094,0.7582442625867284,0.7207815335349582,0.0010464709296421641,0.004828357887919876,0.004828357887919876
ID_KNHULM,0.7574452944315958,0.7829235011563779,0.7524739370218823,0.001338869539722242,0.005399085419349257,0.005399085419349257
ID_WZ8Q7B,0.36497438178260094,0.23784967087706813,0.221692759295499,0.0005098844704848292,0.0009634119794923095,0.0009634119794923095
ID_D9GW24,0.36497438178260094,0.7829235011563779,0.7465260629781177,0.0008017077469765497,0.005359348308669794,0.005359348308669794
ID_R6P82I,0.9615372709482298,0.9558557196228429,0.9539026863547411,0.07848006404908354,0.07904511826734269,0.10184312076275447
ID_OEPZP1,0.36497438178260094,0.5956986301369863,0.6070617327877601,0.0010781993976706646,0.002260159630739341,0.0024584708597038527
ID_AWGISG,0.7714716242661449,0.8091119017968333,0.7866520192136631,0.0015316918646729248,0.006713535604474903,0.006713535604474903
ID_U5TTSQ,0.7577116171499734,0.7878948585660914,0.7524739370218823,0.0013423747422504954,0.0054139267520810835,0.0054139267520810835
ID_58G5VW,0.36497438178260094,0.6115004447607187,0.6170932218466465,0.0009512413323523546,0.002161954855516041,0.002357271165314405
ID_D53KBD,0.36497438178260094,0.7610850382494218,0.7220243728873865,0.0008931270199901947,0.005145970112213251,0.005145970112213251
ID_L5XIHQ,0.36497438178260094,0.6753291229318626,0.6600599537448854,0.000677336291114113,0.002002524980403767,0.00214053393681912
ID_QJGRN9,0.36497438178260094,0.5077233588329478,0.5856671410780999,0.001045280490790372,0.0017996708375260066,0.0023264129369109793
ID_ANC2EL,0.36497438178260094,0.6229523216509518,0.6327174879914605,0.0011131414897731864,0.002462739298567265,0.002612271625227927
ID_UND8Q0,0.36497438178260094,0.5989832769969756,0.611145347802882,0.0011194396403320047,0.002313129486990983,0.002479174741366958
ID_ZAKPQT,0.36497438178260094,0.5989832769969756,0.6114116705212596,0.0011196690192991723,0.0023150784338744,0.002480963894518689
ID_V44OGQ,0.36497438178260094,0.5974741149261698,0.6103463796477495,0.001112445949890801,0.002308282169262639,0.0024737636563885463
ID_RXMSOV,0.36497438178260094,0.6581069204767835,0.6431928482476428,0.0005759844499249207,0.0019668817949357624,0.0020724918733929566
ID_RD8R38,0.36497438178260094,0.6959247464863904,0.6781698985945561,0.0006608729938801361,0.0020707375555904296,0.00220882491193538
ID_HPEF5S,0.36497438178260094,0.696279843444227,0.6785249955523929,0.0006610597369440099,0.002070988100830779,0.0022116682350005277
ID_NY1UNI,0.36497438178260094,0.696279843444227,0.6785249955523929,0.0006610597369440099,0.0020713752054871094,0.002211712080439085
ID_GS6HXS,0.9707697918519836,0.984441024728696,0.9859501867995019,0.12618869888299494,0.2636417458692385,0.44998234279438887
ID_CPYKMJ,0.36497438178260094,0.696279843444227,0.6785249955523929,0.0006610597369440099,0.0020733228012757452,0.0022139498940039605
ID_V6RK3N,0.36497438178260094,0.5989832769969756,0.6115892190001779,0.0011196690192991723,0.002316295534646947,0.0024852835791647006
ID_VHNKKG,0.7714716242661449,0.8091119017968333,0.7868295676925814,0.0015322831034903048,0.006732613973994049,0.006732613973994049
ID_912IN5,0.7578891656288916,0.7880724070450098,0.7527402597402598,0.0013426092152903281,0.005457402485294237,0.005457402485294237
ID_XJ8UQJ,0.7717379469845222,0.8091119017968333,0.7870071161714998,0.0015326791561680602,0.00675119351684025,0.00675119351684025
ID_SLUC5Z,0.36497438178260094,0.5974741149261698,0.6105239281266678,0.001112445949890801,0.0023084053962349827,0.002475957288183973
ID_B3GS6V,0.36497438178260094,0.23784967087706813,0.221692759295499,0.0005344561398716094,0.0009547641311486944,0.0009547641311486944
ID_HCZVFD,0.36497438178260094,0.23784967087706813,0.221692759295499,0.0005344561398716094,0.000954813336301186,0.000954813336301186
ID_11LXBP,0.36497438178260094,0.5079009073118662,0.5858446895570183,0.0010457673339073596,0.0017996708375260066,0.0023264129369109793
ID_943TOK,0.36497438178260094,0.7587769080234833,0.7209590820138765,0.0010469889080217067,0.004829004780135988,0.004829004780135988
ID_98OF3U,0.7719154954634406,0.8091119017968333,0.787184664650418,0.001534781515294173,0.0067702012767478165,0.0067702012767478165
ID_AIQRMM,0.36497438178260094,0.5993383739548124,0.6117667674790962,0.0011196690192991723,0.0023166763867256686,0.0024858951578652796
ID_8AKZAI,0.9851512186443693,0.9888797367016545,0.9876368973492261,0.2452793791608121,0.3501234047777086,0.5023285184766203
ID_3ERPGD,0.36497438178260094,0.5995159224337306,0.6119443159580147,0.0011196690192991723,0.002317169635303631,0.002489587611078258
ID_9N2BZ0,0.36497438178260094,0.23784967087706813,0.221692759295499,0.0005162046619239396,0.000954358855325587,0.000954358855325587
ID_ELGE1U,0.36497438178260094,0.23784967087706813,0.221692759295499,0.0005338378512932059,0.0009546849510874174,0.0009546849510874174
ID_NSSWZI,0.36497438178260094,0.5956986301369863,0.6076831524639743,0.0010782684193365144,0.002264241518895497,0.002460970456558959
ID_RI54E7,0.36497438178260094,0.5080784557907846,0.5860222380359367,0.0010461440043618845,0.0018003524466356049,0.0023264129369109793
ID_7E6BAM,0.36497438178260094,0.23784967087706813,0.221692759295499,0.0005098844704848292,0.0009634119794923095,0.0009634119794923095
ID_8T01EV,0.7555810354029532,0.7829235011563779,0.7588656822629425,0.0013364469884079224,0.005746584670106098,0.005746584670106098
ID_XQNM9U,0.36497438178260094,0.23784967087706813,0.221692759295499,0.0005098844704848292,0.0009634187340213677,0.0009634187340213677
ID_5T9X89,0.75806671410781,0.7882499555239281,0.7529178082191781,0.0013439004590310114,0.0054822869681431935,0.0054822869681431935
ID_UNCSDQ,0.7866520192136631,0.8184331969400462,0.8057384806973849,0.0017357002920320701,0.007030454054336785,0.007030454054336785
ID_NN5TUZ,0.9837308308130226,0.9869267034335528,0.9851512186443693,0.22016859381094467,0.34616813594222723,0.45078310226607354
ID_VRS6GC,0.9931409001956947,0.9913654154065112,0.9892348336594912,0.4401728454991169,0.4401728454991169,0.5220757475670766
ID_13DMQK,0.36497438178260094,0.6037770859277708,0.6025342465753424,0.0010774904972286697,0.0022976386777192365,0.0024261502947218287
ID_ZP9WX2,0.7582442625867284,0.7885162782423056,0.7530953566980965,0.001344512696814615,0.0054997119453006026,0.0054997119453006026
ID_1I109E,0.36497438178260094,0.23784967087706813,0.221692759295499,0.0005098844704848292,0.0009634187340213677,0.0009634187340213677
ID_VSSJY6,0.36497438178260094,0.6753291229318626,0.660415050702722,0.0006777637619606484,0.002003138479027213,0.002141176100090338
ID_IEMM1P,0.36497438178260094,0.5964088240526597,0.583092688133784,0.0009499734866780206,0.0021411973812694063,0.0022597268743728776
ID_1ZVAM5,0.36497438178260094,0.6115004447607187,0.617359544565024,0.0009525413046968108,0.0021633570540552536,0.0023595125396958408
ID_YOQAQP,0.7584218110656467,0.7885162782423056,0.7532729051770147,0.0013457284068741208,0.005524582570204139,0.005524582570204139
ID_ZHA6W2,0.36497438178260094,0.7484790962462194,0.7090633339263476,0.0008355133507392137,0.0041875795671705695,0.0041875795671705695
ID_F3ZEOL,0.36497438178260094,0.23784967087706813,0.221692759295499,0.0005098844704848292,0.0009634187340213677,0.0009634187340213677
ID_4LITIF,0.36497438178260094,0.23784967087706813,0.221692759295499,0.0005098844704848292,0.0009634187340213677,0.0009634187340213677
ID_5ETGVM,0.36497438178260094,0.5109192314534781,0.5943670165450987,0.0010559713992324843,0.001842558019852577,0.0023743630359573924
ID_PQC182,0.9655321117238925,0.9584301725671588,0.9595842376801281,0.08383056370383844,0.08608410173328018,0.12482904574417983
ID_CS57AE,0.36497438178260094,0.5954323074186088,0.6070617327877601,0.0010588391849131978,0.0022529606586978485,0.002451693739825933
ID_9DOYYB,0.36497438178260094,0.23784967087706813,0.221692759295499,0.0005344561398716094,0.000954813336301186,0.000954813336301186
ID_3L5YZU,0.758599359544565,0.7887826009606831,0.7534504536559331,0.0013466686008256038,0.005547129810195236,0.005547129810195236
ID_6XOCO5,0.9669524995552393,0.9625137875822807,0.9608270770325565,0.08605003038014948,0.08886368616340376,0.12111776057849848
ID_9X5DUT,0.772093043942359,0.8098220957125066,0.7873622131293364,0.0015354982751114288,0.006781999085591429,0.006781999085591429
ID_SH20YB,0.36497438178260094,0.5155354919053549,0.5918813378402419,0.0010464552656338762,0.0019348810589088494,0.002427343009210054
ID_FHGVV9,0.36497438178260094,0.598095534602384,0.6107014766055863,0.001112445949890801,0.0023084053962349827,0.002476777435006813
ID_L4O697,0.7722705924212774,0.8098220957125066,0.7875397616082547,0.0015358647000640868,0.006802475717274781,0.006802475717274781
ID_FC6AVA,0.36497438178260094,0.6018240526596691,0.6043097313645259,0.0009357055278445861,0.002118254310184572,0.0023268141581474144
ID_IX1XZE,0.36497438178260094,0.6801229318626579,0.6641435687600071,0.0007343269871035534,0.0020173240935385025,0.002167192500928321
ID_WLB3OY,0.7597534246575343,0.7889601494396016,0.7536280021348514,0.0013495999370258956,0.005554496564655617,0.005554496564655617
ID_IVGM81,0.36497438178260094,0.23784967087706813,0.221692759295499,0.0005344561398716094,0.0009560688069806795,0.0009560688069806795
ID_OU57VU,0.9917205123643479,0.9897674790962462,0.9879919943070629,0.32452882265418226,0.38072025922474695,0.4678575885589535
ID_5ESG41,0.7724481409001958,0.8098220957125066,0.7877173100871732,0.0015358647000640868,0.006806810709265851,0.006806810709265851
ID_J8UC33,0.36497438178260094,0.7664114926169721,0.7368496708770681,0.0007210367490571856,0.0030323171348514634,0.003100911781817364
ID_RZTGRM,0.36497438178260094,0.23784967087706813,0.221692759295499,0.00048714755916439345,0.0010783721824890648,0.0010847752609996503
ID_X20N3V,0.36497438178260094,0.8238484255470557,0.8107986123465575,0.001215892614054901,0.008889008104599668,0.010119929684967725
ID_FJEDHF,0.36497438178260094,0.6355582636541541,0.6161167052125957,0.0006015981234212167,0.0022009282828234136,0.002287682822629882
ID_SJE34O,0.36497438178260094,0.5773223625689379,0.5432330546166163,0.0005448669075893106,0.0017124123877194175,0.0017581743947130907
ID_RZ9Y4F,0.8356553993951253,0.9673963707525352,0.9771615370930439,0.008386811094169168,0.14653074584459064,0.26606667958202207
ID_RS03YH,0.36497438178260094,0.5595675146771036,0.5346219533890767,0.0005554017286631521,0.001639944134703226,0.0016977453149882467
ID_T3ZPB4,0.36497438178260094,0.23784967087706813,0.221692759295499,0.0005492919605996574,0.0011282389347597858,0.0011315590177210847
ID_BKMKQW,0.36497438178260094,0.23784967087706813,0.221692759295499,0.000549205474453839,0.001089123397879468,0.0010895633464728224
ID_VR1KM6,0.36497438178260094,0.7918009251022949,0.8288197829567693,0.0017034819500195376,0.005996413981180466,0.008189768275302201
ID_SVZ7XA,0.36497438178260094,0.7666778153353496,0.7368496708770681,0.0007210769442180729,0.0030323171348514634,0.0031013639579091936
ID_FXZJ9P,0.36497438178260094,0.8143495819249243,0.7941978295676926,0.0013518337270322757,0.009105116202139982,0.009105116202139982
ID_KNMLWQ,0.36497438178260094,0.8070700942892723,0.7911795054260808,0.0012197939764822183,0.007914299950958804,0.008497701238841502
ID_IKARHH,0.36497438178260094,0.7771531755915317,0.7475025796121686,0.0007199817265803847,0.003139843856103921,0.0032241148180000936
ID_EG3WG1,0.36497438178260094,0.6355582636541541,0.6161167052125957,0.0006017445849354576,0.002203686411398686,0.0022894698907633244
ID_5YP67S,0.36497438178260094,0.7666778153353496,0.7368496708770681,0.0007213860186980759,0.0030340976919123845,0.0031109667298906056
ID_KHCER6,0.36497438178260094,0.63600213485145,0.6166493506493507,0.0006017445849354576,0.0022046720745542946,0.0022897214205712057
ID_LB1ZVJ,0.36497438178260094,0.7669441380537272,0.7374710905532823,0.0007213860186980759,0.0030373069468742422,0.003111028421593395
ID_HXW1NS,0.36497438178260094,0.5964088240526597,0.5708418430884183,0.0005699845992296011,0.00180474677025396,0.0018764435141862188
ID_025265,0.36497438178260094,0.7271732787760185,0.8002344778509163,0.0012086887096572365,0.003489266015692477,0.0055347019196552135
ID_TUZVTJ,0.36497438178260094,0.6456785269524995,0.6258818715531045,0.0005993956182867092,0.0022059541447052218,0.002300684644830001
ID_8412IY,0.36497438178260094,0.6190462551147483,0.6000485678704857,0.0006292858740359992,0.0020301824380815894,0.0021175724052255795
ID_YS28JJ,0.36497438178260094,0.645856075431418,0.6258818715531045,0.0005994928894544941,0.0022070750223042402,0.0023035491944612603
ID_KV57PL,0.36497438178260094,0.727883472691692,0.8002344778509163,0.0012086887096572365,0.003489963164979225,0.00551923949093659
ID_R7MUTH,0.36497438178260094,0.8238484255470557,0.8107986123465575,0.0012160536527577035,0.008899688880948721,0.010119929684967725
ID_7W8OTR,0.36497438178260094,0.825623910336239,0.8118639032200676,0.0013184976597938175,0.008571254404073898,0.00929042695062651
ID_RLR27L,0.36497438178260094,0.23784967087706813,0.221692759295499,0.0005028078776940559,0.0011406466043954893,0.0011538445515259902
ID_K810PX,0.36497438178260094,0.826067781533535,0.8033415762319872,0.0012494976810330915,0.009355799045461707,0.009355799045461707
ID_IV0V7P,0.36497438178260094,0.7829235011563779,0.8310391389432485,0.0016860320524602923,0.005606236592949468,0.00914243159151173
ID_JWVELH,0.36497438178260094,0.23784967087706813,0.221692759295499,0.000551267968818259,0.0011285901630978437,0.0011321297813159095
ID_YK437J,0.36497438178260094,0.5561940935776553,0.5288516278242306,0.0005383180969029344,0.0015995809859716398,0.0016206644243087133
ID_M8HQOP,0.36497438178260094,0.23784967087706813,0.221692759295499,0.0005557895767966567,0.0011303815029446928,0.0011349872843290352
ID_P53TGF,0.36497438178260094,0.23784967087706813,0.221692759295499,0.00051846224289389,0.0011338444719193098,0.001143226444763208
ID_0GMSEZ,0.36497438178260094,0.8221617149973314,0.8039629959082014,0.0012310115325201614,0.00911444115891687,0.009202102101416507
ID_O8GCOX,0.36497438178260094,0.5959649528553638,0.5890405621775485,0.000550327060813618,0.001772495854752072,0.0018773375219178524
ID_IZ6LA1,0.36497438178260094,0.23784967087706813,0.221692759295499,0.00048188459032817173,0.0010983634990793063,0.0010983634990793063
ID_BTYO7S,0.36497438178260094,0.23784967087706813,0.221692759295499,0.0005086485831602897,0.001106965258393679,0.001106965258393679
ID_C4SULL,0.36497438178260094,0.5561940935776553,0.5290291763031489,0.000538333615366753,0.0016002057972423034,0.0016209370836710005
ID_78O60N,0.36497438178260094,0.6391980074719801,0.6670731186621597,0.001112426454225596,0.0025929567606577052,0.0028792369641031912
ID_5PJW4M,0.36497438178260094,0.8262453300124533,0.8035191247109056,0.0012496831745829689,0.009409571130859164,0.009409571130859164
ID_QW7JWQ,0.36497438178260094,0.5869099804305283,0.551932930083615,0.0005615713274334066,0.0017660313657964159,0.0018230214063147294
ID_6FCK76,0.36497438178260094,0.23784967087706813,0.221692759295499,0.0004927230596551544,0.0010768946380759529,0.001083834376113045
ID_J5T35I,0.7362282512008539,0.8297962995908201,0.9128889877246041,0.001970876902430202,0.012951004173762104,0.08107082592794553
ID_FIKPR0,0.36497438178260094,0.23784967087706813,0.221692759295499,0.0005482168132718379,0.0010956331293742682,0.0010956331293742682
ID_U4XVP2,0.36497438178260094,0.23784967087706813,0.221692759295499,0.0005159708007061026,0.0010768946380759529,0.0010838411883720353
ID_5DLUXE,0.7641033623910336,0.7829235011563779,0.7941978295676926,0.001598651308192865,0.004022877250732829,0.005615423265111923
ID_X86LHN,0.36497438178260094,0.6672506671410782,0.7094184308841842,0.0011310416229264922,0.002829574864423502,0.0035375712886338345
ID_14Q6RD,0.36497438178260094,0.8274881693648817,0.8020987368795588,0.0012571488777524456,0.009526300040584914,0.009526300040584914
ID_2X0LF9,0.36497438178260094,0.600226116349404,0.5746591353851628,0.0005622728745919694,0.0018012838582745474,0.0018715947162683746
ID_PZT1O4,0.36497438178260094,0.23784967087706813,0.221692759295499,0.00048188459032817173,0.0010983634990793063,0.0010983634990793063
ID_T0VXOC,0.36497438178260094,0.23784967087706813,0.221692759295499,0.0005243168902838661,0.0011021542451206897,0.0011021542451206897
ID_B8SSFI,0.36497438178260094,0.7671216865326455,0.7374710905532823,0.0007215082418671073,0.0030397861322392235,0.0031119499163698473
ID_2P5Y4J,0.36497438178260094,0.8238484255470557,0.8107986123465575,0.00121624457803007,0.008940612340650808,0.010147627075162268
ID_X3NJBT,0.36497438178260094,0.5762570716954278,0.5502462195338909,0.0005579656570696728,0.0017157219796710085,0.0018066050131503736
ID_KVD9F9,0.36497438178260094,0.538439245685821,0.5121620708059065,0.0005404738076551705,0.001511537969763276,0.0015418472351664085
ID_IT07FQ,0.36497438178260094,0.23784967087706813,0.221692759295499,0.0005024631371318488,0.0011194537561309457,0.0011194537561309457
ID_USJ774,0.36497438178260094,0.5466064757160647,0.5253006582458637,0.0005438324323097381,0.0015445902060168772,0.0015918638078443756
ID_88K33G,0.36497438178260094,0.6672506671410782,0.7094184308841842,0.0011311924229272022,0.002830761870433255,0.00354113900856852
ID_QY83BU,0.36497438178260094,0.5945445650240171,0.662012987012987,0.0010117819589929348,0.0022081252196316796,0.003006550583676719
ID_UF7243,0.36497438178260094,0.7465260629781177,0.8098220957125066,0.0012206926875810368,0.0038653697742059246,0.0058203556898001165
ID_B6RUJE,0.36497438178260094,0.8054721579790073,0.7854091798612347,0.0012688848281293998,0.0076657506193642,0.007676445341489781
ID_KVI6CR,0.36497438178260094,0.8195872620530156,0.7965947340330901,0.001274247146967145,0.009278314403474321,0.009278314403474321
ID_TCPBQ5,0.36497438178260094,0.5561940935776553,0.5292067247820672,0.000538333615366753,0.0016008752132879202,0.0016225432005137518
ID_0A3D61,0.36497438178260094,0.8238484255470557,0.8107986123465575,0.0012174939697213783,0.008958789427631465,0.010163242353817476
ID_IUNS0S,0.36497438178260094,0.8131955168119552,0.7968610567514677,0.0012550059673949968,0.008062426213373176,0.008234439623956312
ID_BAL7PW,0.36497438178260094,0.8214515210816581,0.8020987368795588,0.0012288793524391176,0.009317825314187015,0.009317825314187015
ID_HIBJMU,0.36497438178260094,0.5847793986835083,0.5483819605052482,0.0005887614030132876,0.0016923042635774948,0.0017347032052722816
ID_YA57G5,0.36497438178260094,0.7404894146948942,0.8084904821206191,0.0012110850755246644,0.0037464319404294016,0.005648530864527154
ID_TP1FM0,0.36497438178260094,0.5566379647749511,0.5293842732609856,0.000538333615366753,0.001601207493203764,0.0016225677916040851
ID_NEHNAT,0.36497438178260094,0.5861110122753959,0.551932930083615,0.0005726510942798532,0.0017760799315767871,0.0018473880883754996
ID_GJ6EAI,0.36497438178260094,0.8221617149973314,0.8039629959082014,0.0012330245853553847,0.009117715099958698,0.009202102101416507
ID_0CIEHB,0.36497438178260094,0.6524253691513966,0.6306756804838997,0.0006278336983263229,0.0022081252196316796,0.0023095930146631474
ID_7Y89QF,0.36497438178260094,0.5861110122753959,0.551932930083615,0.0005726510942798532,0.0017813291487022494,0.0018508735516025085
ID_6T0VAE,0.36497438178260094,0.8118639032200676,0.8123077744173635,0.0012612835292963042,0.007502424421504678,0.010017182303728379
ID_IKW38H,0.36497438178260094,0.6170932218466465,0.5995159224337306,0.0006110127441509416,0.0019680204273915046,0.0020415250407753707
ID_ZML7ZV,0.36497438178260094,0.5934792741505069,0.5590348692403487,0.0005656820478662825,0.0017514997967033534,0.0018165321817508382
ID_5UAGTH,0.36497438178260094,0.63600213485145,0.6166493506493507,0.0006019839750524069,0.0022058585716697755,0.0022907193070555837
ID_YKM2IB,0.36497438178260094,0.8238484255470557,0.8107986123465575,0.001217610850409091,0.008964175849454905,0.010178305148974963
ID_RNJTWY,0.36497438178260094,0.5409249243906779,0.5173997509339975,0.0005479164214660976,0.0014595091010946245,0.0014983237288692893
ID_A33GZ8,0.36497438178260094,0.8195872620530156,0.8057384806973849,0.0012277552090500235,0.009104512119792876,0.00936217550051983
ID_LO3Q82,0.36497438178260094,0.5762570716954278,0.5506900907311866,0.0005579664963404915,0.001716677972684047,0.0018069175755995898
ID_1QHERL,0.36497438178260094,0.23784967087706813,0.221692759295499,0.0005738849823757879,0.0011437789377669605,0.0011563734264717985
ID_LG9GE0,0.36497438178260094,0.8221617149973314,0.8042293186265789,0.00123403755176096,0.009117817086060345,0.009209752888227436
ID_VNZ3QZ,0.36497438178260094,0.23784967087706813,0.221692759295499,0.0005066110606356466,0.0011331435851818907,0.0011383422740920276
ID_LIDJSX,0.36497438178260094,0.8225168119551681,0.8044068671054972,0.0012376712726346836,0.00915168180188584,0.009217937452095053
ID_KNMCFG,0.36497438178260094,0.8238484255470557,0.7971273794698452,0.0013050275392532183,0.009450730323264118,0.009450730323264118
ID_GG3PR8,0.36497438178260094,0.6672506671410782,0.7098623020814802,0.001131374302795883,0.0028325141604806786,0.003545608997489662
ID_5NP8O2,0.36497438178260094,0.23784967087706813,0.221692759295499,0.00048568277744387195,0.0010790296137651826,0.0010876605841269502
ID_RGOMLT,0.36497438178260094,0.6273910336239102,0.6815433196940046,0.0010376704742191493,0.0025581441626702965,0.0031005476094095653
ID_P5VG1W,0.36497438178260094,0.23784967087706813,0.221692759295499,0.0004908876421086232,0.0010917627132835828,0.0010917627132835828
ID_0MM662,0.36497438178260094,0.8226943604340865,0.8045844155844156,0.0012396547615871672,0.009158715476628923,0.009226800846634891
ID_J5Y7PU,0.36497438178260094,0.5566379647749511,0.529561821739904,0.000538333615366753,0.001603216436805019,0.0016226720979195136
ID_ZEHDY0,0.36497438178260094,0.7925111190179683,0.8319268813378403,0.0017202331620076853,0.005739298001505138,0.008893459546200622
ID_RIZO46,0.36497438178260094,0.6146963173812489,0.6070617327877601,0.0006021448325821162,0.0020037150970763358,0.0021312194373134005
ID_QSKCAZ,0.36497438178260094,0.8138169364881694,0.7843438889877246,0.0012725206531571044,0.008976014438668347,0.008976014438668347
ID_JKMK9T,0.36497438178260094,0.23784967087706813,0.221692759295499,0.0005762487764460772,0.001128616524454968,0.0011325965375876869
ID_3C2BK1,0.36497438178260094,0.8264228784913716,0.8036966731898239,0.0012511596747766262,0.009414701086234758,0.009414701086234758
ID_86AMRV,0.36497438178260094,0.8195872620530156,0.8057384806973849,0.0012281670070850357,0.009105116202139982,0.009370716110591672
ID_KKMWCT,0.36497438178260094,0.7672992350115638,0.7374710905532823,0.0007222966800989783,0.0030397861322392235,0.003113036610210958
ID_KFTO2Q,0.36497438178260094,0.8351227539583704,0.8132842910514143,0.001272001244893179,0.010001198723303411,0.010001198723303411
ID_C9EOF9,0.36497438178260094,0.8195872620530156,0.8057384806973849,0.0012281670070850357,0.009105116202139982,0.00937481672262933
ID_VCCV99,0.36497438178260094,0.825623910336239,0.8091119017968333,0.0012563363707349551,0.00887526660641367,0.00982963948242449
ID_11L375,0.36497438178260094,0.8073364170076499,0.7911795054260808,0.0012201724016730523,0.008003674256100997,0.008548798438757305
ID_Z0ZX8Q,0.36497438178260094,0.8120414516989859,0.8140832592065468,0.001263056365654743,0.007220693609199698,0.010354998930331899
ID_0XYW8F,0.36497438178260094,0.8169240348692404,0.7929549902152642,0.0012293339788572533,0.009001624272718955,0.009001624272718955
ID_0221N3,0.36497438178260094,0.817723003024373,0.7920672478206724,0.0012571681300028864,0.009235609276876219,0.009235609276876219
ID_X5LN7Q,0.36497438178260094,0.523880270414517,0.49280928660380713,0.0005055472447835615,0.0012627945118072591,0.0013287203668274016
ID_TN8FUY,0.36497438178260094,0.5968526952499555,0.5708418430884183,0.0005700288165081338,0.00180474677025396,0.001876562575086577
ID_3S3Q6C,0.36497438178260094,0.5347995018679951,0.5100314890588863,0.0005367290163711191,0.0015105219179990974,0.0015435349814511945
ID_TQK7PN,0.36497438178260094,0.23784967087706813,0.221692759295499,0.00048188459032817173,0.0010983634990793063,0.0010983634990793063
ID_026QJO,0.36497438178260094,0.8238484255470557,0.8107986123465575,0.0012182504527545833,0.00896459151575603,0.010200649692619463
ID_GI6XEF,0.36497438178260094,0.8179005515032912,0.7920672478206724,0.0012576464365076261,0.009262132270120715,0.009262132270120715
ID_KQKFQH,0.36497438178260094,0.5774999110478563,0.544120797011208,0.0005449092368881819,0.0017124753949998963,0.0017586947731380604
ID_569S5F,0.36497438178260094,0.8228719089130049,0.804761964063334,0.0012400681702408043,0.00919318588946538,0.009271582774379528
ID_087YXO,0.36497438178260094,0.8230494573919231,0.8057384806973849,0.001240740123117504,0.009203161058069035,0.009279281628581437
ID_GHFIYF,0.36497438178260094,0.23784967087706813,0.221692759295499,0.0005149681645855909,0.001114698762809788,0.001114698762809788
ID_M2VJSV,0.36497438178260094,0.8246473937021882,0.8115088062622309,0.0012191404390970487,0.008975544382286569,0.01021618291272417
ID_J41EOZ,0.36497438178260094,0.6115004447607187,0.586199786514855,0.0006406334955031298,0.002001497337319821,0.0020580057422442963
ID_L9AYVK,0.36497438178260094,0.7674767834904821,0.737826187511119,0.0007227459367040066,0.0030419828793525473,0.003113036610210958
ID_7LRO3G,0.36497438178260094,0.8250912648994841,0.8086680305995375,0.0012552072649282878,0.008747123776739644,0.009492147288368627
ID_6FXFJ0,0.36497438178260094,0.7420873510051593,0.8002344778509163,0.0012111152690769216,0.0037547924180516244,0.005570669501214107
ID_99UIDN,0.9737881159935955,0.9679290161892902,0.9686392101049636,0.1421697498405877,0.1421697498405877,0.1930708977881662
ID_9ZXQCO,0.9476884895925992,0.9370355808574986,0.9278030599537449,0.0474523541338731,0.0474523541338731,0.0474523541338731
ID_KEVQ52,0.001,0.001,0.001,1.5855034065717322e-05,1.5855034065717322e-05,1.5855034065717322e-05
ID_4OHGZ7,0.9588740437644547,0.9528373954812311,0.9420069382672123,0.06811795286572654,0.06811795286572654,0.06811795286572654
ID_BTUU06,0.9555006226650062,0.949108877423946,0.9453803593666608,0.0695156853304696,0.07222655588081912,0.08310408680523468
ID_G7Z3UK,0.001,0.001,0.001,1.5855034065717322e-05,1.5855034065717322e-05,1.5855034065717322e-05
ID_E5C3ZB,0.9549679772282512,0.9494639743817826,0.9367692581391212,0.056205721643382715,0.06162991935180322,0.06162991935180322
ID_EPH6A9,0.9665086283579434,0.9613597224693115,0.9601168831168831,0.10329890906344934,0.10499782160485939,0.1446494603638652
ID_Z0SOKW,0.9422732609855897,0.9365029354207436,0.9253173812488881,0.04807778363200533,0.04995896259850402,0.04995896259850402
ID_WNJ45A,0.9739656644725138,0.9677514677103718,0.9676626934709126,0.1397254391191752,0.1397254391191752,0.18227632288646936
ID_4E33DR,0.9412967443515389,0.9327744173634585,0.9240745418964597,0.03733666184951996,0.03803787319100968,0.03803787319100968
ID_NHY4V0,0.9609158512720156,0.9546128802704146,0.9446701654509874,0.07066618428344144,0.07149809369490398,0.07149809369490398
ID_NNBK1Y,0.9688167585838819,0.9633127557374134,0.9585189468066181,0.10038074914418534,0.10495629209169594,0.11748153908106607
ID_CV1BRR,0.9697045009784735,0.9661535314001067,0.9578087528909446,0.12333064642739948,0.12333064642739948,0.126647024855425
ID_X70RUE,0.001,0.001,0.001,1.5855034065717322e-05,1.5855034065717322e-05,1.5855034065717322e-05
ID_ZYKJPD,0.9793808930795231,0.9756523750222381,0.9721901796833303,0.17401840905198487,0.19058018584439543,0.21232344802978798
ID_RFKV4T,0.9634903042163316,0.9578087528909446,0.9613597224693115,0.08358066515990498,0.08358066515990498,0.14277517705786516
ID_46V35V,0.9331295143212951,0.9283357053904999,0.922654154065113,0.02859203546197592,0.035759421184901226,0.039257419891183684
ID_HXFJXO,0.9699708236968511,0.9684616616260452,0.9700595979363102,0.10469155571655514,0.11277049542234331,0.16439472747496978
ID_766C2X,0.9663310798790251,0.9604719800747198,0.9567434620174347,0.0948169196588885,0.0948169196588885,0.12704879338707184
ID_B522KP,0.990743995730297,0.9865716064757161,0.9817777975449209,0.43280909726163486,0.434418272489717,0.434418272489717
ID_NNZRQ5,0.36497438178260094,0.23784967087706813,0.221692759295499,0.0005582430875473034,0.0008501982678932332,0.0008501982678932332
ID_6REZPV,0.36497438178260094,0.23784967087706813,0.221692759295499,0.0005292613372572735,0.0008570363332875661,0.0008570363332875661
ID_0B522U,0.36497438178260094,0.47540953566980965,0.5197966553993951,0.0011262382813609524,0.0013414194552828845,0.0017790554775121076
ID_YDE5FQ,0.36497438178260094,0.6000485678704857,0.5753693293008361,0.0013614592540512067,0.0020148643787957702,0.002110473280431838
ID_QPQC3A,0.36497438178260094,0.23784967087706813,0.221692759295499,0.0004954300681071439,0.0007491363968256078,0.0007491363968256078
ID_QFC5OG,0.36497438178260094,0.23784967087706813,0.221692759295499,0.0005155826065159061,0.0008230894179621796,0.0008230894179621796
ID_RDR60H,0.8164801636719445,0.8458644369329301,0.8813741327165985,0.004755065260586786,0.011701983360663094,0.03076747190740793
ID_MIR1LK,0.36497438178260094,0.23784967087706813,0.221692759295499,0.0005188540079090841,0.0008060986514019259,0.0008060986514019259
ID_I3HT44,0.36497438178260094,0.23784967087706813,0.221692759295499,0.000481640994750895,0.0007459664828267067,0.0007459664828267067
ID_OUCMMB,0.8477286959615727,0.9104033090197474,0.9216776374310621,0.008398017208461882,0.019034199418473903,0.0507927110687139
ID_K1OC1B,0.36497438178260094,0.23784967087706813,0.221692759295499,0.0005155826065159061,0.0008230894179621796,0.0008230894179621796
ID_KZ62H4,0.36497438178260094,0.23784967087706813,0.221692759295499,0.0006814882968839927,0.001003769683182706,0.001003769683182706
ID_UMT74G,0.36497438178260094,0.23784967087706813,0.520773172033446,0.0011185747438528792,0.0013276092672949583,0.0017987712288936128
ID_N8VDI6,0.36497438178260094,0.23784967087706813,0.221692759295499,0.0004963115339176705,0.0008178212092478463,0.0008178212092478463
ID_E2CZGL,0.36497438178260094,0.23784967087706813,0.221692759295499,0.0005023800154284168,0.0007636557422815097,0.0007636557422815097
ID_WFD1TM,0.36497438178260094,0.23784967087706813,0.221692759295499,0.0005223391803247957,0.0008129221390935673,0.0008129221390935673
ID_RNAW7W,0.36497438178260094,0.23784967087706813,0.221692759295499,0.0005033858250604396,0.0008483880827587475,0.0008483880827587475
ID_BD754O,0.36497438178260094,0.23784967087706813,0.221692759295499,0.0005932724898426575,0.0008783749260582312,0.0008783749260582312
ID_HAG65N,0.36497438178260094,0.23784967087706813,0.221692759295499,0.00048253674897293385,0.0007467478727670426,0.0007467478727670426
ID_92CEAO,0.7289487635652019,0.7081755915317559,0.8078690624444049,0.0017490193033949605,0.003481164373263446,0.005933461193428802
ID_MO5XSX,0.36497438178260094,0.23784967087706813,0.221692759295499,0.0004949934701476292,0.000746186848094791,0.000746186848094791
ID_WDQMGW,0.36497438178260094,0.23784967087706813,0.221692759295499,0.0004783757505538424,0.000750477073845576,0.000750477073845576
ID_NCVJVG,0.36497438178260094,0.23784967087706813,0.221692759295499,0.0004777541826669506,0.0007386001466101825,0.0007386001466101825
ID_SE5AT9,0.9098706635829924,0.9655321117238925,0.9759186977406156,0.029339390972424908,0.1598659764597618,0.267838311666627
ID_452A1U,0.36497438178260094,0.23784967087706813,0.221692759295499,0.0004902592929220936,0.000746127391230709,0.000746127391230709
ID_WY389E,0.36497438178260094,0.4765636007827789,0.5107416829745597,0.0011315533759109412,0.0013721064343244613,0.0016962096911125714
ID_Z5G2VW,0.36497438178260094,0.23784967087706813,0.6020016011385875,0.0010411637690747333,0.001168765967362401,0.0025446138688693287
ID_8QW09D,0.7362282512008539,0.9002830457214018,0.9073849848781356,0.002008373536291667,0.04771311966137884,0.07823889503641214
ID_9W65RB,0.36497438178260094,0.23784967087706813,0.221692759295499,0.0005625159633540354,0.0008504372504088754,0.0008504372504088754
ID_IAR1TC,0.8189658423768014,0.8724079345312222,0.8924709126489948,0.004637924516700924,0.013025791459636622,0.024325936817124468
ID_2PVFDX,0.36497438178260094,0.23784967087706813,0.221692759295499,0.0005340321463714013,0.0009456633873820775,0.0009456633873820775
ID_T5TMGO,0.9027687244262587,0.9447589396904466,0.9604719800747198,0.024648134034054435,0.09482708820389892,0.21568826556742712
ID_IIJINI,0.36497438178260094,0.23784967087706813,0.4626260451876891,0.0010769719997490395,0.0012855849126719072,0.001477219998402118
ID_JYRV1A,0.36497438178260094,0.6842065468777797,0.7770644013520726,0.0013018463034238671,0.0028114949430386926,0.005594015709800804
ID_BRIWDT,0.36497438178260094,0.23784967087706813,0.5002663227183776,0.0011210791585584627,0.001325377979274362,0.002281187104811024
ID_KVYYM5,0.36497438178260094,0.23784967087706813,0.221692759295499,0.0005880002537325638,0.0008515106201957944,0.0008515106201957944
ID_FMLX4W,0.36497438178260094,0.6298767123287671,0.6099912826899129,0.0013542042161797199,0.002237334852128132,0.0023335683621562736
ID_UX47K8,0.36497438178260094,0.23784967087706813,0.221692759295499,0.00047912309816282224,0.0007392618245429142,0.0007392618245429142
ID_QRS3Q0,0.36497438178260094,0.23784967087706813,0.221692759295499,0.0004998978755451288,0.0008601601111492692,0.0008601601111492692
ID_UU46AR,0.36497438178260094,0.23784967087706813,0.221692759295499,0.00048437301285708694,0.0007546217612065093,0.0007546217612065093
ID_FVZ6BG,0.36497438178260094,0.23784967087706813,0.221692759295499,0.00047912309816282224,0.0007392618245429142,0.0007392618245429142
ID_APXA0T,0.36497438178260094,0.23784967087706813,0.221692759295499,0.0005292613372572735,0.0008570363332875661,0.0008570363332875661
ID_JAUDVH,0.36497438178260094,0.23784967087706813,0.221692759295499,0.0005000378148036844,0.0008957687162786486,0.0008957687162786486
ID_78D5FE,0.36497438178260094,0.4765636007827789,0.5199742038783135,0.0011268463835016973,0.0013419883497926745,0.0017807754493468508
ID_ZEPE89,0.36497438178260094,0.23784967087706813,0.221692759295499,0.0005000378148036844,0.0008958610433431178,0.0008958610433431178
ID_EGC3FR,0.36497438178260094,0.23784967087706813,0.5005326454367549,0.0011219044531684001,0.0013259250141287266,0.0022830749591878467
ID_5VF785,0.36497438178260094,0.6943268101761253,0.8082241594022416,0.0017313369967529252,0.003406418445625025,0.006607874705202641
ID_AFNCWF,0.36497438178260094,0.23784967087706813,0.221692759295499,0.0004963706958502263,0.0008169453159415785,0.0008169453159415785
ID_NO738V,0.36497438178260094,0.23784967087706813,0.221692759295499,0.0004963115339176705,0.0008178278501927719,0.0008178278501927719
ID_T24610,0.36497438178260094,0.23784967087706813,0.221692759295499,0.0004783757505538424,0.0007504839064818833,0.0007504839064818833
ID_B6UXCI,0.9611821739903932,0.9560332681017613,0.9634903042163316,0.07923413050087642,0.08004916602722663,0.16384320670998753
ID_G17P84,0.36497438178260094,0.4765636007827789,0.6357358121330724,0.0011463193764928447,0.001365215788360842,0.0031405192721804852
ID_I8PCQM,0.7374710905532823,0.6154952855363814,0.6306756804838997,0.002035338872949458,0.005173846344873946,0.00716595885816967
ID_LK2JX0,0.36497438178260094,0.23784967087706813,0.221692759295499,0.0005076211336837378,0.0007686143716878098,0.0007686143716878098
ID_A2QCM8,0.36497438178260094,0.4885481231097669,0.6461223981497953,0.0010999670703738828,0.0015883583372737523,0.003568534829394575
ID_B7QGQV,0.36497438178260094,0.4822451521081658,0.5308046610923323,0.001058894180030097,0.0014612207969171094,0.002648441607136492
ID_NX6J76,0.36497438178260094,0.23784967087706813,0.221692759295499,0.0004970264167703139,0.0007496812222781064,0.0007496812222781064
ID_2L8F6L,0.7348078633695072,0.7719154954634406,0.8745385162782423,0.0019505803208463516,0.005571960127120444,0.05147835384082676
ID_RNO3VS,0.36497438178260094,0.23784967087706813,0.221692759295499,0.0004891484189840728,0.0007264461714723342,0.0007264461714723342
ID_WNRVPK,0.36497438178260094,0.23784967087706813,0.221692759295499,0.0005343508550564217,0.0008698813622686362,0.0008698813622686362
ID_R6NB1B,0.36497438178260094,0.4894358655043587,0.6461223981497953,0.0011010357062941766,0.0015896760631762584,0.0035730358097460974
ID_64SW9F,0.36497438178260094,0.23784967087706813,0.221692759295499,0.0004480557669216425,0.0006986557572577202,0.0006986557572577202
ID_4GDTVN,0.36497438178260094,0.23784967087706813,0.221692759295499,0.00048583128024084506,0.0007257063710374755,0.0007257063710374755
ID_TDEU9C,0.7330323785803239,0.7530953566980965,0.8140832592065468,0.0018637859092683375,0.004242554766472865,0.0069682088634992635
ID_SJVVC9,0.36497438178260094,0.23784967087706813,0.221692759295499,0.0005155826065159061,0.0008230894179621796,0.0008230894179621796
ID_25Z5FR,0.36497438178260094,0.23784967087706813,0.221692759295499,0.0004798263291534256,0.0007275655043229182,0.0007275655043229182
ID_L34AJW,0.36497438178260094,0.23784967087706813,0.221692759295499,0.0005003916223078957,0.0008140428536477779,0.0008140428536477779
ID_ZOSYAP,0.36497438178260094,0.48251147482654333,0.5308046610923323,0.0010589820957609163,0.0014613318135993474,0.0026510565035507572
ID_CI0346,0.36497438178260094,0.23784967087706813,0.221692759295499,0.000497613101468014,0.0007593715452016,0.0007593715452016
ID_VGEYOE,0.36497438178260094,0.23784967087706813,0.221692759295499,0.0005451399321250872,0.0008381074472681287,0.0008381074472681287
ID_O9X1LL,0.36497438178260094,0.23784967087706813,0.221692759295499,0.0005224000796990125,0.0008229228773501003,0.0008229228773501003
ID_M5NPEN,0.36497438178260094,0.23784967087706813,0.4884593488703078,0.001072116162899164,0.0012717807969888453,0.0019780468676580958
ID_YD2GMW,0.36497438178260094,0.23784967087706813,0.221692759295499,0.0004500485471435962,0.0007082037166294462,0.0007082037166294462
ID_ETCHDH,0.36497438178260094,0.23784967087706813,0.221692759295499,0.0005851996100548444,0.0008507309465933128,0.0008507309465933128
ID_J78U93,0.36497438178260094,0.23784967087706813,0.221692759295499,0.00048581733682141157,0.0007390839698204928,0.0007390839698204928
ID_5A0ZN0,0.36497438178260094,0.23784967087706813,0.221692759295499,0.0005626546057742275,0.0008505740499296294,0.0008505740499296294
ID_CY607Z,0.36497438178260094,0.23784967087706813,0.221692759295499,0.0005155826065159061,0.0008230927347828383,0.0008230927347828383
ID_KXY99G,0.36497438178260094,0.23784967087706813,0.221692759295499,0.0005638195567942477,0.0008500450447835476,0.0008500450447835476
ID_TJMU1U,0.36497438178260094,0.23784967087706813,0.221692759295499,0.0005340321463714013,0.0009467261009349815,0.0009467261009349815
ID_987N4I,0.36497438178260094,0.23784967087706813,0.221692759295499,0.0005340321463714013,0.0009471317416020468,0.0009471317416020468
ID_MV3Y4E,0.936680483899662,0.9320642234477852,0.9313540295321118,0.055554556711162065,0.05770783550983319,0.07675217365322409
ID_G4C6ER,0.976628891656289,0.9771615370930439,0.9936735456324498,0.20332008879616464,0.26023895781074563,0.6364486337972137
ID_QJEGY8,0.9730779220779221,0.9747646326276463,0.9916317381248888,0.1466500241257045,0.22108596564899813,0.5927123755588157
ID_F3SZAG,0.9899450275751646,0.9903001245330012,0.9965143212951432,0.40320935687637277,0.4874893383393478,0.7642277549408278
ID_SDLCZW,0.9365029354207436,0.9357927415050702,0.9659759829211885,0.046647342892499534,0.05479903839772845,0.16590579445074558
ID_8AQIX3,0.937745774773172,0.9334846112791318,0.9611821739903932,0.046957166719368136,0.052167525216091054,0.137495939223976
ID_CZ9O4I,0.9368580323785803,0.9322417719267034,0.9297560932218467,0.061494615883627264,0.06372599723070407,0.0775200952665269
ID_3J4A5T,0.36497438178260094,0.23784967087706813,0.221692759295499,0.0005288062689847112,0.0007761998299485163,0.0007761998299485163
ID_4PIPGN,0.9475109411136808,0.9451140366482832,0.9826655399395124,0.0533634626296354,0.06461485928364144,0.3950340471009177
ID_SVI077,0.9487537804661091,0.9517721046077211,0.9846185732076143,0.06617352904496394,0.09474377516611147,0.451635268280478
ID_PCP2DX,0.9341948051948051,0.9286908023483366,0.9134216331613592,0.04864985372270328,0.051027436210273606,0.051027436210273606
ID_NHGKW9,0.9547016545098737,0.9496415228607009,0.9808900551503291,0.08077473876351537,0.08457682962980122,0.30635601140531304
ID_PJLFLZ,0.9800023127557373,0.9768064401352072,0.9918980608432664,0.26936262582994647,0.28269874201226647,0.6744935261209056
ID_UEI7E1,0.939254936843978,0.9336621597580502,0.9723677281622488,0.049060494279344155,0.05287483196331494,0.17545598006949112
ID_6Q3C3P,0.9858614125600427,0.9836420565735634,0.9945612880270415,0.28148420946783503,0.3467309407172977,0.6876878248461772
ID_748PIZ,0.36497438178260094,0.23784967087706813,0.221692759295499,0.00045897333203180423,0.0007349008293912178,0.0007349008293912178
ID_05V8OI,0.36497438178260094,0.23784967087706813,0.221692759295499,0.0008391708852309855,0.0010613447374204323,0.0010613447374204323
ID_PB8UGU,0.36497438178260094,0.23784967087706813,0.221692759295499,0.0008304637621089353,0.0010499906634072538,0.0010499906634072538
ID_18BEK3,0.9015258850738302,0.875958904109589,0.8986851094111368,0.008572207827811332,0.010292997554858543,0.01855614836857324
ID_AKH3DX,0.36497438178260094,0.23784967087706813,0.221692759295499,0.000877213296479312,0.0011273857993029214,0.0011273857993029214
ID_PG1ZJ9,0.36497438178260094,0.23784967087706813,0.221692759295499,0.0005063250572585306,0.0008298662329911754,0.0008298662329911754
ID_U2N5AM,0.8746272905177015,0.8607785091620708,0.8963769791851983,0.0054326072857635325,0.007896397666009337,0.02138367294808643
ID_ONDIOU,0.36497438178260094,0.23784967087706813,0.221692759295499,0.0008851927922987083,0.0010731059372764112,0.0010731059372764112
ID_8O0VLW,0.36497438178260094,0.23784967087706813,0.221692759295499,0.00042674398597667416,0.0006969461820638414,0.0006969461820638414
ID_24IP3N,0.36497438178260094,0.23784967087706813,0.221692759295499,0.00046248296520832424,0.0007320897516262891,0.0007320897516262891
ID_X9HSZT,0.36497438178260094,0.23784967087706813,0.221692759295499,0.0005537271597225331,0.0011267407170007435,0.0011267407170007435
ID_DEHJ7B,0.36497438178260094,0.23784967087706813,0.221692759295499,0.00048303114622814865,0.0007480381982326494,0.0007480381982326494
ID_V9REXI,0.36497438178260094,0.23784967087706813,0.221692759295499,0.000429243015981812,0.000697059393968857,0.000697059393968857
ID_Q0JIB7,0.36497438178260094,0.23784967087706813,0.221692759295499,0.0008304637621089353,0.0010512728016960344,0.0010512728016960344
ID_4Q4645,0.886789361323608,0.8633529621063868,0.9068523394413806,0.006415786049820757,0.008316309264577052,0.028012864143990318
ID_ZKTVQN,0.36497438178260094,0.23784967087706813,0.221692759295499,0.00047729267186119156,0.0007346088073759993,0.0007346088073759993
ID_HHOTC8,0.36497438178260094,0.23784967087706813,0.221692759295499,0.00046115929690871777,0.0007425376214261721,0.0007425376214261721
ID_2VK1VV,0.36497438178260094,0.23784967087706813,0.221692759295499,0.0004612932021530857,0.0007343409537872571,0.0007343409537872571
ID_1LR1PB,0.36497438178260094,0.23784967087706813,0.221692759295499,0.00042674398597667416,0.0006969461820638414,0.0006969461820638414
ID_UFG3WK,0.36497438178260094,0.23784967087706813,0.221692759295499,0.0004595347044634379,0.0007367929023628626,0.0007367929023628626
ID_30POCS,0.36497438178260094,0.23784967087706813,0.221692759295499,0.000473563810241412,0.0008570363332875661,0.0008570363332875661
ID_O1JBTD,0.36497438178260094,0.23784967087706813,0.221692759295499,0.0004818449356341143,0.0008223042800678601,0.0008223042800678601
ID_L28R04,0.36497438178260094,0.23784967087706813,0.221692759295499,0.0008309614635472137,0.0010529697904485078,0.0010529697904485078
ID_4XQIY8,0.36497438178260094,0.23784967087706813,0.221692759295499,0.0008665975356495319,0.0010574973256783382,0.0010574973256783382
ID_6YKZ60,0.36497438178260094,0.23784967087706813,0.221692759295499,0.0004305311583175765,0.000715251897217679,0.000715251897217679
ID_SR4OPG,0.36497438178260094,0.23784967087706813,0.221692759295499,0.0004597017674641765,0.0007457714812775929,0.0007457714812775929
ID_7Y58VC,0.36497438178260094,0.23784967087706813,0.221692759295499,0.00042674398597667416,0.0006969461820638414,0.0006969461820638414
ID_MIGRJM,0.36497438178260094,0.23784967087706813,0.221692759295499,0.0004595347044634379,0.0007367929023628626,0.0007367929023628626
ID_MBHYWK,0.36497438178260094,0.23784967087706813,0.221692759295499,0.000886135018045731,0.0010731059372764112,0.0010731059372764112
ID_R1RKC8,0.36497438178260094,0.23784967087706813,0.221692759295499,0.00042674398597667416,0.0006969461820638414,0.0006969461820638414
ID_042DMN,0.36497438178260094,0.5407473759117595,0.509853940579968,0.0005706141769224763,0.0014601580077915014,0.0014848009144627383
ID_76QVHP,0.36497438178260094,0.23784967087706813,0.221692759295499,0.0008675873201261397,0.0010576090517849753,0.0010576090517849753
ID_M7ZQB5,0.9063196940046255,0.8835934887030777,0.9022360789895036,0.008713294243306025,0.010292997554858543,0.017886596856873493
ID_EVURSU,0.36497438178260094,0.23784967087706813,0.221692759295499,0.0008875828598643243,0.0010711138065333185,0.0010711138065333185
ID_BR285V,0.9263826721223981,0.9192807329656645,0.944492616972069,0.011593801004285031,0.012719750455242679,0.06065650592127281
ID_24TLS4,0.9414742928304572,0.9549679772282512,0.9748534068671054,0.02635485035268882,0.0581461460407315,0.1824133182589855
ID_J10FQO,0.36497438178260094,0.23784967087706813,0.221692759295499,0.0008372684344487422,0.0011199633295780446,0.0011199633295780446
ID_UPIF9C,0.36497438178260094,0.23784967087706813,0.221692759295499,0.0004595347044634379,0.0007367929023628626,0.0007367929023628626
ID_J2UW6P,0.36497438178260094,0.23784967087706813,0.221692759295499,0.0005648249113879352,0.0010484284672986485,0.0010484284672986485
ID_FECS1U,0.36497438178260094,0.23784967087706813,0.221692759295499,0.0008446306414569859,0.0010601977533432868,0.0010601977533432868
ID_ZLJNIO,0.36497438178260094,0.23784967087706813,0.221692759295499,0.0008769822582166393,0.001050172385124065,0.001050172385124065
ID_HM6F95,0.36497438178260094,0.23784967087706813,0.221692759295499,0.0004709754996689472,0.0007354288804633413,0.0007354288804633413
ID_S17LP1,0.36497438178260094,0.23784967087706813,0.221692759295499,0.0008318754826734357,0.0010505613851196764,0.0010505613851196764
ID_01FXDQ,0.36497438178260094,0.23784967087706813,0.221692759295499,0.0005191722394223714,0.0008570363332875661,0.0008570363332875661
ID_3IPYPF,0.36497438178260094,0.23784967087706813,0.221692759295499,0.0008892618108171876,0.0010737775174311953,0.0010737775174311953
ID_YWE7MS,0.36497438178260094,0.23784967087706813,0.221692759295499,0.0008448985996042392,0.0010580339594723719,0.0010580339594723719
ID_TCB67J,0.36497438178260094,0.23784967087706813,0.221692759295499,0.0004968172707844413,0.0007488841026326449,0.0007488841026326449
ID_XD9SHW,0.36497438178260094,0.23784967087706813,0.221692759295499,0.00047729267186119156,0.0007346088073759993,0.0007346088073759993
ID_3TL22U,0.36497438178260094,0.23784967087706813,0.221692759295499,0.0008295144781403828,0.0010488499039101012,0.0010488499039101012
ID_I19UPL,0.902946272905177,0.8803088418430884,0.8993953033268102,0.00869254718966407,0.010292997554858543,0.01785521707849441
ID_29ISKS,0.36497438178260094,0.23784967087706813,0.221692759295499,0.00042674398597667416,0.0006969461820638414,0.0006969461820638414
ID_JGCMOM,0.36497438178260094,0.23784967087706813,0.221692759295499,0.00043720453039888384,0.0007077549540653788,0.0007077549540653788
ID_71UMTJ,0.9334846112791318,0.9298448674613058,0.9696157267390144,0.01807500479142614,0.01881492677838878,0.15560086360237493
ID_54K01O,0.36497438178260094,0.23784967087706813,0.221692759295499,0.0008306439245161824,0.0010514793924521252,0.0010514793924521252
ID_1YO3DO,0.36497438178260094,0.23784967087706813,0.221692759295499,0.0004315000352613302,0.0007161441997661052,0.0007161441997661052
ID_27PFIW,0.36497438178260094,0.23784967087706813,0.221692759295499,0.000521504048588667,0.0008561951196676482,0.0008561951196676482
ID_BKVJQA,0.36497438178260094,0.23784967087706813,0.221692759295499,0.00047729267186119156,0.0007346088073759993,0.0007346088073759993
ID_PUB0ZI,0.36497438178260094,0.23784967087706813,0.221692759295499,0.0004595347044634379,0.0007367929023628626,0.0007367929023628626
ID_V6SMN3,0.36497438178260094,0.23784967087706813,0.221692759295499,0.0008677160747245975,0.0010576090517849753,0.0010576090517849753
ID_0ZOFHK,0.36497438178260094,0.23784967087706813,0.221692759295499,0.0005435329626966839,0.0008552166870404503,0.0008552166870404503
ID_M94TW1,0.36497438178260094,0.23784967087706813,0.221692759295499,0.0004555206174189143,0.000743618229149379,0.000743618229149379
ID_C823SH,0.36497438178260094,0.23784967087706813,0.221692759295499,0.0004949069742807234,0.0008231970697636586,0.0008231970697636586
ID_SC50OJ,0.36497438178260094,0.23784967087706813,0.221692759295499,0.0004721570072801684,0.0008276686806273338,0.0008276686806273338
ID_YAUV4R,0.36497438178260094,0.23784967087706813,0.221692759295499,0.000493672886261356,0.0009719823764638454,0.0009719823764638454
ID_IOMDD3,0.36497438178260094,0.23784967087706813,0.221692759295499,0.00042674398597667416,0.0006969461820638414,0.0006969461820638414
ID_HE3Y73,0.9437824230563957,0.959051592243373,0.9663310798790251,0.04215757688634528,0.09840614577097559,0.217546063426885
ID_CAWMEQ,0.36497438178260094,0.23784967087706813,0.221692759295499,0.0008681979430487319,0.0010576090517849753,0.0010576090517849753
ID_81IJ38,0.36497438178260094,0.23784967087706813,0.221692759295499,0.0005354217196573589,0.0007786297902824029,0.0007786297902824029
ID_QFUX50,0.36497438178260094,0.23784967087706813,0.221692759295499,0.0004730377743623103,0.0007476956375889987,0.0007476956375889987
ID_U13QTT,0.36497438178260094,0.23784967087706813,0.221692759295499,0.0004941729947524391,0.0007518003082420128,0.0007518003082420128
ID_UEDSUL,0.36497438178260094,0.23784967087706813,0.221692759295499,0.0005258642888609549,0.0008961464069361123,0.0008961464069361123
ID_0TWM69,0.36497438178260094,0.23784967087706813,0.221692759295499,0.0005115182704176652,0.0008767907546964489,0.0008767907546964489
ID_CTIYZN,0.36497438178260094,0.23784967087706813,0.221692759295499,0.0005460605952338194,0.0007691364355362248,0.0007691364355362248
ID_5CERRE,0.36497438178260094,0.23784967087706813,0.221692759295499,0.0004996364988045614,0.0007812102369327092,0.0007812102369327092
ID_KC1ZNC,0.36497438178260094,0.23784967087706813,0.221692759295499,0.0005296262044271444,0.0007818993834843388,0.0007818993834843388
ID_8Q3LRH,0.36497438178260094,0.23784967087706813,0.221692759295499,0.0005409725690121757,0.0007890627610304624,0.0007890627610304624
ID_9CDLA5,0.8159475182351894,0.7829235011563779,0.7822133072407045,0.00311707489213198,0.003788257413978202,0.003907779806797903
ID_7HDOB8,0.36497438178260094,0.23784967087706813,0.221692759295499,0.0005512067048621231,0.0008671597975547839,0.0008671597975547839
ID_6B1SIE,0.36497438178260094,0.23784967087706813,0.221692759295499,0.0005112147183695329,0.0008895565051211345,0.0008895565051211345
ID_DVVRGO,0.36497438178260094,0.23784967087706813,0.221692759295499,0.00046952256090876355,0.0007486008234736897,0.0007486008234736897
ID_2QTOY9,0.36497438178260094,0.23784967087706813,0.221692759295499,0.0005162861821584,0.0008035294341939613,0.0008035294341939613
ID_41UVG1,0.36497438178260094,0.23784967087706813,0.221692759295499,0.0005492423324831525,0.0008636722618066798,0.0008636722618066798
ID_8XSPVV,0.36497438178260094,0.23784967087706813,0.221692759295499,0.0005162861821584,0.0008037680269151165,0.0008037680269151165
ID_8DRNO4,0.36497438178260094,0.23784967087706813,0.221692759295499,0.0004670094594274798,0.0007467854766698931,0.0007467854766698931
ID_IHC0B4,0.36497438178260094,0.23784967087706813,0.221692759295499,0.0005456818054609804,0.0008092854831180786,0.0008092854831180786
ID_UPSVCG,0.36497438178260094,0.4883705746308486,0.4656443693293008,0.0006794610864342033,0.0010645718381717053,0.0010645718381717053
ID_V1EWHV,0.36497438178260094,0.23784967087706813,0.221692759295499,0.0005115182704176652,0.0008767907546964489,0.0008767907546964489
ID_EDRP5J,0.36497438178260094,0.23784967087706813,0.221692759295499,0.0005422012888879027,0.0009078408774774814,0.0009078408774774814
ID_6ZT49S,0.36497438178260094,0.23784967087706813,0.221692759295499,0.0005258642888609549,0.0008965291707707929,0.0008965291707707929
ID_688DSZ,0.36497438178260094,0.23784967087706813,0.221692759295499,0.0004605044674364498,0.0007226390592971367,0.0007226390592971367
ID_KTRS8U,0.36497438178260094,0.23784967087706813,0.221692759295499,0.000519211908239996,0.0009001124282026094,0.0009001124282026094
ID_HAVFMX,0.36497438178260094,0.23784967087706813,0.221692759295499,0.0005263598147394274,0.0007924325872901248,0.0007924325872901248
ID_4OHSTT,0.36497438178260094,0.23784967087706813,0.4461140366482832,0.0006460336424415438,0.0010322178281012182,0.001037608350900653
ID_D14DB2,0.36497438178260094,0.23784967087706813,0.221692759295499,0.0005502856903395394,0.0007924215154408329,0.0007924215154408329
ID_DMKQ4R,0.36497438178260094,0.23784967087706813,0.221692759295499,0.0005690802864182917,0.0008183919688832342,0.0008183919688832342
ID_9EU6JS,0.36497438178260094,0.23784967087706813,0.221692759295499,0.000541736529636553,0.0007571018949850245,0.0007571018949850245
ID_UPM0YG,0.36497438178260094,0.23784967087706813,0.221692759295499,0.0005346373398391149,0.0007836927706789762,0.0007836927706789762
ID_V86OOM,0.36497438178260094,0.23784967087706813,0.221692759295499,0.0005394354442439736,0.0007897081924747507,0.0007897081924747507
ID_FQ80WS,0.36497438178260094,0.23784967087706813,0.221692759295499,0.0005901969816732747,0.0008302701400895559,0.0008302701400895559
ID_RDEBO6,0.36497438178260094,0.23784967087706813,0.221692759295499,0.0005379157479309085,0.0007945710082824261,0.0007945710082824261
ID_NC8O5T,0.9507955879736701,0.9455579078455791,0.9324193204056218,0.05273059563258069,0.055106056589361394,0.055106056589361394
ID_HDPRVI,0.36497438178260094,0.23784967087706813,0.221692759295499,0.000491934741595052,0.0007516696486697687,0.0007516696486697687
ID_N9EYVU,0.36497438178260094,0.23784967087706813,0.221692759295499,0.0005339553241701342,0.0007860630498775626,0.0007860630498775626
ID_JI8Q5T,0.36497438178260094,0.23784967087706813,0.221692759295499,0.0005351220965644945,0.0007853403358851952,0.0007853403358851952
ID_34Y9DR,0.36497438178260094,0.23784967087706813,0.221692759295499,0.0005780230306179924,0.000830150209576695,0.000830150209576695
ID_E8WY7K,0.36497438178260094,0.23784967087706813,0.221692759295499,0.0005449092368881819,0.0007884946319910676,0.0007884946319910676
ID_RW510L,0.36497438178260094,0.23784967087706813,0.221692759295499,0.0005950343427653754,0.0009029389754598763,0.0009029389754598763
ID_1H0I48,0.36497438178260094,0.23784967087706813,0.221692759295499,0.000559240053154344,0.0008940381165333711,0.0008940381165333711
ID_EGA5JQ,0.36497438178260094,0.23784967087706813,0.221692759295499,0.00046215457192345894,0.0007194907633228315,0.0007194907633228315
ID_OTN1F3,0.36497438178260094,0.23784967087706813,0.221692759295499,0.0004777511399479412,0.0007674398002562747,0.0007674398002562747
ID_QDACDO,0.36497438178260094,0.23784967087706813,0.221692759295499,0.0005514801161858986,0.0008713904224505675,0.0008713904224505675
ID_ZEMQI5,0.36497438178260094,0.23784967087706813,0.221692759295499,0.0005086510961107416,0.0008451081213420756,0.0008451081213420756
ID_63M4X7,0.36497438178260094,0.23784967087706813,0.221692759295499,0.00046952256090876355,0.0007486065370777045,0.0007486065370777045
ID_KR841V,0.36497438178260094,0.23784967087706813,0.221692759295499,0.0005258642888609549,0.0008965776139768476,0.0008965776139768476
ID_WR0XZG,0.9187480875289095,0.8907842020992706,0.902413627468422,0.019853300437806438,0.019853300437806438,0.019853300437806438
ID_Z70N5M,0.36497438178260094,0.23784967087706813,0.221692759295499,0.0004730377743623103,0.0007478034984741954,0.0007478034984741954
ID_PVJLRL,0.36497438178260094,0.23784967087706813,0.221692759295499,0.0004653662678187557,0.0007533557749735228,0.0007533557749735228
ID_7EDQMR,0.36497438178260094,0.23784967087706813,0.221692759295499,0.0005524964333566931,0.0008741177952791594,0.0008741177952791594
ID_BU5Z0R,0.36497438178260094,0.23784967087706813,0.221692759295499,0.00046215457192345894,0.0007194907633228315,0.0007194907633228315
ID_8MRLEX,0.36497438178260094,0.23784967087706813,0.221692759295499,0.0004857593956689833,0.0007655800561379163,0.0007655800561379163
ID_8JEWLP,0.36497438178260094,0.23784967087706813,0.221692759295499,0.0005115182704176652,0.0008767907546964489,0.0008767907546964489
ID_CSVCR9,0.36497438178260094,0.23784967087706813,0.221692759295499,0.0005680590889049755,0.0008961464069361123,0.0008961464069361123
ID_J8IE72,0.36497438178260094,0.23784967087706813,0.221692759295499,0.0005780277683127642,0.0008301560262889349,0.0008301560262889349
ID_U9P7FY,0.36497438178260094,0.23784967087706813,0.221692759295499,0.000506729560653679,0.0007583778829151149,0.0007583778829151149
ID_WSV31O,0.36497438178260094,0.23784967087706813,0.221692759295499,0.000534909264534536,0.0009014807244344249,0.0009014807244344249
ID_BBFEO3,0.36497438178260094,0.23784967087706813,0.221692759295499,0.0005492919605996574,0.0008646017742842037,0.0008646017742842037
ID_4LQISD,0.8161250667141078,0.7829235011563779,0.7823908557196229,0.0031232505306392857,0.003788343330168138,0.003907779806797903
ID_N7X5SU,0.36497438178260094,0.23784967087706813,0.221692759295499,0.0005525409844439979,0.0008746832141659894,0.0008746832141659894
ID_CO0M1V,0.80840170788116,0.7188285002668565,0.7588656822629425,0.002657090802589946,0.002906536659033482,0.0033589568721683156
ID_1TX26Q,0.36497438178260094,0.23784967087706813,0.221692759295499,0.00047693509152075793,0.0007612344875886686,0.0007612344875886686
ID_YBOUBP,0.36497438178260094,0.23784967087706813,0.221692759295499,0.0005018811413706094,0.0007716020013556948,0.0007716020013556948
ID_TY7PYV,0.36497438178260094,0.23784967087706813,0.221692759295499,0.00046215457192345894,0.0007194907633228315,0.0007194907633228315
ID_GFJBOO,0.36497438178260094,0.23784967087706813,0.221692759295499,0.0005525409844439979,0.0008748595900319677,0.0008748595900319677
ID_0QIEVZ,0.36497438178260094,0.23784967087706813,0.221692759295499,0.0005515130971594312,0.0008714021237068026,0.0008714021237068026
ID_W7HMMW,0.36497438178260094,0.23784967087706813,0.221692759295499,0.0005733546837707684,0.0008945294815883115,0.0008945294815883115
ID_2KKV8S,0.9853287671232877,0.9819553460238392,0.9764513431773706,0.264264371059904,0.2687476068395328,0.27831516252738536
ID_XPJCQ1,0.36497438178260094,0.23784967087706813,0.221692759295499,0.000536301504183707,0.0007899616424422709,0.0007899616424422709
ID_8VQ82J,0.36497438178260094,0.23784967087706813,0.221692759295499,0.0005258642888609549,0.0008965776139768476,0.0008965776139768476
ID_7YOW0E,0.36497438178260094,0.23784967087706813,0.221692759295499,0.0005476429542596982,0.0007990299714152005,0.0007990299714152005
ID_LNZ9ED,0.36497438178260094,0.23784967087706813,0.221692759295499,0.00046113386521055963,0.0007195450626730382,0.0007195450626730382
ID_7M8G3A,0.36497438178260094,0.23784967087706813,0.221692759295499,0.00047075633157575965,0.0007478034984741954,0.0007478034984741954
ID_REY7Y4,0.36497438178260094,0.23784967087706813,0.221692759295499,0.0005537681482486702,0.0008767907546964489,0.0008767907546964489
ID_Y4B4O7,0.36497438178260094,0.23784967087706813,0.221692759295499,0.0004590638908229984,0.0007193874404580087,0.0007193874404580087
ID_71E57J,0.36497438178260094,0.23784967087706813,0.221692759295499,0.0004691438921207859,0.0007479605175448851,0.0007479605175448851
ID_YS77QO,0.36497438178260094,0.23784967087706813,0.221692759295499,0.0004793422601821773,0.0007538439069066823,0.0007538439069066823
ID_VP4TIY,0.36497438178260094,0.23784967087706813,0.221692759295499,0.0004730377743623103,0.0007478034984741954,0.0007478034984741954
ID_0ZSP1X,0.36497438178260094,0.23784967087706813,0.221692759295499,0.0005525409844439979,0.0008756921781653735,0.0008756921781653735
ID_EQ3DBB,0.36497438178260094,0.23784967087706813,0.221692759295499,0.0005515130971594312,0.0008722059114081845,0.0008722059114081845
ID_H173PI,0.36497438178260094,0.23784967087706813,0.221692759295499,0.000570798851124743,0.0008949579423301436,0.0008949579423301436
ID_DP48N0,0.36497438178260094,0.23784967087706813,0.221692759295499,0.0004896921088266556,0.0007556331638011194,0.0007556331638011194
ID_NTGPZG,0.8163026151930262,0.7829235011563779,0.7993467354563245,0.0030964946060677546,0.003802172790147478,0.004181549030393772
ID_R4BZEG,0.36497438178260094,0.23784967087706813,0.221692759295499,0.0005515130971594312,0.0008722529936098371,0.0008722529936098371
ID_F4C1ZX,0.36497438178260094,0.23784967087706813,0.221692759295499,0.000460783527456235,0.0007182404802333729,0.0007182404802333729
ID_AR4HAO,0.36497438178260094,0.23784967087706813,0.221692759295499,0.0005306208756211368,0.0007818029998907392,0.0007818029998907392
ID_TJAXJ8,0.8461307596513077,0.8428461127913183,0.8467521793275218,0.006952068052873974,0.009564278076632723,0.011406293415761312
ID_TMKXE2,0.36497438178260094,0.23784967087706813,0.221692759295499,0.0005618032317712189,0.0008765160809383377,0.0008765160809383377
ID_XO28FQ,0.36497438178260094,0.23784967087706813,0.221692759295499,0.0005515130971594312,0.0008724861890189166,0.0008724861890189166
ID_UG6RWR,0.36497438178260094,0.23784967087706813,0.221692759295499,0.00046113386521055963,0.0007195450626730382,0.0007195450626730382
ID_MH9N99,0.36497438178260094,0.23784967087706813,0.221692759295499,0.0005515130971594312,0.0008724861890189166,0.0008724861890189166
ID_ZWWJ7W,0.36497438178260094,0.23784967087706813,0.221692759295499,0.0005502932145986137,0.0007924215154408329,0.0007924215154408329
ID_UVRWGM,0.36497438178260094,0.23784967087706813,0.221692759295499,0.0004870080826503038,0.0007661724495194445,0.0007661724495194445
ID_XKPJF3,0.36497438178260094,0.23784967087706813,0.221692759295499,0.0005395823331148513,0.0007897081924747507,0.0007897081924747507
ID_B66QBT,0.36497438178260094,0.23784967087706813,0.221692759295499,0.000547685024087558,0.0007990405454568183,0.0007990405454568183
ID_868CQL,0.36497438178260094,0.23784967087706813,0.221692759295499,0.0005709735887325837,0.0008949579423301436,0.0008949579423301436
ID_PKPLAW,0.36497438178260094,0.23784967087706813,0.221692759295499,0.0005857893811664918,0.0008949722080724321,0.0008949722080724321
ID_Q3035H,0.36497438178260094,0.23784967087706813,0.221692759295499,0.0005490278329746803,0.0008168826444791837,0.0008168826444791837
ID_Z5AMC6,0.36497438178260094,0.23784967087706813,0.221692759295499,0.0004590638908229984,0.0007193874404580087,0.0007193874404580087
ID_W0DZUH,0.36497438178260094,0.23784967087706813,0.221692759295499,0.0005525409844439979,0.0008761885822280075,0.0008761885822280075
ID_HY51VX,0.7291263120441203,0.6904207436399218,0.7519412915851272,0.0017566077308473773,0.0034560469781142133,0.004384581930146903
ID_GOGWE0,0.36497438178260094,0.23784967087706813,0.221692759295499,0.0005989337790613883,0.0008957687162786486,0.0008957687162786486
ID_56RYGV,0.8455093399750935,0.8493266322718378,0.8492378580323785,0.0069748923896672125,0.010088766139706978,0.012361311856622762
ID_S94Q2Y,0.36497438178260094,0.23784967087706813,0.221692759295499,0.0005115182704176652,0.0008767907546964489,0.0008767907546964489
ID_YZ2N8C,0.36497438178260094,0.23784967087706813,0.221692759295499,0.0005515130971594312,0.0008727700962018002,0.0008727700962018002
ID_UGRWIB,0.36497438178260094,0.23784967087706813,0.221692759295499,0.0005250079971962611,0.0007689750722676884,0.0007689750722676884
ID_N80HPR,0.36497438178260094,0.23784967087706813,0.221692759295499,0.0005492919605996574,0.0008646666394185248,0.0008646666394185248
ID_3CW0MI,0.36497438178260094,0.23784967087706813,0.221692759295499,0.0004730377743623103,0.0007478034984741954,0.0007478034984741954
ID_HDCRX0,0.36497438178260094,0.23784967087706813,0.221692759295499,0.0005620475146358525,0.0008812446635486643,0.0008812446635486643
ID_044W19,0.36497438178260094,0.23784967087706813,0.221692759295499,0.0004676502267916867,0.0007486429066729601,0.0007486429066729601
ID_R67PHH,0.36497438178260094,0.23784967087706813,0.221692759295499,0.0005608134399908757,0.0008189038119789913,0.0008189038119789913
ID_TIOYYB,0.36497438178260094,0.23784967087706813,0.221692759295499,0.0005748112493079651,0.0008264486566849884,0.0008264486566849884
ID_6AVKC3,0.36497438178260094,0.23784967087706813,0.221692759295499,0.00047658347128406065,0.0007616340891411779,0.0007616340891411779
ID_BEGWIW,0.36497438178260094,0.23784967087706813,0.221692759295499,0.0004704764606202506,0.0007464877820819932,0.0007464877820819932
ID_9NJBM8,0.36497438178260094,0.23784967087706813,0.221692759295499,0.0005798384732392586,0.0008175245837193439,0.0008175245837193439
ID_4C1Q9A,0.36497438178260094,0.23784967087706813,0.221692759295499,0.0005750807928720075,0.0008220448385695018,0.0008220448385695018
ID_8VXM2R,0.36497438178260094,0.23784967087706813,0.221692759295499,0.0005386362445748708,0.000785211506602105,0.000785211506602105
ID_Q617Y8,0.36497438178260094,0.23784967087706813,0.221692759295499,0.0004679814361933812,0.0007190245651812941,0.0007190245651812941
ID_DT00FS,0.8603346379647749,0.8798649706457925,0.8740058708414873,0.009817256335042707,0.013050276023775462,0.013998558069112176
ID_A9SOTW,0.36497438178260094,0.23784967087706813,0.221692759295499,0.0005498303117808747,0.0007848265022252859,0.0007848265022252859
ID_DYWKN3,0.36497438178260094,0.23784967087706813,0.221692759295499,0.0004824016227867794,0.0007256787752289846,0.0007256787752289846
ID_T5W7V2,0.846308308130226,0.8428461127913183,0.8470185020458992,0.006966782315430648,0.009591856385355696,0.011447960337170094
ID_OYJ407,0.8603346379647749,0.8693896103896104,0.8525225048923678,0.007460957128476707,0.011310582355006234,0.012519652572328578
ID_4APUQG,0.36497438178260094,0.23784967087706813,0.221692759295499,0.0005761730038720759,0.0008248625744992822,0.0008248625744992822
ID_8X42H1,0.36497438178260094,0.23784967087706813,0.221692759295499,0.0005418742116583686,0.0009078082048316986,0.0009078082048316986
ID_QQLIOB,0.36497438178260094,0.23784967087706813,0.221692759295499,0.00047674499669176425,0.0007582512232347428,0.0007582512232347428
ID_49V07R,0.36497438178260094,0.23784967087706813,0.221692759295499,0.0005712102219852288,0.0008225229728230921,0.0008225229728230921
ID_LW7SED,0.36497438178260094,0.23784967087706813,0.221692759295499,0.0005734465767418123,0.0008227187068546132,0.0008227187068546132
ID_8ZC0YJ,0.36497438178260094,0.23784967087706813,0.221692759295499,0.0005068650920973426,0.0007573841349932804,0.0007573841349932804
ID_BLJHKO,0.816746486390322,0.7829235011563779,0.7831010496352963,0.0031700265469150795,0.003920976096226244,0.004073567552423733
ID_4YQQ0B,0.36497438178260094,0.23784967087706813,0.221692759295499,0.00046952256090876355,0.0007486065370777045,0.0007486065370777045
ID_YUWGLN,0.36497438178260094,0.23784967087706813,0.221692759295499,0.00047973739290582164,0.0007581620915337768,0.0007581620915337768
ID_D31ZVW,0.8198535847713929,0.8102659669098026,0.8204750044476071,0.0035396077845111706,0.004887722400488399,0.005502010241390893
ID_P1YZ4X,0.36497438178260094,0.23784967087706813,0.221692759295499,0.0005515130971594312,0.0008728458666631206,0.0008728458666631206
ID_23SIGG,0.7483015477673012,0.9379233232520904,0.9441375200142323,0.003213846713305088,0.08284470144802053,0.09962787930066828
ID_AIAL8Y,0.9215888631916029,0.9254949297278064,0.9340172567158869,0.016789792067259262,0.04244220111453091,0.06925340066109077
ID_TA7IDX,0.36497438178260094,0.23784967087706813,0.221692759295499,0.0005591985353044395,0.0008794518063843014,0.0008794518063843014
ID_K4V6T1,0.36497438178260094,0.23784967087706813,0.221692759295499,0.0005326623298012652,0.000781676643479428,0.000781676643479428
ID_SFRXLD,0.36497438178260094,0.23784967087706813,0.221692759295499,0.00046113386521055963,0.0007195450626730382,0.0007195450626730382
ID_GI1C93,0.36497438178260094,0.23784967087706813,0.221692759295499,0.0005492919605996574,0.0008646666394185248,0.0008646666394185248
ID_WMD60I,0.36497438178260094,0.23784967087706813,0.221692759295499,0.00046215457192345894,0.0007194907633228315,0.0007194907633228315
ID_HADVCG,0.36497438178260094,0.23784967087706813,0.221692759295499,0.0005163385764432725,0.0007734436070883807,0.0007734436070883807
ID_IB0RDU,0.36497438178260094,0.23784967087706813,0.221692759295499,0.0005492919605996574,0.0008660252594633072,0.0008660252594633072
ID_QVH6R4,0.36497438178260094,0.23784967087706813,0.221692759295499,0.00046215457192345894,0.0007194907633228315,0.0007194907633228315
ID_C7RAXJ,0.36497438178260094,0.23784967087706813,0.221692759295499,0.0004964431455762663,0.000773040018875757,0.000773040018875757
ID_P2MHXW,0.36497438178260094,0.23784967087706813,0.221692759295499,0.0005761730038720759,0.0008248625744992822,0.0008248625744992822
ID_YT67RP,0.36497438178260094,0.23784967087706813,0.221692759295499,0.000549838025156716,0.00078483051535063,0.00078483051535063
ID_G0I7ZK,0.36497438178260094,0.23784967087706813,0.221692759295499,0.0005750807928720075,0.0008220448385695018,0.0008220448385695018
ID_A43PS9,0.9788482476427682,0.9738768902330546,0.9681065646682084,0.21378846194549622,0.21378846194549622,0.21378846194549622
ID_04V1AG,0.8102659669098026,0.7981926703433553,0.8319268813378403,0.003500311136642097,0.005302493281196464,0.0069055801048330395
ID_6KEAHS,0.36497438178260094,0.23784967087706813,0.221692759295499,0.0005923467263447232,0.0008602835654365721,0.0008602835654365721
ID_HTMQPW,0.36497438178260094,0.23784967087706813,0.221692759295499,0.0005724504612109803,0.0008250894000247818,0.0008250894000247818
ID_XF0297,0.36497438178260094,0.23784967087706813,0.221692759295499,0.0005443253164096216,0.0007930537249793892,0.0007930537249793892
ID_D9F7JY,0.36497438178260094,0.23784967087706813,0.221692759295499,0.000528580051391684,0.0007813173962333261,0.0007813173962333261
ID_7M63MY,0.36497438178260094,0.23784967087706813,0.221692759295499,0.0005346373398391149,0.00078400389047454,0.00078400389047454
ID_ASOI1C,0.36497438178260094,0.23784967087706813,0.221692759295499,0.0005419025844032509,0.0009024832667681191,0.0009024832667681191
ID_QWK1QC,0.80840170788116,0.7197162426614481,0.7588656822629425,0.002663761255071406,0.002908949774036632,0.0033635630559747842
ID_K9FTZZ,0.36497438178260094,0.23784967087706813,0.221692759295499,0.000550128478140535,0.0009115832506783302,0.0009115832506783302
ID_H8TZYV,0.36497438178260094,0.23784967087706813,0.221692759295499,0.0005282581730021321,0.0007766994779440149,0.0007766994779440149
ID_EMRQ4T,0.36497438178260094,0.23784967087706813,0.221692759295499,0.0005326623298012652,0.0007816913927382681,0.0007816913927382681
ID_HFVMM8,0.36497438178260094,0.23784967087706813,0.221692759295499,0.00047032274652564036,0.0007672212335120183,0.0007672212335120183
ID_3240TG,0.9217664116705213,0.9256724782067248,0.9342835794342644,0.016812241327390703,0.04263386097932657,0.07021940640750404
ID_YC9T6R,0.36497438178260094,0.23784967087706813,0.221692759295499,0.0005407970529155378,0.0007930537249793892,0.0007930537249793892
ID_QMXHOW,0.36497438178260094,0.23784967087706813,0.221692759295499,0.0005166558379047875,0.00076945812755987,0.00076945812755987
ID_49CDQ6,0.36497438178260094,0.23784967087706813,0.221692759295499,0.0005515130971594312,0.0008728825678377966,0.0008728825678377966
ID_5GE0S1,0.36497438178260094,0.23784967087706813,0.221692759295499,0.0005515130971594312,0.0008728825678377966,0.0008728825678377966
ID_OMU4UR,0.36497438178260094,0.23784967087706813,0.221692759295499,0.0005778450171645546,0.0008253086570058159,0.0008253086570058159
ID_G44DHO,0.36497438178260094,0.23784967087706813,0.221692759295499,0.0005515130971594312,0.0008728825678377966,0.0008728825678377966
ID_JU8JNI,0.36497438178260094,0.23784967087706813,0.221692759295499,0.0005410475650779191,0.0007891676827277773,0.0007891676827277773
ID_1C4G5E,0.36497438178260094,0.23784967087706813,0.221692759295499,0.00047973739290582164,0.0007582512232347428,0.0007582512232347428
ID_IWBKMP,0.36497438178260094,0.23784967087706813,0.221692759295499,0.0004797807548702977,0.0007555401700545804,0.0007555401700545804
ID_VKBJCE,0.36497438178260094,0.23784967087706813,0.221692759295499,0.0005515130971594312,0.0008728825678377966,0.0008728825678377966
ID_3H40OX,0.36497438178260094,0.23784967087706813,0.221692759295499,0.0005779186915328487,0.0008253086570058159,0.0008253086570058159
ID_8F3PFC,0.36497438178260094,0.23784967087706813,0.221692759295499,0.0005817752027526368,0.0008190851436688494,0.0008190851436688494
ID_F4HS1L,0.36497438178260094,0.23784967087706813,0.221692759295499,0.0005258642888609549,0.0008965776139768476,0.0008965776139768476
ID_BZWK10,0.36497438178260094,0.23784967087706813,0.221692759295499,0.0004973000469092446,0.0007501295202452958,0.0007501295202452958
ID_EEW8DG,0.36497438178260094,0.23784967087706813,0.221692759295499,0.0005789283703141984,0.0008670877337156606,0.0008670877337156606
ID_HTIWJ2,0.36497438178260094,0.23784967087706813,0.221692759295499,0.0005750807928720075,0.0008222423605008923,0.0008222423605008923
ID_ZCM6MI,0.36497438178260094,0.23784967087706813,0.221692759295499,0.0005363908568425816,0.000789963447636627,0.000789963447636627
ID_RMH9OL,0.36497438178260094,0.23784967087706813,0.221692759295499,0.0005687133310409741,0.0008183163238756978,0.0008183163238756978
ID_2TX4D4,0.36497438178260094,0.23784967087706813,0.221692759295499,0.0005115182704176652,0.0008767907546964489,0.0008767907546964489
ID_7D7P9D,0.36497438178260094,0.23784967087706813,0.221692759295499,0.0005992468105423775,0.0008904031850387947,0.0008904031850387947
ID_C43FWU,0.36497438178260094,0.23784967087706813,0.221692759295499,0.0004800527765093074,0.000755279573422677,0.000755279573422677
ID_42P9TZ,0.36497438178260094,0.23784967087706813,0.221692759295499,0.0005451364655131801,0.0009082706835378027,0.0009082706835378027
ID_NCE574,0.36497438178260094,0.23784967087706813,0.221692759295499,0.0005492919605996574,0.0008660559945730909,0.0008660559945730909
ID_ZJBV7B,0.36497438178260094,0.23784967087706813,0.221692759295499,0.0005405820259768756,0.0007486094402453403,0.0007486094402453403
ID_2IW233,0.36497438178260094,0.23784967087706813,0.221692759295499,0.000473972271890019,0.0007172885335488584,0.0007172885335488584
ID_GQWO42,0.36497438178260094,0.23784967087706813,0.221692759295499,0.0005395823331148513,0.0007897341960848486,0.0007897341960848486
ID_R6M083,0.36497438178260094,0.23784967087706813,0.221692759295499,0.0004590638908229984,0.0007193874404580087,0.0007193874404580087
ID_TLY302,0.36497438178260094,0.23784967087706813,0.221692759295499,0.0005115182704176652,0.0008767907546964489,0.0008767907546964489
ID_LT6OU6,0.36497438178260094,0.23784967087706813,0.221692759295499,0.0004707960632362632,0.0007377725108064243,0.0007377725108064243
ID_0F7RHU,0.8464858566091443,0.9182154420921544,0.9476884895925992,0.0064799335468671785,0.020957367766217188,0.08810953944132215
ID_EDMKFB,0.847906244440491,0.7997906066536203,0.8243810709838106,0.004284656270910705,0.004638026488144416,0.007347690380513001
ID_25FHZZ,0.8603346379647749,0.8300626223091977,0.8363655933107987,0.0049413662798933715,0.005705141253478198,0.010354998930331899
ID_1VP0UC,0.36497438178260094,0.6499396904465398,0.6524253691513966,0.0010393879765895054,0.002605789716450541,0.002817256492029362
ID_MQ3635,0.36497438178260094,0.6115004447607187,0.6314746486390322,0.0010260318365528838,0.002360848212883973,0.002516362373742249
ID_RHFPED,0.36497438178260094,0.5877977228251201,0.592946628713752,0.0009757042874339768,0.002084767120284052,0.002311670172502048
ID_RHJPOV,0.8005008005692936,0.8182556484611279,0.8368982387475538,0.00246501891869973,0.006414149515305463,0.008132176608524323
ID_8F379N,0.36497438178260094,0.5121620708059065,0.4990234833659491,0.0005236602669995997,0.0012310355002764755,0.001349984881368578
ID_LVX4OV,0.8746272905177015,0.8544755381604697,0.8656610923323252,0.007188586611471216,0.008608880274241212,0.015443602074920012
ID_H5M15A,0.8425797900729408,0.9148420209927058,0.9473333926347625,0.005643945230117998,0.024060628138142144,0.1042978310493253
ID_LEWKQY,0.36497438178260094,0.23784967087706813,0.221692759295499,0.0005153689450159933,0.0011456472667694603,0.0011575436673974574
ID_DY6IPH,0.8977973670165451,0.8744497420387831,0.8935362035225048,0.008723821056951967,0.01099780467914686,0.018915947986339634
ID_E4DAHN,0.8015660914428038,0.8258902330546166,0.8361880448318805,0.0024853853052050497,0.006556913799739474,0.00762285790366085
ID_Z2FP8D,0.36497438178260094,0.4990234833659491,0.5708418430884183,0.0009162700921267722,0.0016750305930019937,0.00211842426385393
ID_3MQ2M6,0.36497438178260094,0.5021305817470202,0.5881528197829567,0.000884810309654816,0.0017106873736284017,0.0021999985145408608
ID_44QD5W,0.8603346379647749,0.8339686888454012,0.840626756804839,0.005136312469375829,0.005901467173938907,0.010920803991784049
ID_41T2UA,0.8030752535136096,0.8166577121508628,0.8419583703967266,0.00264698680731799,0.006414149515305463,0.009357718467176668
ID_WKIX11,0.36497438178260094,0.4995561288027041,0.5708418430884183,0.0009162700921267722,0.0016751955971534695,0.002119640874225968
ID_LM76KQ,0.7999681551325387,0.828642234477851,0.838584949297278,0.0024640073739596435,0.006913181348484039,0.007917403999377423
ID_0YXFYC,0.8141720334460061,0.8337023661270236,0.8472848247642768,0.0034608156159680447,0.00699669956099796,0.010275651415293659
ID_WYY6XC,0.36497438178260094,0.49378580323785803,0.5845130759651308,0.0009854609112166777,0.0016597383513431987,0.0021388833036495385
ID_1QBGM5,0.7966835082725494,0.8186995196584238,0.8347676570005338,0.002385265629672743,0.006557323445689513,0.0077020888763586004
ID_L8X1MO,0.8851914250133429,0.8607785091620708,0.851013342821562,0.007216911097545257,0.008214356698732769,0.010354998930331899
ID_Z8OE4O,0.8603346379647749,0.8339686888454012,0.8408043052837573,0.005155791988207408,0.0059091996153004004,0.0109245384724979
ID_PFTRFZ,0.36497438178260094,0.5038172922967443,0.5895732076143034,0.0008829152955981424,0.001737492147597918,0.0022437231276601338
ID_WFLX1D,0.8003232520903754,0.828642234477851,0.838584949297278,0.0024929242894063636,0.006954199096187895,0.008151849722667933
ID_3M1E7H,0.36497438178260094,0.5355096957836684,0.538439245685821,0.0006077574244998785,0.0014247472622802091,0.0015273846148322143
ID_QBGS5I,0.7966835082725494,0.8186995196584238,0.8349452054794521,0.002390011580583329,0.0065622298634289,0.007751343417939594
ID_YQA4VN,0.7563800035580858,0.7051572673901441,0.6646762141967621,0.0012085477549900686,0.002646573591388971,0.002646573591388971
ID_F0GA7T,0.36497438178260094,0.5017754847891833,0.5865548834726917,0.0008874703097295626,0.0017055486274346746,0.002194156830371572
ID_HZO9J4,0.36497438178260094,0.4997336772816225,0.571640811243551,0.0009162700921267722,0.0016768842668505252,0.002119640874225968
ID_ARK4JP,0.7563800035580858,0.7000083615015121,0.6632558263654154,0.0012086887096572365,0.0025603247446817036,0.00259465726214085
ID_A8N019,0.8603346379647749,0.854120441202633,0.8555408290339798,0.003553160474291933,0.006865007229996356,0.01030028361552243
ID_62960A,0.8013885429638854,0.8250912648994841,0.8360104963529621,0.0024853853052050497,0.0065433044761354095,0.007536078004377766
ID_B8VYG3,0.36497438178260094,0.5039948407756627,0.5897507560932218,0.0008829391334700044,0.0017413021391541905,0.0022442693358256777
ID_DUQWFQ,0.36497438178260094,0.5205068493150684,0.5000887742394592,0.0006110127441509416,0.0013423873797843145,0.0014176422908145293
ID_S27JQO,0.36497438178260094,0.6062627646326276,0.6078607009428927,0.0009952647456896216,0.002222308970689088,0.002399874913796833
ID_473RDP,0.36497438178260094,0.5119845223269881,0.5011540651129692,0.0004981270048475347,0.0012431032163321709,0.0013684974025313017
ID_Z1D6V7,0.8603346379647749,0.8498592777085927,0.8472848247642768,0.004037472322633413,0.006427545134316896,0.009022238416912399
ID_YXCK0F,0.36497438178260094,0.4935194805194805,0.572706102117061,0.0008391708852309855,0.0016544270141514526,0.0021032377676782604
ID_KJ3TCA,0.7995242839352428,0.8195872620530156,0.8419583703967266,0.002423361164455758,0.006609427338266766,0.009333130222374924
ID_7Q07MF,0.36497438178260094,0.49245418964597043,0.5676459704678882,0.0008405446608007268,0.0016309537248528623,0.002055242483477092
ID_WO830L,0.36497438178260094,0.5041723892545811,0.5899283045721402,0.0008829891712572786,0.001741849469126962,0.0022442693358256777
ID_JD38LC,0.8795098736879559,0.8514572140188579,0.8404492083259206,0.006926457122548213,0.007601483277960223,0.009641519623325627
ID_4A6IYY,0.36497438178260094,0.5964088240526597,0.6070617327877601,0.000976789650266529,0.0022282246082753684,0.0024186546423103973
ID_75SAQ1,0.7689859455612881,0.7245100515922434,0.6870473225404732,0.0013323218102972757,0.002778558215742618,0.002851077605536139
ID_5OFBIB,0.36497438178260094,0.5043499377334993,0.5901946272905176,0.0008830867083079852,0.001741849469126962,0.0022464019860257297
ID_ALY7ZZ,0.36497438178260094,0.5045274862124177,0.5901946272905176,0.0008837824965979624,0.0017458137685748179,0.002248463265454495
ID_00SYAM,0.36497438178260094,0.4929868350827255,0.5708418430884183,0.0008408196155748576,0.0016314500218880734,0.002064624540693094
ID_RNR77F,0.8143495819249243,0.8351227539583704,0.8461307596513077,0.003466287714281703,0.007035424113287527,0.009841761014273535
ID_ANWPH8,0.7992579612168653,0.8268667496886675,0.838584949297278,0.00243636225824612,0.006893634484255161,0.008095071681061577
ID_U2WF21,0.36497438178260094,0.23784967087706813,0.4847308308130226,0.0005225767967706532,0.0011414036426795294,0.001335440078528862
ID_IC7OWJ,0.36497438178260094,0.512961038961039,0.4990234833659491,0.0004998629411479617,0.001235955981339407,0.0013536921451142016
ID_5AS1RL,0.818788293897883,0.848971535314001,0.9189256360078277,0.004436569900326791,0.01136275165873571,0.06491010091615172
ID_2T7D9G,0.36497438178260094,0.5355096957836684,0.5386167941647394,0.0006078995312670652,0.0014247955173390169,0.0015287433162715805
ID_HJ5KUJ,0.8052946095000889,0.8273106208859633,0.8367206902686355,0.002714132200203279,0.006531245786072166,0.007496590882246395
ID_3GOFCW,0.36497438178260094,0.5,0.5719071339619285,0.0009168595218536355,0.0016801205764181855,0.0021205236150405415
ID_7O1I32,0.36497438178260094,0.23784967087706813,0.221692759295499,0.0005153689450159933,0.0011456621684621511,0.0011577531585170798
ID_WYA35N,0.8869669098025262,0.9230092510229497,0.9262051236434798,0.0169720421021982,0.02976844262635531,0.04861304149255831
ID_W5DHJ2,0.36497438178260094,0.5047050346913361,0.5904609500088952,0.0008844583062766599,0.0017468401234467371,0.002256608507198334
ID_T05X66,0.8024538338373954,0.8163913894324853,0.838584949297278,0.002640191474267839,0.0063973322629563316,0.008215819174508364
ID_CRM4RV,0.8750711617149973,0.8544755381604697,0.8658386408112436,0.007201920431452461,0.008614766375828363,0.015482356691371095
ID_ITNBRH,0.8603346379647749,0.8342350115637787,0.8419583703967266,0.005170532428508305,0.005952161169219286,0.010972122570482582
ID_UYPZ03,0.8603346379647749,0.834412560042697,0.8419583703967266,0.005170532428508305,0.0059819632358738,0.011002213192080704
ID_PNZ4JF,0.36497438178260094,0.5092325209037538,0.6136310265077388,0.000978838693271016,0.00180474677025396,0.002408850362469366
ID_F91RCT,0.7966835082725494,0.8195872620530156,0.8353890766767479,0.0024017478591911385,0.006594211646499306,0.007767905394081408
ID_3XSANB,0.36497438178260094,0.5048825831702544,0.5906384984878136,0.0008846527003193004,0.001747812033719146,0.0022591094245179243
ID_6J7QV5,0.36497438178260094,0.5,0.5719071339619285,0.0009169070309587343,0.0016804412361371016,0.0021205236150405415
ID_P30MQ0,0.36497438178260094,0.6497621419676215,0.6524253691513966,0.0010384920007982035,0.002601715351425695,0.002777127453981402
ID_JST03I,0.36497438178260094,0.5070131649172746,0.6016465041807508,0.0008996900926274899,0.0017888779750352005,0.0023507698677688134
ID_Z94PSF,0.36497438178260094,0.5051489058886319,0.590904821206191,0.000884807217728415,0.001748475616425867,0.0022591094245179243
ID_OJ2LYR,0.82553513609678,0.8682355452766412,0.8793323252090375,0.004046413009771879,0.009996004936165667,0.013012085498984454
ID_GZ2CK3,0.36497438178260094,0.4929868350827255,0.5588573207614304,0.0009103606987566246,0.0016337681931552408,0.002046376923263539
ID_KNUO6I,0.36497438178260094,0.6085708948585661,0.5869099804305283,0.0006311244219885411,0.0018507902122917926,0.0019194494631946276
ID_DOW1PY,0.36497438178260094,0.721225404732254,0.6794127379469844,0.0007923811339862996,0.002797660986409495,0.002838241234390907
ID_HWML2X,0.36497438178260094,0.7829235011563779,0.7516749688667497,0.000758644032114911,0.0034710857491770525,0.0034852290235394606
ID_EVIF8F,0.36497438178260094,0.6472764632627647,0.6245502579612169,0.0006192596776259701,0.0020988414766885104,0.002181168707051334
ID_ENM2XK,0.36497438178260094,0.5896619818537627,0.5537084148727984,0.000625319725152948,0.0017658871227057642,0.0018248174797059018
ID_48WC8Z,0.36497438178260094,0.23784967087706813,0.221692759295499,0.0005440668465089549,0.0011341263048052596,0.0011435496476359544
ID_D326DS,0.36497438178260094,0.737826187511119,0.6915748087528909,0.0008138401758823882,0.0029049651824951993,0.0029672500572820036
ID_USYVL3,0.36497438178260094,0.23784967087706813,0.221692759295499,0.0005018128711736765,0.0010794910364828492,0.0010887753956311226
ID_5TKD3W,0.36497438178260094,0.6087484433374845,0.5870875289094467,0.0006311244219885411,0.001853870528232243,0.0019194494631946276
ID_0JC6LT,0.36497438178260094,0.6953921010496353,0.6621905354919053,0.000775814986088049,0.0028263450924833375,0.0028886326517676723
ID_INW8YA,0.36497438178260094,0.23784967087706813,0.221692759295499,0.0005467978520750879,0.0010600704684145346,0.0010600704684145346
ID_ICQGA8,0.36497438178260094,0.5338229852339441,0.5047050346913361,0.0005976282189259864,0.0014312383443968683,0.0014566352637008274
ID_IWB0AZ,0.36497438178260094,0.23784967087706813,0.221692759295499,0.0005433891275268617,0.001093095098995781,0.001093095098995781
ID_GS6GIY,0.36497438178260094,0.7829235011563779,0.7588656822629425,0.0007881610182734344,0.003667589017905152,0.003667589017905152
ID_YYMTTZ,0.36497438178260094,0.5340005337128625,0.5048825831702544,0.0005976834421183326,0.001431631422423744,0.001458192304871602
ID_WNL2AW,0.36497438178260094,0.23784967087706813,0.221692759295499,0.0005453661580642319,0.0010538239383024606,0.0010538239383024606
ID_WIPE3M,0.36497438178260094,0.6025342465753424,0.5812284291051414,0.0006212188798907758,0.0017822123439357462,0.0018694419620433468
ID_475RRJ,0.36497438178260094,0.6321848425547055,0.6449683330368262,0.0006203179618251734,0.0020256485676548182,0.002380873986843938
ID_78W3J6,0.36497438178260094,0.23784967087706813,0.221692759295499,0.0005240571657791922,0.0011086204758240569,0.0011086204758240569
ID_7I6AN6,0.36497438178260094,0.7262855363814268,0.7712053015477673,0.0010599586584738908,0.00292128364296602,0.004424322249747072
ID_M32EDR,0.36497438178260094,0.7639258139121152,0.7237110834371109,0.0008360964381820237,0.003208270206673087,0.003208270206673087
ID_9AIPRL,0.36497438178260094,0.23784967087706813,0.221692759295499,0.000560148978467948,0.0011308662069224287,0.0011352038800879784
ID_LZ4OU6,0.36497438178260094,0.7188285002668565,0.6794127379469844,0.0008168584959314634,0.0027536312302065065,0.0027593322122792426
ID_PR92PR,0.36497438178260094,0.5759019747375912,0.5432330546166163,0.0006129217556524621,0.001708512945220067,0.0017596687666099678
ID_6E3A6Z,0.36497438178260094,0.6007587617861591,0.5739489414694894,0.0006303975091559041,0.0018022711031531414,0.0018721401275464632
ID_X41NOX,0.36497438178260094,0.23784967087706813,0.221692759295499,0.0005050246472051927,0.0010758588155856726,0.0010758588155856726
ID_FI825B,0.36497438178260094,0.5066580679594379,0.4821563778687067,0.000523186215442116,0.001213774231537058,0.001265824736737774
ID_89CEYW,0.36497438178260094,0.7143897882938979,0.6707128624799858,0.000809130390088967,0.002752581180590243,0.002752581180590243
ID_7BTHXK,0.36497438178260094,0.7829235011563779,0.7519412915851272,0.000758644032114911,0.003475878608878347,0.003490200494934935
ID_QZP05P,0.36497438178260094,0.23784967087706813,0.221692759295499,0.0005715214471307655,0.0011414036426795294,0.0011541695684183755
ID_PDTOSK,0.36497438178260094,0.5861110122753959,0.550867639210105,0.0006454782327873293,0.0017168551136451723,0.0017613293073467293
ID_JSWVHL,0.36497438178260094,0.721225404732254,0.6794127379469844,0.0007929357959837919,0.0028008437174751235,0.0028401159074130647
ID_0PDI5J,0.36497438178260094,0.23784967087706813,0.221692759295499,0.000493782984596696,0.001059270078564091,0.001059270078564091
ID_B8EFZT,0.36497438178260094,0.8314830101405444,0.8140832592065468,0.000905138529857338,0.004884852326158927,0.004884852326158927
ID_2WABYN,0.36497438178260094,0.23784967087706813,0.221692759295499,0.0005368924203949426,0.0011208739774138693,0.0011208739774138693
ID_JG81AP,0.36497438178260094,0.6007587617861591,0.5741264899484078,0.0006304266564588415,0.0018027702132085977,0.0018721401275464632
ID_HWS14O,0.36497438178260094,0.23784967087706813,0.221692759295499,0.0005112160356000871,0.0010797766336302938,0.001089123397879468
ID_O4F4HX,0.36497438178260094,0.23784967087706813,0.221692759295499,0.0005589085120338827,0.00112473203333417,0.00112473203333417
ID_19G3H2,0.36497438178260094,0.23784967087706813,0.221692759295499,0.0005112160356000871,0.0010801074128793256,0.001089123397879468
ID_DVT2Y2,0.36497438178260094,0.23784967087706813,0.221692759295499,0.0005002148021383229,0.0010486225197827866,0.0010486225197827866
ID_6R6JX6,0.36497438178260094,0.23784967087706813,0.221692759295499,0.0005050246472051927,0.0010763234945382542,0.0010763234945382542
ID_OWEKY6,0.36497438178260094,0.5877977228251201,0.552998220957125,0.0006237235843671939,0.0017604042963733867,0.0018182391524184385
ID_5CKDQ8,0.36497438178260094,0.647454011741683,0.6247278064401351,0.0006195539329465384,0.002099315112585738,0.0021846474177140904
ID_OJSWXZ,0.36497438178260094,0.6007587617861591,0.5746591353851628,0.0006305617024614133,0.0018036530285359023,0.0018721401275464632
ID_WH760F,0.36497438178260094,0.23784967087706813,0.221692759295499,0.0005112160356000871,0.0010804006056410569,0.001089123397879468
ID_I2QI8W,0.36497438178260094,0.23784967087706813,0.221692759295499,0.0005016677969339964,0.001048515180003669,0.001048515180003669
ID_ZUZ5IB,0.36497438178260094,0.607505603985056,0.5847793986835083,0.0006281753420579147,0.0018286329739758192,0.0018818487206048635
ID_S21QRP,0.36497438178260094,0.23784967087706813,0.221692759295499,0.0005367596608061443,0.0011021542451206897,0.0011021542451206897
ID_NC0DIX,0.36497438178260094,0.23784967087706813,0.221692759295499,0.0005112160356000871,0.001080615114400851,0.001089123397879468
ID_R76V65,0.36497438178260094,0.23784967087706813,0.221692759295499,0.0005101292722363327,0.0011272868756841653,0.0011272868756841653
ID_HKYOVX,0.36497438178260094,0.23784967087706813,0.221692759295499,0.000570049295533226,0.0010934650046483933,0.0010934650046483933
ID_EZT9L4,0.36497438178260094,0.765878847180217,0.7351629603273439,0.0008244885690209232,0.0030546727676040507,0.0031321251429977785
ID_I8C23T,0.36497438178260094,0.23784967087706813,0.221692759295499,0.0005453077511838529,0.001054202773394631,0.001054202773394631
ID_UCBT8P,0.36497438178260094,0.23784967087706813,0.221692759295499,0.0005453423465572732,0.0010543459192303502,0.0010543459192303502
ID_4EFHFH,0.36497438178260094,0.5877977228251201,0.5553063511830635,0.0006073566593946765,0.001751119304608583,0.001814153023467342
ID_WJZODY,0.36497438178260094,0.5886854652197119,0.5544186087884717,0.0006164475472326621,0.0017912441616123808,0.0018681603724322589
ID_5O4DK2,0.36497438178260094,0.6476315602206013,0.6249053549190535,0.0006199485492474531,0.00210088573406305,0.002185658178805709
ID_1QQANC,0.36497438178260094,0.23784967087706813,0.221692759295499,0.0005527675109895722,0.0010606167584236192,0.0010606167584236192
ID_GW57CP,0.36497438178260094,0.6323623910336239,0.6268583881871553,0.0006249264752053966,0.0019958947677499134,0.002112139408727039
ID_V5IB8S,0.36497438178260094,0.6076831524639743,0.5850457214018857,0.0006284955644057925,0.001828946212892966,0.0018830850948544373
ID_6RK6HI,0.36497438178260094,0.7266406333392635,0.7713828500266856,0.0010636209316512376,0.0029223878778679127,0.004430912836848807
ID_WR3P0Q,0.36497438178260094,0.23784967087706813,0.221692759295499,0.000542800124841336,0.0010994179695102816,0.0010994179695102816
ID_DHHPAZ,0.36497438178260094,0.23784967087706813,0.221692759295499,0.0005050246472051927,0.0010763607189483494,0.0010763607189483494
ID_0919CJ,0.36497438178260094,0.23784967087706813,0.221692759295499,0.0005112160356000871,0.0010808081112952345,0.0010892985848465668
ID_J841FF,0.36497438178260094,0.23784967087706813,0.221692759295499,0.0005508373230621747,0.0010569027594729667,0.0010569027594729667
ID_KL7CZ1,0.36497438178260094,0.23784967087706813,0.221692759295499,0.000544426058492199,0.001046807885217749,0.001046807885217749
ID_N8STMV,0.36497438178260094,0.7145673367728161,0.6708904109589041,0.0008094354332561527,0.0027536312302065065,0.0027536312302065065
ID_C1JCO4,0.36497438178260094,0.6483417541362747,0.6273910336239102,0.0006257391906148639,0.0020327176128437847,0.00212755856672272
ID_4KNGLU,0.36497438178260094,0.6327174879914605,0.6270359366660736,0.0006243488261611119,0.0019978781888097975,0.002113596697491755
ID_LJ63XA,0.36497438178260094,0.6089259918164027,0.5872650773883651,0.0006316156374637682,0.001854807091756474,0.0019194494631946276
ID_KI0M9B,0.36497438178260094,0.23784967087706813,0.221692759295499,0.0005310997420479443,0.0011414036426795294,0.0011549620749118962
ID_BMD6D9,0.36497438178260094,0.23784967087706813,0.221692759295499,0.0005389853911383048,0.0010748841384485004,0.0010748841384485004
ID_QSILOT,0.36497438178260094,0.6115004447607187,0.5874426258672835,0.0006316156374637682,0.0018561562465704326,0.0019206158585738937
ID_K0TAT7,0.36497438178260094,0.6765719622842911,0.6455897527130404,0.0007732036862481728,0.0027850831010028127,0.0028187845853480642
ID_ZM6SCU,0.36497438178260094,0.6115004447607187,0.5876201743462017,0.0006316411071174338,0.0018592231814045233,0.0019222006876120424
ID_2EUTBC,0.36497438178260094,0.23784967087706813,0.221692759295499,0.0005061469952219902,0.001050172385124065,0.001050172385124065
ID_H4EEPQ,0.36497438178260094,0.7053348158690624,0.6670731186621597,0.0007733458372000905,0.0025778640238740182,0.0026127242722579513
ID_GPGXMS,0.36497438178260094,0.7127918519836328,0.6700026685643123,0.0007785622270614749,0.0026963347017992276,0.0026963347017992276
ID_OWB724,0.36497438178260094,0.8250912648994841,0.8076027397260274,0.0009037124402503987,0.004753567144411362,0.004753567144411362
ID_8XK367,0.36497438178260094,0.23784967087706813,0.221692759295499,0.000493782984596696,0.0010594929279263198,0.0010594929279263198
ID_11KV3S,0.36497438178260094,0.23784967087706813,0.221692759295499,0.0005112160356000871,0.0010808594587510283,0.0010892985848465668
ID_QWOZQ4,0.36497438178260094,0.23784967087706813,0.221692759295499,0.0005527973826277583,0.0010610855520459077,0.0010610855520459077
ID_F6BTEU,0.36497438178260094,0.7829235011563779,0.7588656822629425,0.0007881610182734344,0.0036690334576482205,0.0036690334576482205
ID_WUQWL2,0.36497438178260094,0.23784967087706813,0.221692759295499,0.0005290727855961282,0.0011303815029446928,0.0011334981648231251
ID_2LDNB9,0.36497438178260094,0.7705838818715531,0.7380925102294965,0.0007881610182734344,0.0034033823063630017,0.0034033823063630017
ID_CKGVN9,0.36497438178260094,0.23784967087706813,0.221692759295499,0.0005290727855961282,0.0011303815029446928,0.0011346902726648309
ID_BBB09D,0.36497438178260094,0.5877977228251201,0.5540635118306351,0.0006136795890710643,0.0018143221884252183,0.0018773375219178524
ID_KF1S3W,0.36497438178260094,0.7694298167585839,0.7889601494396016,0.0010780644317072172,0.0035852420888505604,0.005152755505896449
ID_O79B2I,0.36497438178260094,0.23784967087706813,0.221692759295499,0.0005524890236879859,0.0010682783663975345,0.0010682783663975345
ID_VV9U6R,0.36497438178260094,0.5877977228251201,0.5540635118306351,0.0006137702715613017,0.001815216409789287,0.0018785578739882716
ID_YJYMCF,0.36497438178260094,0.5379953744885252,0.5066580679594379,0.0006234521279275144,0.001436111652453506,0.0014631616525004611
ID_JR89XU,0.36497438178260094,0.5888630136986301,0.5545961572673901,0.0006165080561413348,0.0017935296895052256,0.001868862491714925
ID_BKQMY3,0.36497438178260094,0.6115004447607187,0.5877977228251201,0.0006318917507638183,0.0018625153744987015,0.001924594908705973
ID_WGZT3N,0.36497438178260094,0.23784967087706813,0.221692759295499,0.000497491582638646,0.0010484284672986485,0.0010484284672986485
ID_O53XSO,0.36497438178260094,0.5542410603095534,0.523880270414517,0.0006185015311669093,0.001578510855855625,0.0015863943340200621
ID_4B4BTZ,0.36497438178260094,0.23784967087706813,0.221692759295499,0.0005377822712286721,0.0010576799842741704,0.0010576799842741704
ID_1UBHGG,0.36497438178260094,0.649051948051948,0.6281900017790429,0.0006305778507894319,0.002041963627144398,0.0021312194373134005
ID_9TPR5H,0.36497438178260094,0.5896619818537627,0.5547737057463086,0.0006165232545079846,0.0017949169551912075,0.001868862491714925
ID_PHORWR,0.36497438178260094,0.6955696495285537,0.6623680839708237,0.000775814986088049,0.0028265222567664663,0.002888654374187688
ID_8LZPFU,0.36497438178260094,0.7756440135207258,0.7459934175413628,0.000758644032114911,0.0033074160946953398,0.0033074160946953398
ID_EELQZS,0.36497438178260094,0.6483417541362747,0.6281900017790429,0.0006259744467376731,0.002034150794206556,0.002127742592468807
ID_R92G3Q,0.36497438178260094,0.23784967087706813,0.221692759295499,0.0005702936784048714,0.0010967406499123962,0.0010967406499123962
ID_KT51IW,0.36497438178260094,0.7554034869240349,0.7588656822629425,0.0011430301429693666,0.003008053719412066,0.003802775145552523
ID_Y5D83X,0.36497438178260094,0.6020016011385875,0.5803406867105497,0.0006213148082625921,0.0017753590089598942,0.0018529385102673058
ID_NNYC99,0.36497438178260094,0.7344527664116706,0.6953921010496353,0.0007489595409133897,0.0027769235252734815,0.002852270653747494
ID_H7MJ3S,0.36497438178260094,0.7381812844689557,0.6923737769080235,0.0008155778080081291,0.0029054941647303476,0.002967386075435558
ID_CIHIWL,0.36497438178260094,0.6021791496175057,0.5806957836683865,0.0006215543639537821,0.0017753590089598942,0.0018616752381787817
ID_ZYM82A,0.36497438178260094,0.6328950364703789,0.627213485144992,0.0006243488261611119,0.0019984043387191205,0.0021164043892387117
ID_HCCTFN,0.36497438178260094,0.6776372531578011,0.6486080768546522,0.0007459999125762353,0.0026039323357638267,0.002619955592327421
ID_71RVRZ,0.36497438178260094,0.23784967087706813,0.221692759295499,0.0005261605871117592,0.0010613502322840045,0.0010613502322840045
ID_PZHU8F,0.36497438178260094,0.7399567692581391,0.7836336950720512,0.0010498859449010471,0.0031557475337662608,0.005081192173635924
ID_1DWT84,0.36497438178260094,0.7419098025262408,0.8031640277530688,0.001036675589524908,0.0028763904814843692,0.005282038846138675
ID_5I0I2K,0.36497438178260094,0.5877977228251201,0.5531757694360434,0.0006237235843671939,0.0017604042963733867,0.0018209826696558055
ID_ZY3YB7,0.36497438178260094,0.23784967087706813,0.221692759295499,0.0005639665374250684,0.0010949517720704408,0.0010949517720704408
ID_OZV41J,0.36497438178260094,0.23784967087706813,0.221692759295499,0.0005174352680568817,0.0010636128701618668,0.0010636128701618668
ID_Q0SPQ2,0.36497438178260094,0.6115004447607187,0.5881528197829567,0.0006319068233580045,0.001863500525582431,0.0019253536311250427
ID_X5CALQ,0.36497438178260094,0.7188285002668565,0.6794127379469844,0.0008189123213631995,0.0027536312302065065,0.0027630077621468865
ID_ZLSF1Q,0.36497438178260094,0.7147448852517346,0.6713342821562,0.0008100080799038651,0.0027536312302065065,0.002754418814153419
ID_X0QGMF,0.36497438178260094,0.7630380715175236,0.7348078633695072,0.0007881610182734344,0.00292128364296602,0.0030497424327034658
ID_P3URU3,0.36497438178260094,0.6078607009428927,0.5850457214018857,0.0006289631504105861,0.001833531940582243,0.0018850576529897414
ID_WD7CSJ,0.36497438178260094,0.23784967087706813,0.221692759295499,0.000493782984596696,0.0010595193975635492,0.0010595193975635492
ID_OP2YUN,0.36497438178260094,0.23784967087706813,0.221692759295499,0.000506638512452431,0.001073901543635965,0.001073901543635965
ID_TS28A2,0.36497438178260094,0.7383588329478741,0.6928176481053193,0.0008158827912301743,0.0029061609728086306,0.0029678096565718885
ID_EUSUFK,0.36497438178260094,0.7344527664116706,0.6953921010496353,0.0007492064555928872,0.0027779360572804334,0.002852270653747494
ID_VTZ497,0.36497438178260094,0.7829235011563779,0.7911795054260808,0.001151712078604787,0.004136089549271339,0.005144150733288687
ID_KJVX1G,0.36497438178260094,0.23784967087706813,0.221692759295499,0.0005240571657791922,0.001108683252776904,0.001108683252776904
ID_25E701,0.36497438178260094,0.5341780821917809,0.5050601316491727,0.0005976851307024701,0.0014323752126981849,0.0014586478743269752
ID_U9FC9H,0.36497438178260094,0.23784967087706813,0.221692759295499,0.0005187224907835585,0.0010731447935956222,0.0010731447935956222
ID_0KWKO6,0.36497438178260094,0.695747198007472,0.6632558263654154,0.000778294298112709,0.002827778364782407,0.0028922538100161813
ID_NA80NQ,0.36497438178260094,0.23784967087706813,0.221692759295499,0.0005004208152552762,0.0010486225197827866,0.0010486225197827866
ID_SEZMK4,0.36497438178260094,0.23784967087706813,0.221692759295499,0.0005462006489312148,0.0010561476006913425,0.0010561476006913425
ID_EUISRV,0.36497438178260094,0.7530953566980965,0.7098623020814802,0.0009069052393658603,0.002903063600723428,0.0029788035264526926
ID_5XO6JY,0.36497438178260094,0.6996532645436755,0.6670731186621597,0.0008445778820659216,0.0024695916365752297,0.0025300549130831892
ID_EK7ZWC,0.36497438178260094,0.704091976516634,0.6726658957480876,0.0008335426314714168,0.0025142437270925144,0.002571678134378494
ID_V796K5,0.36497438178260094,0.23784967087706813,0.221692759295499,0.0005565955362347557,0.0009711121446772281,0.0009711121446772281
ID_Y827KG,0.36497438178260094,0.23784967087706813,0.221692759295499,0.0005639528283204174,0.00101535284982632,0.00101535284982632
ID_2HM4QW,0.36497438178260094,0.23784967087706813,0.221692759295499,0.0005639665374250684,0.00101535284982632,0.00101535284982632
ID_SCXJL3,0.36497438178260094,0.23784967087706813,0.221692759295499,0.0005639665374250684,0.00101535284982632,0.00101535284982632
ID_JZPTYE,0.36497438178260094,0.23784967087706813,0.221692759295499,0.0005553721457895405,0.001045320632415362,0.001045320632415362
ID_Q2IGYG,0.36497438178260094,0.23784967087706813,0.221692759295499,0.0005563840163884727,0.0010287530773543739,0.001030951740371263
ID_M4NSBL,0.36497438178260094,0.23784967087706813,0.221692759295499,0.0005515130971594312,0.0010318491732957493,0.001032899811930109
ID_ZEY77T,0.36497438178260094,0.23784967087706813,0.221692759295499,0.0005702496714736164,0.0010170602011888143,0.001017395346843671
ID_0GZHJB,0.36497438178260094,0.23784967087706813,0.221692759295499,0.0005554017286631521,0.001045960227575175,0.001045960227575175
ID_O98AFI,0.36497438178260094,0.23784967087706813,0.221692759295499,0.0005641499498583785,0.001020248669510681,0.0010206868863790746
ID_GTVZ8B,0.36497438178260094,0.23784967087706813,0.221692759295499,0.0005639665374250684,0.00101535284982632,0.00101535284982632
ID_TUWRO6,0.36497438178260094,0.23784967087706813,0.221692759295499,0.0005583176359939693,0.0010477239415157128,0.0010477239415157128
ID_53NI04,0.36497438178260094,0.23784967087706813,0.221692759295499,0.0005633728667659816,0.001038783259917698,0.001038783259917698
ID_G8ISGB,0.36497438178260094,0.23784967087706813,0.221692759295499,0.0005642382552310346,0.0010043121939051804,0.0010056105017905224
ID_NO0C5D,0.36497438178260094,0.23784967087706813,0.221692759295499,0.0005614036002608148,0.00102721142482002,0.0010282665487952977
ID_HPAY1U,0.36497438178260094,0.23784967087706813,0.221692759295499,0.0005639665374250684,0.00101535284982632,0.00101535284982632
ID_VYY1I9,0.36497438178260094,0.23784967087706813,0.221692759295499,0.0005741653738428248,0.001010225511858369,0.001010225511858369
ID_05VYW1,0.36497438178260094,0.23784967087706813,0.221692759295499,0.0005894476563202304,0.0010135337704906956,0.0010135337704906956
ID_QMN5FR,0.36497438178260094,0.23784967087706813,0.221692759295499,0.0005554017286631521,0.0010462696246389576,0.0010462696246389576
ID_DTD1QY,0.36497438178260094,0.23784967087706813,0.221692759295499,0.0005525787111543958,0.0010623903930887485,0.0010624111997013094
ID_3HTURM,0.36497438178260094,0.23784967087706813,0.221692759295499,0.000573905705949468,0.001010225511858369,0.001010225511858369
ID_58WL51,0.36497438178260094,0.23784967087706813,0.221692759295499,0.0005582526230910969,0.001041412616899579,0.001041412616899579
ID_EWS3VY,0.36497438178260094,0.23784967087706813,0.221692759295499,0.0005582578044788901,0.0010416354271368423,0.0010416354271368423
ID_WIZJEA,0.36497438178260094,0.23784967087706813,0.221692759295499,0.0005764520031435487,0.001007041457984657,0.0010082975060586629
ID_3TOQ4O,0.36497438178260094,0.23784967087706813,0.221692759295499,0.0005615713274334066,0.00102721142482002,0.001028461821821651
ID_065SOK,0.99793470912649,0.9974020636897349,0.9975796121686533,0.7806071479907231,0.7806071479907231,0.8588878975277299
ID_U016SO,0.9981122576054082,0.9972245152108167,0.9988224515210816,0.8168232255880024,0.8168232255880024,0.903334669818783
ID_CNKSHK,0.9949163849848781,0.9940286425902864,0.9920756093221847,0.6225681111318605,0.6225681111318605,0.645390604009907
ID_Z84N1L,0.998467354563245,0.9982898060843266,0.9986449030421634,0.7825706981723933,0.7995147200128516,0.892902786265065
ID_R0KEPU,0.9950939334637965,0.9947388365059598,0.9954490304216331,0.7005192676972626,0.7005192676972626,0.8057549219118879
ID_Y7BC44,0.9959816758583883,0.9961592243373065,0.999,0.6589341334381187,0.7090442950064197,0.8976159387121488
ID_8TH4YE,0.9940286425902864,0.992785803237858,0.9931409001956947,0.5803791076274959,0.5803791076274959,0.7465535329131786
ID_HRAQSM,0.36497438178260094,0.23784967087706813,0.221692759295499,0.0006042523237095097,0.0008192400764019813,0.0008192400764019813
ID_UZLDLE,0.36497438178260094,0.23784967087706813,0.221692759295499,0.0006110127441509416,0.0008369315624182887,0.0008369315624182887
ID_6IHIP0,0.36497438178260094,0.23784967087706813,0.221692759295499,0.0005369610905612322,0.000743475200170705,0.000743475200170705
ID_J0QHSL,0.36497438178260094,0.23784967087706813,0.221692759295499,0.0006110127441509416,0.0008250070660425875,0.0008250070660425875
ID_HBC5QX,0.36497438178260094,0.23784967087706813,0.221692759295499,0.0005590052299889635,0.0008050209489367473,0.0008050209489367473
ID_J3EJ0R,0.36497438178260094,0.23784967087706813,0.221692759295499,0.0005853445717687578,0.0008181136156468745,0.0008181136156468745
ID_HO7OER,0.36497438178260094,0.23784967087706813,0.221692759295499,0.0006110127441509416,0.0008368951663777334,0.0008368951663777334
ID_ZM023T,0.36497438178260094,0.23784967087706813,0.221692759295499,0.0005499502266728489,0.0007487855949581636,0.0007487855949581636
ID_1ANEBT,0.36497438178260094,0.5919701120797012,0.573771392990571,0.0011395205779038298,0.0017685652673694828,0.001863753576834242
ID_OGR2VR,0.36497438178260094,0.23784967087706813,0.221692759295499,0.0005582643863473294,0.0007284288825258024,0.0007284288825258024
ID_9B87OV,0.9686392101049636,0.9672188222736169,0.9601168831168831,0.13139054302742165,0.13450161369796776,0.13778691111646404
ID_HJT0CJ,0.36497438178260094,0.592413983276997,0.5595675146771036,0.0011346934179516162,0.001727583930412521,0.001789683260818211
ID_775Y66,0.9583413983276997,0.9531924924390678,0.9471558441558441,0.0856634095549678,0.08787013057771574,0.09264575620552135
ID_Q04AX8,0.36497438178260094,0.5556614481409001,0.5725285536381427,0.0011756946275046586,0.0016048251629700414,0.0017664731769561136
ID_VXCY4G,0.36497438178260094,0.23784967087706813,0.221692759295499,0.0005643810980513587,0.000749602483548023,0.000749602483548023
ID_SSO9SH,0.36497438178260094,0.23784967087706813,0.221692759295499,0.0005659734849574961,0.0007538246479525686,0.0007538246479525686
ID_RIZUYK,0.36497438178260094,0.23784967087706813,0.221692759295499,0.0005605894508932448,0.0008073080930887767,0.0008073080930887767
ID_S6WJDK,0.36497438178260094,0.23784967087706813,0.221692759295499,0.0005806378019682054,0.0008082275960981692,0.0008082275960981692
ID_K59VOO,0.36497438178260094,0.23784967087706813,0.221692759295499,0.0005935867502282236,0.0008183552769390327,0.0008183552769390327
ID_DHVX41,0.36497438178260094,0.23784967087706813,0.221692759295499,0.0005566901013758125,0.0008144835385119028,0.0008144835385119028
ID_GBOV5S,0.36497438178260094,0.23784967087706813,0.221692759295499,0.0005517469405210235,0.0007500157352785033,0.0007500157352785033
ID_06KAJU,0.9626025618217399,0.9595842376801281,0.9509731364525885,0.10871153283840611,0.12266230082374095,0.130430267289151
ID_04DJLK,0.36497438178260094,0.23784967087706813,0.221692759295499,0.0005369879641006536,0.000743475200170705,0.000743475200170705
ID_I85AHY,0.36497438178260094,0.23784967087706813,0.221692759295499,0.0005935508698799852,0.000817955330635517,0.000817955330635517
ID_W5OFQ8,0.36497438178260094,0.23784967087706813,0.221692759295499,0.0006082736746739168,0.0008531555740163596,0.0008531555740163596
ID_ROZN49,0.36497438178260094,0.23784967087706813,0.221692759295499,0.0005744873218824218,0.000754032289399104,0.000754032289399104
ID_O99TDC,0.36497438178260094,0.23784967087706813,0.221692759295499,0.0005945116424441132,0.000751173652758664,0.000751173652758664
ID_9VAPA3,0.36497438178260094,0.23784967087706813,0.221692759295499,0.0005426834341219575,0.0007404685512702862,0.0007404685512702862
ID_9Q3QYV,0.36497438178260094,0.23784967087706813,0.221692759295499,0.0005895660294463845,0.000838536375708864,0.000838536375708864
ID_VCDH1M,0.36497438178260094,0.23784967087706813,0.221692759295499,0.0005597459049927917,0.0007500646059515404,0.0007500646059515404
ID_1UREW6,0.36497438178260094,0.23784967087706813,0.221692759295499,0.0005414464873433256,0.0007399506544807937,0.0007399506544807937
ID_NHXVVR,0.36497438178260094,0.23784967087706813,0.221692759295499,0.0005456836959221468,0.0007429848157757332,0.0007429848157757332
ID_HYYD9X,0.36497438178260094,0.5598338373954812,0.5641837751289807,0.0010982721305047428,0.0016096166625609448,0.001746547171873616
ID_S9EWZ6,0.36497438178260094,0.23784967087706813,0.221692759295499,0.000537587762594272,0.0007414794096228401,0.0007414794096228401
ID_3OK7WP,0.36497438178260094,0.23784967087706813,0.221692759295499,0.0006046975374409639,0.0008197432807687438,0.0008197432807687438
ID_NZU26W,0.36497438178260094,0.5919701120797012,0.559745063156022,0.00116474623134814,0.0017025755608844294,0.0017553749656699664
ID_QSKDPI,0.36497438178260094,0.23784967087706813,0.221692759295499,0.0005596935211172171,0.0007488147503572053,0.0007488147503572053
ID_AUEQB1,0.36497438178260094,0.5552175769436043,0.5676459704678882,0.001109443973980061,0.0016140142465642731,0.0017622303884834755
ID_1KJ6HF,0.36497438178260094,0.23784967087706813,0.221692759295499,0.0005758094178470867,0.0007505662743432236,0.0007505662743432236
ID_9T9YY4,0.36497438178260094,0.23784967087706813,0.221692759295499,0.0005219824196250666,0.0007374249411267437,0.0007374249411267437
ID_DCQ2HB,0.36497438178260094,0.23784967087706813,0.221692759295499,0.0005584176158817287,0.0007286842321994568,0.0007286842321994568
ID_ZNSKYP,0.36497438178260094,0.23784967087706813,0.221692759295499,0.0005700288165081338,0.0007499819718043999,0.0007499819718043999
ID_B97PWM,0.36497438178260094,0.23784967087706813,0.221692759295499,0.0005795558127458425,0.0008283051732542611,0.0008283051732542611
ID_SSTMBL,0.36497438178260094,0.23784967087706813,0.221692759295499,0.000557656876035039,0.0007403630911083484,0.0007403630911083484
ID_UC68W2,0.36497438178260094,0.23784967087706813,0.221692759295499,0.0005820029112589791,0.0008122608091767673,0.0008122608091767673
ID_ABA2EL,0.36497438178260094,0.23784967087706813,0.221692759295499,0.0005583881963317288,0.000726984225931483,0.000726984225931483
ID_C2EX4C,0.36497438178260094,0.23784967087706813,0.221692759295499,0.000544678179365116,0.0007418493787041674,0.0007418493787041674
ID_9A0ZFU,0.36497438178260094,0.23784967087706813,0.221692759295499,0.0005797991398954118,0.0008147370194337409,0.0008147370194337409
ID_1SUIYY,0.36497438178260094,0.23784967087706813,0.221692759295499,0.0006042219402300133,0.0008471086206623854,0.0008471086206623854
ID_OYD76O,0.36497438178260094,0.23784967087706813,0.221692759295499,0.0005500511579817853,0.0007488147503572053,0.0007488147503572053
ID_KB433X,0.36497438178260094,0.23784967087706813,0.221692759295499,0.0005553272691047616,0.0008181136156468745,0.0008181136156468745
ID_ZQLRCB,0.9633127557374134,0.957986301369863,0.9492864259028643,0.09917750610811996,0.09946972948046798,0.10249489923821381
ID_B52MTK,0.36497438178260094,0.23784967087706813,0.221692759295499,0.0005472313454933657,0.0007456194801334118,0.0007456194801334118
ID_TH3FZH,0.36497438178260094,0.23784967087706813,0.221692759295499,0.0005584600497026508,0.0007286842321994568,0.0007286842321994568
ID_F6UFCA,0.36497438178260094,0.23784967087706813,0.221692759295499,0.0005607824959659274,0.00080732851655091,0.00080732851655091
ID_M460YA,0.36497438178260094,0.23784967087706813,0.221692759295499,0.0005454349734973275,0.0007485702651753844,0.0007485702651753844
ID_RGMKFC,0.36497438178260094,0.23784967087706813,0.221692759295499,0.0005518495253393021,0.0007500646059515404,0.0007500646059515404
ID_HYF240,0.36497438178260094,0.23784967087706813,0.221692759295499,0.0005835693492198777,0.0008158739928494128,0.0008158739928494128
ID_F4Z9QP,0.36497438178260094,0.5700428749332859,0.5601889343533178,0.0011529633840721993,0.0016622387378289747,0.001794719985358345
ID_NP3XTP,0.36497438178260094,0.23784967087706813,0.221692759295499,0.0006174640409091483,0.0008540345202618122,0.0008540345202618122
ID_4RB4RW,0.36497438178260094,0.23784967087706813,0.221692759295499,0.000570049295533226,0.0007500157352785033,0.0007500157352785033
ID_28Y3QD,0.36497438178260094,0.23784967087706813,0.221692759295499,0.0005592311260937938,0.0007265639473127485,0.0007265639473127485
ID_8V1UTS,0.36497438178260094,0.23784967087706813,0.221692759295499,0.0005835693492198777,0.0008158739928494128,0.0008158739928494128
ID_Y3B64A,0.36497438178260094,0.23784967087706813,0.221692759295499,0.0006174640409091483,0.0008542239204100742,0.0008542239204100742
ID_U3CTLW,0.36497438178260094,0.23784967087706813,0.221692759295499,0.0007170095762484491,0.0011413473031302883,0.0011540639699953116
ID_HIYHM9,0.36497438178260094,0.23784967087706813,0.221692759295499,0.0006226621716407877,0.0008145899983681812,0.0008145899983681812
ID_0LI4KO,0.36497438178260094,0.5679122931862658,0.5708418430884183,0.00115349750812693,0.0016539698591921895,0.0018018530998225207
ID_WZY98V,0.36497438178260094,0.23784967087706813,0.221692759295499,0.0005518495253393021,0.0007500646059515404,0.0007500646059515404
ID_D3WNMR,0.36497438178260094,0.23784967087706813,0.221692759295499,0.000553857594807854,0.0007408350326198422,0.0007408350326198422
ID_C4A9AI,0.36497438178260094,0.23784967087706813,0.221692759295499,0.0005391252896502628,0.0007580350932653707,0.0007580350932653707
ID_9DMQEB,0.8109761608254759,0.6658302793097313,0.636090909090909,0.002656103027825911,0.0027536312302065065,0.0027536312302065065
ID_WYTA25,0.7859418252979896,0.5730611990748977,0.5395045365593311,0.001916538125499517,0.001916538125499517,0.001916538125499517
ID_ZJP4KO,0.7743123999288383,0.5424340864614837,0.5155354919053549,0.0016861809092195534,0.0016861809092195534,0.0016861809092195534
ID_48E1RE,0.7862969222558264,0.5762570716954278,0.5432330546166163,0.001899580143932832,0.001899580143932832,0.001899580143932832
ID_2Q7ZYF,0.7916233766233767,0.5919701120797012,0.5585022238035936,0.002156686716569939,0.002156686716569939,0.002156686716569939
ID_M3E6DB,0.8060048034157623,0.635025618217399,0.6136310265077388,0.0024128411328857846,0.0024128411328857846,0.0024180160575449183
ID_RBQL63,0.7966835082725494,0.6041321828856075,0.5788315246397439,0.002193117153393724,0.002193117153393724,0.002193117153393724
ID_I06XZJ,0.8309503647037894,0.7747562711261342,0.7397792207792208,0.004090232549206211,0.004362766118945919,0.004362766118945919
ID_LHAJ16,0.7759103362391033,0.5444758939690447,0.5155354919053549,0.001774032100972208,0.001774032100972208,0.001774032100972208
ID_XRH4M1,0.7559361323607898,0.5215721401885786,0.49192154420921547,0.0012570284666533443,0.0012570284666533443,0.0012570284666533443
ID_L6E64E,0.7747562711261342,0.5439432485322896,0.5159793631026507,0.0017387724513041704,0.0017387724513041704,0.0017387724513041704
ID_9FOGDZ,0.8028089307952322,0.6225972246931152,0.6000485678704857,0.0023664775677119,0.0023664775677119,0.002372075787863879
ID_CQUX2K,0.7597534246575343,0.5398596335171677,0.5087886497064579,0.0012631563336310873,0.0012631563336310873,0.0012972733838323468
ID_4VKQYU,0.8183444227005872,0.7242437288738658,0.7054235901085216,0.0027514600288573226,0.0028531467728897192,0.002978341918036777
ID_KNBOAS,0.36497438178260094,0.5203293008361501,0.5055040028464686,0.0011927670919252723,0.0014006223189192012,0.001469126759578762
ID_Y3QY4K,0.8183444227005872,0.7150999822095713,0.6794127379469844,0.00376240497313564,0.00376240497313564,0.00376240497313564
ID_UHZ22Y,0.7521188400640456,0.5004438711972958,0.4860624444049102,0.001222861637002554,0.001222861637002554,0.001222861637002554
ID_WVHSDA,0.7910907311866215,0.5912599181640278,0.5554838996619819,0.0020744558842878806,0.0020744558842878806,0.0020744558842878806
ID_LDDHLU,0.8422246931151042,0.7712053015477673,0.7406669631738124,0.0033923077264030373,0.0033923077264030373,0.0033923077264030373
ID_AGSGHY,0.7763542074363993,0.5450085394057996,0.520773172033446,0.0018386180740060252,0.0018386180740060252,0.0018386180740060252
ID_X2SDKG,0.8196760362924747,0.7188285002668565,0.6868697740615549,0.0026725683990536575,0.0026725683990536575,0.0026725683990536575
ID_S90MML,0.36497438178260094,0.23784967087706813,0.5096763921010496,0.001202188730828564,0.001226750091989126,0.0015065451059068401
ID_MG05UN,0.7701400106742572,0.5386167941647394,0.5103865860167229,0.0016319599509023045,0.0016319599509023045,0.0016319599509023045
ID_O973KK,0.8405379825653798,0.7891376979185198,0.7755552392812667,0.004038733750387295,0.004210413616084016,0.004736282235882693
ID_ZPW7TK,0.7728032378580324,0.5402147304750045,0.511451876890233,0.0016502142252986275,0.0016502142252986275,0.0016502142252986275
ID_PJJ2OK,0.7733358832947874,0.5414575698274328,0.5110967799323963,0.0016425748559081776,0.0016425748559081776,0.0016425748559081776
ID_KEZP3H,0.7696073652375023,0.5372851805728518,0.5118957480875289,0.0016414949601615608,0.0016414949601615608,0.0016414949601615608
ID_82XV8F,0.8132842910514143,0.6788800925102295,0.6532243373065291,0.00240872012600606,0.00240872012600606,0.00240872012600606
ID_KHQLO9,0.36497438178260094,0.23784967087706813,0.5075458103540295,0.0012085442475309898,0.001254911808392458,0.0015354758488855963
ID_BOVGVS,0.820386230208148,0.6829637075253513,0.6746189290161894,0.0023576520292169128,0.0023576520292169128,0.0023576520292169128
ID_1FCLJQ,0.814704678882761,0.6859820316669631,0.6545559508984167,0.0024622131001232708,0.0024622131001232708,0.0024917832600767006
ID_MLL86Y,0.7905580857498666,0.585134495641345,0.5522880270414517,0.002082538377460323,0.002082538377460323,0.002082538377460323
ID_HCWZN6,0.7884275040028464,0.585134495641345,0.5616093221846646,0.0020851576993594673,0.0020851576993594673,0.0020851576993594673
ID_607D9L,0.9695269524995552,0.9652657890055151,0.9581638498487814,0.09683834273655885,0.09901984729033649,0.09987589564137661
ID_7L24AW,0.7756440135207258,0.5457187333214731,0.5237027219355986,0.00184227435196437,0.00184227435196437,0.00184227435196437
ID_1I1DP1,0.7751113680839709,0.5439432485322896,0.5143814267923857,0.001701759934098499,0.001701759934098499,0.001701759934098499
ID_Q7IOB2,0.7966835082725494,0.6030668920120975,0.5774999110478563,0.0021636398079217436,0.0021636398079217436,0.0021636398079217436
ID_S1PMMH,0.8150597758405977,0.6868697740615549,0.6559763387297634,0.0024684793932232886,0.00248521729793051,0.0025241943802891058
ID_0BCHBA,0.7919784735812133,0.5938343711083438,0.5643613236078989,0.002080694081213173,0.002080694081213173,0.002080694081213173
ID_7YF5AP,0.8433787582280733,0.7829235011563779,0.7729807863369507,0.003939900717398639,0.003939900717398639,0.004366873561373771
ID_MQJX8F,0.8026313823163138,0.6146963173812489,0.5922364347980786,0.002216774614451182,0.002216774614451182,0.002216774614451182
ID_SW0MA1,0.8215402953211173,0.7131469489414695,0.6859820316669631,0.002630600821308119,0.002630600821308119,0.002630600821308119
ID_1F0IDO,0.7633931684753603,0.5263659491193738,0.4960051592243373,0.0015655214353473069,0.0015655214353473069,0.0015655214353473069
ID_ZCWDBM,0.8175454545454546,0.7168754669987546,0.7040032022771749,0.0027926268301922824,0.002854607349042801,0.0030148645348194113
ID_BYW2CL,0.7966835082725494,0.6115004447607187,0.5893956591353852,0.0022514075345524904,0.0022514075345524904,0.0023073542581950788
ID_CGSEQY,0.8433787582280733,0.7926886674968866,0.780881693648817,0.0046085908465852655,0.005164108391447382,0.006778356239741552
ID_MM2BWN,0.8448879202988793,0.7829235011563779,0.7588656822629425,0.003922343757020017,0.003922343757020017,0.003922343757020017
ID_PR6GCS,0.7543381960505248,0.5104753602561821,0.4843757338551859,0.0012597256273324327,0.0012597256273324327,0.0012597256273324327
ID_5T6WFW,0.7907356342287849,0.5877977228251201,0.5540635118306351,0.002044429896849348,0.002044429896849348,0.002044429896849348
ID_VT7750,0.7597534246575343,0.5237027219355986,0.5164232342999466,0.0014526252603476154,0.0014526252603476154,0.0014526252603476154
ID_URURAN,0.7797276285358476,0.5499798968155133,0.5254782067247821,0.0019005494097027401,0.0019005494097027401,0.0019005494097027401
ID_FQKEBR,0.7622391033623911,0.5199742038783135,0.5045274862124177,0.001569077022789752,0.001569077022789752,0.001569077022789752
ID_XC2X41,0.7825684041985412,0.560810354029532,0.5308046610923323,0.0018906686640934934,0.0018906686640934934,0.0018906686640934934
ID_T8SKEP,0.7806153709304394,0.5506900907311866,0.5298281444582814,0.0019145001962278052,0.0019145001962278052,0.0019145001962278052
ID_ZD760Q,0.8129291940935777,0.6708016367194449,0.6472764632627647,0.002204635066547362,0.002204635066547362,0.002204635066547362
ID_ZDW4YS,0.7759103362391033,0.544653442447963,0.520773172033446,0.001817932130072959,0.001817932130072959,0.001817932130072959
ID_4SE3OH,0.7862969222558264,0.5693326810176126,0.538971891122576,0.0020143679619956914,0.0020143679619956914,0.0020143679619956914
ID_8ZJKZ8,0.36497438178260094,0.23784967087706813,0.5079009073118662,0.0011946791553254818,0.0012111082887933332,0.001490274360993906
ID_C0J4MJ,0.7745787226472158,0.5439432485322896,0.5137600071161715,0.0017194967941350585,0.0017194967941350585,0.0017194967941350585
ID_OBWYEH,0.9743207614303505,0.969882049457392,0.9618923679060665,0.10954718462129917,0.11120207418839857,0.11120207418839857
ID_RWRYQ1,0.79233357053905,0.5949884362213129,0.5632960327343889,0.002160378253156913,0.002160378253156913,0.002160378253156913
ID_HIMNTK,0.7597534246575343,0.5375515032912292,0.5077233588329478,0.0012716231866253345,0.0012716231866253345,0.0012743894101500397
ID_VHRU3S,0.7830122753958371,0.5609879025084504,0.5308046610923323,0.0018913176123093896,0.0018913176123093896,0.0018913176123093896
ID_DUKW5I,0.7761766589574809,0.5452748621241772,0.520773172033446,0.0018386180740060252,0.0018386180740060252,0.0018386180740060252
ID_RGBU2B,0.36497438178260094,0.23784967087706813,0.5059478740437644,0.0011927670919252723,0.0012052883510410017,0.0014844768016982243
ID_6OROO2,0.36497438178260094,0.5242353673723537,0.5086111012275396,0.0011979786931363599,0.00143532525166513,0.0015026437612143183
ID_E01AVW,0.7743123999288383,0.5424340864614837,0.5141151040740082,0.0017255376576942995,0.0017255376576942995,0.0017255376576942995
ID_0G0M3Z,0.7898478918341931,0.6658302793097313,0.7465260629781177,0.0019065651296834882,0.0025453959371743076,0.0038698199412698676
ID_75ZEAY,0.36497438178260094,0.23784967087706813,0.5007989681551325,0.0011927670919252723,0.0012067203888331281,0.001469126759578762
ID_OBGCTB,0.973610567514677,0.9681065646682084,0.9610046255114748,0.09596783913293903,0.09698429846143347,0.09757543923723583
ID_BSI938,0.8603346379647749,0.7996130581747021,0.8140832592065468,0.004549489142117718,0.004771551704621995,0.007022617264751077
ID_OD3P35,0.7738685287315424,0.5405698274328412,0.5190864614837217,0.0018049599734011063,0.0018049599734011063,0.0018049599734011063
ID_LPR3IG,0.7680094289272371,0.5427004091798612,0.5112743284113147,0.0014448712849772095,0.0014448712849772095,0.0014448712849772095
ID_WW98MI,0.36497438178260094,0.23784967087706813,0.221692759295499,0.0004584748449104009,0.0007880802495505947,0.0007880802495505947
ID_LKUGYH,0.36497438178260094,0.6708016367194449,0.645856075431418,0.0014772033317227585,0.003008542561149971,0.003165472519625944
ID_8V3O49,0.36497438178260094,0.23784967087706813,0.221692759295499,0.000555007093425293,0.0007935887574384635,0.0007935887574384635
ID_NGO91I,0.36497438178260094,0.23784967087706813,0.221692759295499,0.0004598437159742274,0.0007928445301946842,0.0007928445301946842
ID_3STNLD,0.7321446361857321,0.7829235011563779,0.8243810709838106,0.0018528117276044585,0.0049462559120493,0.00982963948242449
ID_D2HYNU,0.36497438178260094,0.23784967087706813,0.221692759295499,0.0005728202749929747,0.0011255862212846616,0.0011255862212846616
ID_PSEHFM,0.36497438178260094,0.23784967087706813,0.221692759295499,0.0004584748449104009,0.0007882441012224957,0.0007882441012224957
ID_REZOW5,0.36497438178260094,0.23784967087706813,0.221692759295499,0.0005819870287465214,0.0008301560262889349,0.0008301560262889349
ID_S64QFC,0.36497438178260094,0.23784967087706813,0.221692759295499,0.0006028752829488646,0.0009490923882894392,0.0009490923882894392
ID_9O5TIS,0.36497438178260094,0.23784967087706813,0.221692759295499,0.000581885659878799,0.0007780994131572619,0.0007780994131572619
ID_KFKH2L,0.36497438178260094,0.23784967087706813,0.221692759295499,0.0005536711129513693,0.0007901322754194038,0.0007901322754194038
ID_3F0GYV,0.36497438178260094,0.23784967087706813,0.221692759295499,0.0005520135766620714,0.0011366328063636263,0.0011452146575947394
ID_EPPMFG,0.9292234477850916,0.9594066892012098,0.9542577833125778,0.03747593096108899,0.1433477894957524,0.1626986798195076
ID_WPHAGI,0.36497438178260094,0.23784967087706813,0.221692759295499,0.0005593574232598944,0.0011273857993029214,0.0011273857993029214
ID_4Y0VT3,0.36497438178260094,0.23784967087706813,0.221692759295499,0.0005730624198806871,0.0007958389342685414,0.0007958389342685414
ID_WULH1Z,0.36497438178260094,0.23784967087706813,0.221692759295499,0.0004584748449104009,0.0007884946319910676,0.0007884946319910676
ID_E0WVVY,0.36497438178260094,0.23784967087706813,0.221692759295499,0.0005805180271081594,0.000828097469826556,0.000828097469826556
ID_0RYNOK,0.36497438178260094,0.23784967087706813,0.221692759295499,0.0005520693732568239,0.0011368371247109646,0.0011459186446478135
ID_WE8RKW,0.36497438178260094,0.23784967087706813,0.221692759295499,0.0005464360357820536,0.0010723661731112668,0.0010723661731112668
ID_XJJHEX,0.36497438178260094,0.23784967087706813,0.221692759295499,0.0005734810975877127,0.0011277659398727037,0.0011279022536394264
ID_E44382,0.36497438178260094,0.765878847180217,0.7250426970289984,0.0014908304522790992,0.004120702608236059,0.004120702608236059
ID_D4HUAW,0.36497438178260094,0.23784967087706813,0.221692759295499,0.0005344374558661604,0.0008218954762864993,0.0008218954762864993
ID_9BLHQS,0.36497438178260094,0.23784967087706813,0.221692759295499,0.0005520693732568239,0.0011368371247109646,0.0011466520650282401
ID_0PABFC,0.36497438178260094,0.23784967087706813,0.221692759295499,0.0005805322604582473,0.0007962077495393275,0.0007962077495393275
ID_V5A80P,0.36497438178260094,0.6641435687600071,0.6414173634584593,0.0014117640453997094,0.0029319777575837324,0.003054865196253857
ID_WLI35N,0.36497438178260094,0.23784967087706813,0.221692759295499,0.0005051981980382559,0.0008318846647951641,0.0008318846647951641
ID_CAKGEL,0.36497438178260094,0.23784967087706813,0.221692759295499,0.0005912975104486727,0.0008555991410247185,0.0008555991410247185
ID_L4EYKT,0.36497438178260094,0.6708016367194449,0.6453234299946629,0.0014431428879594591,0.0030539168287110705,0.003185702331872305
ID_BS8T6P,0.36497438178260094,0.23784967087706813,0.221692759295499,0.0005840127585361087,0.00115207602794158,0.00116988235408223
ID_Z43O7Z,0.36497438178260094,0.23784967087706813,0.221692759295499,0.0005353996437484185,0.0007996294553646288,0.0007996294553646288
ID_NUI8UC,0.36497438178260094,0.23784967087706813,0.221692759295499,0.0005521831429963762,0.0007851365497452478,0.0007851365497452478
ID_IT01YY,0.36497438178260094,0.23784967087706813,0.221692759295499,0.0005060076936462859,0.000830768599430948,0.000830768599430948
ID_PHKKLQ,0.36497438178260094,0.6807443515388721,0.6724883472691692,0.0014599628619647571,0.0032214773842320424,0.0035129301730596127
ID_R8M8SS,0.9574536559331079,0.9915429638854296,0.9874593488703077,0.11840661254088093,0.5255854030142119,0.5291506280064144
ID_B6ZZ5P,0.36497438178260094,0.6771046077210461,0.6579293719978652,0.0013655120044104958,0.002994275068648977,0.003180899990072386
ID_4IYAMD,0.36497438178260094,0.23784967087706813,0.221692759295499,0.0005520693732568239,0.0011368371247109646,0.001147104557684195
ID_T6IF0T,0.36497438178260094,0.23784967087706813,0.221692759295499,0.0004739816488285705,0.0007999592690973161,0.0007999592690973161
ID_FB09FY,0.36497438178260094,0.23784967087706813,0.221692759295499,0.0005520693732568239,0.0011369411486484603,0.0011475852791523915
ID_MA8GLI,0.36497438178260094,0.5390606653620352,0.623041095890411,0.0014394503987890603,0.0023779418089964663,0.002968860876560661
ID_IFIIGQ,0.36497438178260094,0.23784967087706813,0.221692759295499,0.0005882381584834287,0.0011349798886155582,0.0011444438572721031
ID_ZARKQN,0.36497438178260094,0.23784967087706813,0.221692759295499,0.00045706643867443803,0.0007875980261872867,0.0007875980261872867
ID_7DYR0J,0.36497438178260094,0.23784967087706813,0.221692759295499,0.0005494162436148227,0.0007984357643709352,0.0007984357643709352
ID_QVSE4F,0.36497438178260094,0.6850055150329123,0.6742638320583526,0.0014796963746854523,0.003317732285488831,0.003561441145853219
ID_ZUVHL8,0.36497438178260094,0.23784967087706813,0.221692759295499,0.0005475018295082304,0.0010746879849493983,0.0010746879849493983
ID_6LI3EJ,0.36497438178260094,0.23784967087706813,0.221692759295499,0.0005464762741340199,0.0007665355938902085,0.0007665355938902085
ID_N8UK21,0.36497438178260094,0.6593497598292118,0.6383990393168476,0.001474996944891142,0.0029319777575837324,0.003067002868194408
ID_W3KIQI,0.36497438178260094,0.23784967087706813,0.221692759295499,0.0005520693732568239,0.0011371055386097048,0.0011477626604876965
ID_L9IPGA,0.36497438178260094,0.23784967087706813,0.221692759295499,0.0005444586422125372,0.0007985656569467643,0.0007985656569467643
ID_LRLRQB,0.9504404910158335,0.9862165095178793,0.9824879914605942,0.09161755505424214,0.415905452765963,0.43596783607956446
ID_Q5H34E,0.36497438178260094,0.23784967087706813,0.221692759295499,0.0004584748449104009,0.0007884946319910676,0.0007884946319910676
ID_TL6ULM,0.36497438178260094,0.23784967087706813,0.221692759295499,0.0005820865763402719,0.0007766606203822263,0.0007766606203822263
ID_BAHEHY,0.36497438178260094,0.23784967087706813,0.221692759295499,0.00045706643867443803,0.0007877915000531847,0.0007877915000531847
ID_IU4G95,0.36497438178260094,0.23784967087706813,0.221692759295499,0.0005735759364143673,0.0011282389347597858,0.0011296686384070663
ID_ABFR5T,0.7328548301014054,0.8571387653442448,0.8341462373243196,0.0018637859092683375,0.01102327306939995,0.01102327306939995
ID_BXIN9D,0.36497438178260094,0.23784967087706813,0.221692759295499,0.0005464659407046773,0.0010723905019712659,0.0010723905019712659
ID_8FWX6I,0.8433787582280733,0.9453803593666608,0.9499966198185376,0.011161835302811791,0.09321967602858151,0.17792212664967594
ID_5UXMEN,0.36497438178260094,0.6535794342643658,0.6337827788649706,0.0014864253265786309,0.002937285126005909,0.003095748519350257
ID_6ALABP,0.36497438178260094,0.23784967087706813,0.221692759295499,0.0005479992545182438,0.0010752185156288063,0.0010752185156288063
ID_YMZWV2,0.36497438178260094,0.23784967087706813,0.221692759295499,0.0005520693732568239,0.0011374099618204356,0.0011482379120209684
ID_CAXC7H,0.36497438178260094,0.7829235011563779,0.7475025796121686,0.0008285961994230686,0.0040272022147241435,0.0040272022147241435
ID_JBLH5N,0.36497438178260094,0.721225404732254,0.6845616438356164,0.0013827993860214053,0.0034001445149306176,0.0034001445149306176
ID_F4L75C,0.36497438178260094,0.765878847180217,0.7262855363814268,0.0014960822987293862,0.004165697334155168,0.004165697334155168
ID_TBE38Z,0.36497438178260094,0.23784967087706813,0.221692759295499,0.0005734218504535703,0.0007945741556821552,0.0007945741556821552
ID_6GRKUL,0.36497438178260094,0.23784967087706813,0.221692759295499,0.0005793199011407358,0.0007830861873078516,0.0007830861873078516
ID_13GQDW,0.36497438178260094,0.23784967087706813,0.221692759295499,0.00045706643867443803,0.0007879158121117817,0.0007879158121117817
ID_KQCZIM,0.36497438178260094,0.23784967087706813,0.221692759295499,0.0005709936382885255,0.0011262382813609524,0.0011262382813609524
ID_KACN6Q,0.36497438178260094,0.23784967087706813,0.221692759295499,0.0005520693732568239,0.0011376534268557835,0.0011487526317147864
ID_LPBHAQ,0.36497438178260094,0.23784967087706813,0.221692759295499,0.0005125388792505447,0.0007764772104224347,0.0007764772104224347
ID_1S1KBW,0.36497438178260094,0.23784967087706813,0.221692759295499,0.0005837686151784915,0.0007849465395286975,0.0007849465395286975
ID_IUCQZS,0.36497438178260094,0.23784967087706813,0.221692759295499,0.0005520693732568239,0.0011376633007118948,0.001149442103787655
ID_62NNPA,0.36497438178260094,0.23784967087706813,0.221692759295499,0.0005853428835796237,0.0007846891900801877,0.0007846891900801877
ID_V22VHT,0.36497438178260094,0.6672506671410782,0.6579293719978652,0.0013980299940093133,0.0029467963151297164,0.00320134549916008
ID_HG2OAS,0.36497438178260094,0.23784967087706813,0.221692759295499,0.00047460203169784955,0.0007977503231271834,0.0007977503231271834
ID_XEC1UB,0.36497438178260094,0.832370752535136,0.8151485500800569,0.0010520207320659648,0.008063944393063963,0.008063944393063963
ID_OYIYH6,0.36497438178260094,0.23784967087706813,0.221692759295499,0.0005060076936462859,0.000831738115209091,0.000831738115209091
ID_B87F80,0.36497438178260094,0.23784967087706813,0.221692759295499,0.0008649794152516656,0.0011342943762030168,0.0011439816712855775
ID_0GT5MY,0.36497438178260094,0.23784967087706813,0.221692759295499,0.0005288606448449956,0.0008246415822242197,0.0008246415822242197
ID_3542I1,0.9879919943070629,0.9831981853762676,0.9816002490660025,0.34797411724335003,0.34797411724335003,0.48473575479105857
ID_XIPX8S,0.36497438178260094,0.23784967087706813,0.221692759295499,0.0005901969816732747,0.00088987848901892,0.00088987848901892
ID_60GIV7,0.36497438178260094,0.23784967087706813,0.221692759295499,0.0005834745498493669,0.0008872502317246673,0.0008872502317246673
ID_K5QXSD,0.9349049991104786,0.9350825475893969,0.936147838462907,0.030856850658904394,0.04435853447910494,0.05823153605416634
ID_IMWQJR,0.36497438178260094,0.23784967087706813,0.221692759295499,0.0008458755128436184,0.001133524008919762,0.0011419327081429915
ID_YKDMVB,0.9666861768368618,0.9610046255114748,0.9501741682974559,0.0877798816890395,0.08928713404843693,0.09229577624694715
ID_DJLRHI,0.36497438178260094,0.23784967087706813,0.221692759295499,0.000563903298001539,0.0008381504023465536,0.0008381504023465536
ID_AA0TBB,0.9846185732076143,0.9840859277708593,0.9792921188400641,0.21810559410883307,0.2774628866696979,0.2881840812442575
ID_QQILOV,0.36497438178260094,0.23784967087706813,0.221692759295499,0.0005764696654392657,0.0008778298668263942,0.0008778298668263942
ID_GU8TDA,0.36497438178260094,0.23784967087706813,0.221692759295499,0.0008327585596351216,0.0011205142638016762,0.0011205142638016762
ID_GYA6QV,0.9645555950898417,0.9622474648639032,0.9528373954812311,0.09968177980210795,0.11343824193937663,0.12150517046799263
ID_SR9UQ2,0.9863940579967977,0.9847961216865326,0.9807125066714107,0.29949505215954103,0.3524512598301576,0.3935386170288384
ID_MG1GRK,0.36497438178260094,0.23784967087706813,0.221692759295499,0.0008428399466663442,0.0011021542451206897,0.0011021542451206897
ID_E8MNFZ,0.36497438178260094,0.23784967087706813,0.221692759295499,0.0005805180271081594,0.0008887600316257031,0.0008887600316257031
ID_90ES1C,0.36497438178260094,0.23784967087706813,0.221692759295499,0.0008273510625021152,0.001127876713506165,0.0011279256317504897
ID_SBTN25,0.36497438178260094,0.23784967087706813,0.221692759295499,0.0005627833073841212,0.0008396826664834895,0.0008396826664834895
ID_2IT3ZQ,0.9942949653086639,0.9945612880270415,0.9949163849848781,0.5576218716997766,0.6148318633975093,0.7392234158633243
ID_POM94C,0.9961592243373065,0.9958041273794699,0.9967806440135207,0.6054727053778224,0.6541759850951055,0.7826765857340303
ID_8WSJY9,0.9938510941113681,0.993318448674613,0.991187866927593,0.4933628292725397,0.5889910048624809,0.650079181935313
ID_PISRX6,0.36497438178260094,0.23784967087706813,0.221692759295499,0.0005746327921886135,0.0008596212797615291,0.0008596212797615291
ID_Z548DO,0.36497438178260094,0.23784967087706813,0.221692759295499,0.0005834847407098684,0.0008872502317246673,0.0008872502317246673
ID_HN86UX,0.36497438178260094,0.23784967087706813,0.221692759295499,0.0005808846833860326,0.0008812446635486643,0.0008812446635486643
ID_ENZCKW,0.36497438178260094,0.23784967087706813,0.221692759295499,0.0005780277683127642,0.0008794593024029178,0.0008794593024029178
ID_NNXHZJ,0.36497438178260094,0.23784967087706813,0.221692759295499,0.0005835693492198777,0.0008881547768498419,0.0008881547768498419
ID_PWTIJ9,0.36497438178260094,0.23784967087706813,0.221692759295499,0.0005775189810209843,0.000878003495843013,0.000878003495843013
ID_Q2SMTQ,0.9947388365059598,0.9938510941113681,0.9924307062800214,0.5761324423489466,0.5761324423489466,0.613898491250364
ID_3MCOUT,0.36497438178260094,0.23784967087706813,0.221692759295499,0.000584345116469993,0.0008604589599163079,0.0008604589599163079
ID_G7Z1L3,0.9966918697740615,0.9963367728162249,0.9952714819427148,0.6076417593088754,0.672907881976095,0.7203500139333876
ID_J5L7RD,0.36497438178260094,0.23784967087706813,0.221692759295499,0.0005901969816732747,0.00088987848901892,0.00088987848901892
ID_JXG6HY,0.36497438178260094,0.5336454367550257,0.55140028464686,0.0007162896749336874,0.0015688891639583024,0.0018062310718427507
ID_XLV5BF,0.36497438178260094,0.23784967087706813,0.221692759295499,0.0007066707223225871,0.0009082706835378027,0.0009082706835378027
ID_GBKQ4A,0.36497438178260094,0.634492972780644,0.6128320583526062,0.0012061088380451983,0.0023792281148992114,0.002408850362469366
ID_0RNKFD,0.36497438178260094,0.7337425724959972,0.7981926703433553,0.0012017636614879226,0.0036467817003314213,0.005093480146206072
ID_RNZHE5,0.36497438178260094,0.23784967087706813,0.221692759295499,0.000570614171044967,0.0008257448257128473,0.0008257448257128473
ID_O2NKGF,0.36497438178260094,0.23784967087706813,0.221692759295499,0.0005434269979672801,0.0008098266798368187,0.0008098266798368187
ID_RPS26Y,0.36497438178260094,0.23784967087706813,0.221692759295499,0.0005123156249490802,0.000742712181001249,0.000742712181001249
ID_K1CKSA,0.36497438178260094,0.23784967087706813,0.221692759295499,0.0004863048083248055,0.000710115582139591,0.000710115582139591
ID_K0MGYR,0.36497438178260094,0.23784967087706813,0.221692759295499,0.0005068551837046273,0.000828097469826556,0.000828097469826556
ID_U0SR28,0.36497438178260094,0.23784967087706813,0.221692759295499,0.000597120237560517,0.0008331953420811285,0.0008331953420811285
ID_YDH96X,0.36497438178260094,0.5229925280199252,0.4931643835616438,0.0005706045107441572,0.0013629625227574735,0.0014102296650584448
ID_YHP6IW,0.36497438178260094,0.23784967087706813,0.221692759295499,0.00046291539918750976,0.0007421216511134241,0.0007421216511134241
ID_IG1LYN,0.36497438178260094,0.5258333036826187,0.4961827077032556,0.0005729399351683084,0.001399545065586479,0.0014234450103717134
ID_T4NKV6,0.36497438178260094,0.23784967087706813,0.221692759295499,0.0004807177290352716,0.0007306073205628743,0.0007306073205628743
ID_6711DS,0.36497438178260094,0.23784967087706813,0.221692759295499,0.0007363654189393227,0.0009031541863496645,0.0009031541863496645
ID_FUJOIH,0.36497438178260094,0.23784967087706813,0.221692759295499,0.0004575691422079512,0.0007235160179265708,0.0007235160179265708
ID_Q1AOTZ,0.36497438178260094,0.23784967087706813,0.221692759295499,0.0005781959581009772,0.0008276686806273338,0.0008276686806273338
ID_ZM9CVR,0.36497438178260094,0.23784967087706813,0.221692759295499,0.0005264212574714987,0.0007804929335336281,0.0007804929335336281
ID_8AYBAW,0.36497438178260094,0.23784967087706813,0.221692759295499,0.0007254831788616908,0.0009031088595078541,0.0009031088595078541
ID_B1G5TP,0.36497438178260094,0.6192238035936666,0.5978292118840064,0.0008921299375980537,0.0020562332990558636,0.0021312194373134005
ID_568IE8,0.36497438178260094,0.5231700764988436,0.4933419320405622,0.000570614171044967,0.0013629700776799088,0.0014112648749514728
ID_JOWST8,0.36497438178260094,0.23784967087706813,0.221692759295499,0.0007309464229026514,0.0009027914374001673,0.0009027914374001673
ID_FVI9F8,0.36497438178260094,0.23784967087706813,0.221692759295499,0.0006989249990654443,0.0008772041356492238,0.0008772041356492238
ID_74OIAW,0.36497438178260094,0.23784967087706813,0.221692759295499,0.0005679890452971903,0.0008264487187688165,0.0008264487187688165
ID_XMWVMP,0.36497438178260094,0.23784967087706813,0.221692759295499,0.0005358259702929342,0.0008556332923785252,0.0008556332923785252
ID_6TS54L,0.36497438178260094,0.23784967087706813,0.221692759295499,0.0005759425837443566,0.0008269108257828926,0.0008269108257828926
ID_8AII57,0.36497438178260094,0.23784967087706813,0.221692759295499,0.0004966903064190635,0.000853902950481121,0.000853902950481121
ID_RJS1VA,0.36497438178260094,0.23784967087706813,0.221692759295499,0.0004612666318140148,0.0007014938734700279,0.0007014938734700279
ID_DM8ZXW,0.36497438178260094,0.23784967087706813,0.221692759295499,0.0005436044798333408,0.0008132674910896887,0.0008132674910896887
ID_5CJYZP,0.9516833303682618,0.9519496530866394,0.9468007471980074,0.07204333683859881,0.08836094195420258,0.09294256636889062
ID_JBXMIO,0.36497438178260094,0.23784967087706813,0.221692759295499,0.000720154391017575,0.0008813536681765665,0.0008813536681765665
ID_4TGOWM,0.36497438178260094,0.23784967087706813,0.221692759295499,0.00045691858385056024,0.0007318882854213785,0.0007318882854213785
ID_0RHXLP,0.36497438178260094,0.23784967087706813,0.221692759295499,0.0005901942958656469,0.0008404437084082708,0.0008404437084082708
ID_NA6WHB,0.36497438178260094,0.23784967087706813,0.221692759295499,0.0004635714594471484,0.0007452023541645846,0.0007452023541645846
ID_KKQ9JS,0.36497438178260094,0.23784967087706813,0.221692759295499,0.0004651339828586042,0.0007078553890846897,0.0007078553890846897
ID_KCZDMC,0.36497438178260094,0.23784967087706813,0.221692759295499,0.0004797179715353793,0.0007094919393862754,0.0007094919393862754
ID_JHKAO1,0.36497438178260094,0.23784967087706813,0.221692759295499,0.00046179227857025994,0.0007011546900288321,0.0007011546900288321
ID_EWRTK0,0.36497438178260094,0.23784967087706813,0.221692759295499,0.00046472040435663006,0.0007279774145003493,0.0007279774145003493
ID_D0XOZS,0.36497438178260094,0.23784967087706813,0.221692759295499,0.0005680590889049755,0.0008265832404895278,0.0008265832404895278
ID_I4CLRD,0.36497438178260094,0.23784967087706813,0.221692759295499,0.00045691858385056024,0.0007318882854213785,0.0007318882854213785
ID_5OGH64,0.36497438178260094,0.23784967087706813,0.221692759295499,0.000464333483571075,0.0007180181074144176,0.0007180181074144176
ID_KA4RGT,0.36497438178260094,0.23784967087706813,0.221692759295499,0.0005728052284280758,0.0008335880564766995,0.0008335880564766995
ID_HK8NQI,0.36497438178260094,0.23784967087706813,0.221692759295499,0.0005660659054640567,0.000823263282746987,0.000823263282746987
ID_CZC128,0.36497438178260094,0.23784967087706813,0.221692759295499,0.0005124790075022226,0.0007404285124145385,0.0007404285124145385
ID_CFEXKG,0.946090553282334,0.9398763565201922,0.9358815157445295,0.061594600288074064,0.06605171252488358,0.07741130341134693
ID_3UF9YW,0.36497438178260094,0.23784967087706813,0.221692759295499,0.000464333483571075,0.0007180181074144176,0.0007180181074144176
ID_4T4T5J,0.36497438178260094,0.23784967087706813,0.221692759295499,0.0005711313189680872,0.000834410213098458,0.000834410213098458
ID_UZSIPN,0.36497438178260094,0.23784967087706813,0.221692759295499,0.000594015546740724,0.0008403714779112833,0.0008403714779112833
ID_ZCSVH8,0.36497438178260094,0.23784967087706813,0.221692759295499,0.0007234846499391502,0.0009023283357825082,0.0009023283357825082
ID_BKIDXK,0.36497438178260094,0.23784967087706813,0.221692759295499,0.0004801754544931493,0.0007080129056386393,0.0007080129056386393
ID_5BWCPJ,0.36497438178260094,0.6769270592421277,0.6528692403486923,0.001154027245964419,0.0027661099859243965,0.0027808558007405004
ID_R372RI,0.36497438178260094,0.23784967087706813,0.221692759295499,0.0004946474004464221,0.000923083209132863,0.000923083209132863
ID_MWPK2X,0.36497438178260094,0.23784967087706813,0.221692759295499,0.0005093828695145008,0.0009078408774774814,0.0009078408774774814
ID_TZP781,0.36497438178260094,0.23784967087706813,0.221692759295499,0.0005754291211044788,0.0010435599591354365,0.0010435599591354365
ID_Q6P63K,0.36497438178260094,0.23784967087706813,0.221692759295499,0.00045731890619183713,0.0007093023563403813,0.0007093023563403813
ID_PFF9X5,0.36497438178260094,0.23784967087706813,0.221692759295499,0.0005102111893163769,0.0008331719750409362,0.0008331719750409362
ID_L4WIOX,0.36497438178260094,0.23784967087706813,0.221692759295499,0.0005124790075022226,0.0007404285124145385,0.0007404285124145385
ID_S9103X,0.36497438178260094,0.23784967087706813,0.221692759295499,0.0005125266186132944,0.0007428533013523881,0.0007428533013523881
ID_RI0O6J,0.36497438178260094,0.23784967087706813,0.221692759295499,0.0005667233470495525,0.0008231970697636586,0.0008231970697636586
ID_VLCS86,0.36497438178260094,0.23784967087706813,0.221692759295499,0.0004787668741654956,0.0007356752645371298,0.0007356752645371298
ID_ED3ISP,0.36497438178260094,0.23784967087706813,0.221692759295499,0.00045799807228451305,0.0007244149268930352,0.0007244149268930352
ID_KCI4WE,0.36497438178260094,0.23784967087706813,0.221692759295499,0.0007228512875192642,0.0008825664095675859,0.0008825664095675859
ID_M5X6WA,0.36497438178260094,0.23784967087706813,0.221692759295499,0.000512838683872223,0.0007429047596678301,0.0007429047596678301
ID_22VI0T,0.36497438178260094,0.23784967087706813,0.221692759295499,0.0005434512584577057,0.0008104411243169741,0.0008104411243169741
ID_EJYLK4,0.36497438178260094,0.23784967087706813,0.221692759295499,0.0005706141769224763,0.0008257448257128473,0.0008257448257128473
ID_ILTCSC,0.36497438178260094,0.5187313645258851,0.5022193559864793,0.0009311441450211044,0.0012046119276846788,0.0012794974755269378
ID_QOIH7K,0.9499966198185376,0.944492616972069,0.9372131293364171,0.06261597103993637,0.06541065272034469,0.068753720154006
ID_QOTY6K,0.36497438178260094,0.23784967087706813,0.221692759295499,0.0005663010322883802,0.000823316107086916,0.000823316107086916
ID_EJW3LT,0.36497438178260094,0.23784967087706813,0.221692759295499,0.00046473881921759753,0.0007432772863620493,0.0007432772863620493
ID_M8HQVC,0.36497438178260094,0.5233476249777619,0.4935194805194805,0.000570614171044967,0.0013643232966725554,0.0014134656058052686
ID_LU4HLB,0.36497438178260094,0.23784967087706813,0.221692759295499,0.0004995247050532479,0.0009720807239548762,0.0009720807239548762
ID_E88WHP,0.36497438178260094,0.6462999466287137,0.6386653620352251,0.0011132741143355799,0.0024052341465221226,0.0025113343639178365
ID_P1L1VI,0.36497438178260094,0.23784967087706813,0.221692759295499,0.000720154391017575,0.0008816475472602706,0.0008816475472602706
ID_LF7K1G,0.36497438178260094,0.23784967087706813,0.221692759295499,0.0005695133103505677,0.0008318933771682198,0.0008318933771682198
ID_HUF4P7,0.36497438178260094,0.23784967087706813,0.221692759295499,0.0005685501034030488,0.000830768599430948,0.000830768599430948
ID_64W76C,0.36497438178260094,0.23784967087706813,0.221692759295499,0.0004912590081988377,0.0007373648903295123,0.0007373648903295123
ID_6QJT3U,0.9642004981320049,0.9584301725671588,0.9757411492616972,0.08489201333463432,0.08852771095480935,0.2329570339140823
ID_OCC1JG,0.36497438178260094,0.23784967087706813,0.221692759295499,0.00047796789011421415,0.0007450577031916602,0.0007450577031916602
ID_XQBSGS,0.36497438178260094,0.23784967087706813,0.221692759295499,0.0004840746517946105,0.0007470107237203239,0.0007470107237203239
ID_RIH2IY,0.36497438178260094,0.23784967087706813,0.221692759295499,0.000587471537094521,0.0008320441080088668,0.0008320441080088668
ID_K7P1AA,0.36497438178260094,0.23784967087706813,0.221692759295499,0.0004807177290352716,0.0007306073205628743,0.0007306073205628743
ID_3KN8NF,0.36497438178260094,0.6391980074719801,0.633960327343889,0.0011246866234432126,0.0023622931062802274,0.0024510001708121813
ID_ANX289,0.36497438178260094,0.23784967087706813,0.221692759295499,0.00047068086813671335,0.0007306602623362232,0.0007306602623362232
ID_I8VO8O,0.36497438178260094,0.23784967087706813,0.221692759295499,0.0006032667993857864,0.0008050209489367473,0.0008050209489367473
ID_V9S8P2,0.36497438178260094,0.23784967087706813,0.221692759295499,0.0004591633793111928,0.00072451183129225,0.00072451183129225
ID_OTNE3W,0.36497438178260094,0.23784967087706813,0.221692759295499,0.00046826499882191095,0.0007982814111789967,0.0007982814111789967
ID_0YXO2D,0.36497438178260094,0.23784967087706813,0.221692759295499,0.0005706141769224763,0.0008257448257128473,0.0008257448257128473
ID_87V10L,0.36497438178260094,0.23784967087706813,0.221692759295499,0.0004560882448147772,0.0007272324518588581,0.0007272324518588581
ID_CV5P86,0.36497438178260094,0.23784967087706813,0.221692759295499,0.000511967899514133,0.0007708687087568095,0.0007708687087568095
ID_C8HFHN,0.36497438178260094,0.23784967087706813,0.221692759295499,0.0004913801718619876,0.0007355941652697341,0.0007355941652697341
ID_V7WQM1,0.36497438178260094,0.23784967087706813,0.221692759295499,0.0004920851104180613,0.0007353256264131713,0.0007353256264131713
ID_ULO27X,0.36497438178260094,0.6115004447607187,0.5926803059953745,0.001080615114400851,0.0018705104338982486,0.001931251125672333
ID_NQ0HE6,0.9156409891478384,0.893092332325209,0.8905178793808931,0.015687012770187598,0.015687012770187598,0.020673954388343945
ID_4EDUOF,0.36497438178260094,0.820386230208148,0.8168352606297812,0.0014944167283916705,0.005720592293776303,0.006435591618428525
ID_46O9EK,0.36497438178260094,0.23784967087706813,0.221692759295499,0.0005543412857725687,0.0009298706288923806,0.0009298706288923806
ID_2JRV0O,0.36497438178260094,0.23784967087706813,0.221692759295499,0.0005782513712817806,0.0008276686806273338,0.0008276686806273338
ID_4TY6TR,0.36497438178260094,0.23784967087706813,0.221692759295499,0.0005856546324446364,0.0008500450447835476,0.0008500450447835476
ID_XMQ25Y,0.8603346379647749,0.8400053371286248,0.8482613413983277,0.005316179679817709,0.007815981398313833,0.01362971447290556
ID_GBNTZ0,0.36497438178260094,0.23784967087706813,0.221692759295499,0.0005434512584577057,0.0008106451014840995,0.0008106451014840995
ID_Y99CP1,0.36497438178260094,0.23784967087706813,0.221692759295499,0.00045691858385056024,0.0007318882854213785,0.0007318882854213785
ID_ORVW1B,0.36497438178260094,0.5217496886674968,0.4938745774773172,0.000567010299501156,0.0013436077960265337,0.0014097945255793674
ID_WMO3QN,0.36497438178260094,0.5235251734566804,0.49369702899839885,0.000570614171044967,0.0013648284605635623,0.0014159868102749335
ID_28T7NF,0.36497438178260094,0.23784967087706813,0.221692759295499,0.0004490305452296368,0.0007151253171474986,0.0007151253171474986
ID_PXDYR8,0.36497438178260094,0.23784967087706813,0.221692759295499,0.00045828992645693815,0.0007156458566803235,0.0007156458566803235
ID_8RJBND,0.36497438178260094,0.23784967087706813,0.221692759295499,0.0004518592980382859,0.0007175483358255738,0.0007175483358255738
ID_DJU36N,0.36497438178260094,0.23784967087706813,0.221692759295499,0.0007228512875192642,0.0008831815217221721,0.0008831815217221721
ID_EVO7GL,0.36497438178260094,0.23784967087706813,0.221692759295499,0.0005706141769224763,0.0008257448257128473,0.0008257448257128473
ID_V1PMY3,0.36497438178260094,0.23784967087706813,0.221692759295499,0.00046602324744839395,0.0007447684202587613,0.0007447684202587613
ID_IK4PH0,0.36497438178260094,0.23784967087706813,0.221692759295499,0.0005711313189680872,0.000834410213098458,0.000834410213098458
ID_P86HSN,0.36497438178260094,0.23784967087706813,0.221692759295499,0.0005905128087876941,0.0008467058144586498,0.0008467058144586498
ID_6DDVP2,0.36497438178260094,0.23784967087706813,0.221692759295499,0.0004987380688762578,0.0007416144622536501,0.0007416144622536501
ID_9V09AE,0.36497438178260094,0.23784967087706813,0.221692759295499,0.0005668057967679164,0.0008231970697636586,0.0008231970697636586
ID_EL2RHW,0.36497438178260094,0.23784967087706813,0.221692759295499,0.0004641821522722319,0.0007121056663416018,0.0007121056663416018
ID_TDIL0H,0.36497438178260094,0.23784967087706813,0.221692759295499,0.0005502932145986137,0.0008199201171736645,0.0008905174498207689
ID_UEPV67,0.36497438178260094,0.8028089307952322,0.7902917630314891,0.0009093211403329348,0.004862548926065613,0.004862548926065613
ID_MLFWEC,0.36497438178260094,0.641772460416296,0.6380439423590109,0.0007958445430915462,0.002113014072832225,0.0022627685144958093
ID_Q8OTC2,0.36497438178260094,0.23784967087706813,0.221692759295499,0.0005759425837443566,0.0008271262983530411,0.0008271262983530411
ID_Q31MDT,0.36497438178260094,0.23784967087706813,0.221692759295499,0.0005333303987669546,0.0008711159647594536,0.0008711159647594536
ID_10D3G1,0.9601168831168831,0.9565659135385163,0.9488425547055684,0.08687204906662127,0.10136167124118992,0.10412908186150563
ID_RE7SCV,0.36497438178260094,0.23784967087706813,0.221692759295499,0.00045030807865813216,0.0007077932721752908,0.0007077932721752908
ID_K4Q8V0,0.36497438178260094,0.662012987012987,0.6467438178260095,0.0011293268529014857,0.002573964559592019,0.00263563576143676
ID_KCL7CV,0.36497438178260094,0.23784967087706813,0.221692759295499,0.0005706141769224763,0.0008260067987162145,0.0008260067987162145
ID_J05HUM,0.36497438178260094,0.23784967087706813,0.221692759295499,0.00046486663436029875,0.0007236792477783901,0.0007236792477783901
ID_LQCAHB,0.36497438178260094,0.6325399395125422,0.6332501334282157,0.0011185747438528792,0.0023455326397539915,0.0024650653220889573
ID_CL4OVC,0.36497438178260094,0.23784967087706813,0.221692759295499,0.0005711313189680872,0.0008348229086469041,0.0008348229086469041
ID_8KA0CX,0.36497438178260094,0.23784967087706813,0.221692759295499,0.0005009060640657955,0.0007444723221303664,0.0007444723221303664
ID_3SOK7O,0.36497438178260094,0.23784967087706813,0.221692759295499,0.0005663010322883802,0.000823317253819713,0.000823317253819713
ID_2V1U3K,0.36497438178260094,0.23784967087706813,0.221692759295499,0.0005436139359468133,0.0008132674910896887,0.0008132674910896887
ID_GZEIYE,0.36497438178260094,0.23784967087706813,0.221692759295499,0.00047850398278246155,0.000728122636354865,0.000728122636354865
ID_WSG62Z,0.36497438178260094,0.23784967087706813,0.221692759295499,0.000464333483571075,0.0007180181074144176,0.0007180181074144176
ID_AQLJD9,0.36497438178260094,0.23784967087706813,0.221692759295499,0.0005728052284280758,0.0008337491160306155,0.0008337491160306155
ID_2JBYR0,0.36497438178260094,0.23784967087706813,0.221692759295499,0.0004955666532438282,0.0007517173825406529,0.0007517173825406529
ID_HQG7S5,0.36497438178260094,0.23784967087706813,0.221692759295499,0.0005440699081346319,0.0008767907546964489,0.0008767907546964489
ID_J9X62N,0.36497438178260094,0.23784967087706813,0.221692759295499,0.0006371020461442542,0.0009144926224737343,0.0009144926224737343
ID_J30HVX,0.36497438178260094,0.23784967087706813,0.221692759295499,0.0004516415893516778,0.0006761747550109937,0.0006761747550109937
ID_8HCCLB,0.36497438178260094,0.23784967087706813,0.221692759295499,0.0005422312506295396,0.000730889191588909,0.000730889191588909
ID_K7TUMS,0.36497438178260094,0.23784967087706813,0.4789605052481765,0.0009296652039253771,0.001108464900282859,0.0012002392796871617
ID_2U0TW8,0.36497438178260094,0.23784967087706813,0.221692759295499,0.0006310818880617138,0.0009777112166622923,0.0009777112166622923
ID_5KMQFT,0.36497438178260094,0.23784967087706813,0.44487119729585484,0.0006553477243982672,0.00103864483166644,0.00103864483166644
ID_QK8WP2,0.36497438178260094,0.23784967087706813,0.221692759295499,0.0006084564043129211,0.0008978425453299497,0.0008978425453299497
ID_O2QO7X,0.36497438178260094,0.23784967087706813,0.221692759295499,0.0005223530267895924,0.0008277911895403378,0.0008277911895403378
ID_ZQ48WV,0.36497438178260094,0.23784967087706813,0.221692759295499,0.000694600871291716,0.0009957832746665394,0.0009957832746665394
ID_8HU32W,0.36497438178260094,0.23784967087706813,0.221692759295499,0.0005231371789075638,0.0007567831443302037,0.0007567831443302037
ID_4UJ6I0,0.36497438178260094,0.23784967087706813,0.221692759295499,0.0006482301284459296,0.000924046964624665,0.000924046964624665
ID_C45TQX,0.36497438178260094,0.23784967087706813,0.221692759295499,0.0006520488484432453,0.0009853572735251963,0.0009853572735251963
ID_6CNKK3,0.36497438178260094,0.23784967087706813,0.221692759295499,0.0004471815794394784,0.000699039210966141,0.000699039210966141
ID_3D6P1W,0.36497438178260094,0.23784967087706813,0.4450487457747732,0.0006553477243982672,0.0010386461984202371,0.0010386461984202371
ID_W4LB98,0.36497438178260094,0.23784967087706813,0.221692759295499,0.0006311244219885411,0.0009777112166622923,0.0009777112166622923
ID_7S0G4C,0.36497438178260094,0.23784967087706813,0.221692759295499,0.0005247201965150761,0.0008275225533961788,0.0008275225533961788
ID_OOZHOC,0.36497438178260094,0.23784967087706813,0.221692759295499,0.00043398920871172186,0.0006898538638384375,0.0006898538638384375
ID_ANAD68,0.36497438178260094,0.23784967087706813,0.221692759295499,0.0005244556940458279,0.00073929044069613,0.00073929044069613
ID_ZYBEDD,0.36497438178260094,0.23784967087706813,0.221692759295499,0.0006377132918889487,0.0009414632647720358,0.0009414632647720358
ID_AZ8323,0.36497438178260094,0.23784967087706813,0.221692759295499,0.0005147290418156643,0.000752943559846748,0.000752943559846748
ID_PDZB8M,0.36497438178260094,0.23784967087706813,0.5273424657534247,0.0010393344892527729,0.001307857106385344,0.001684704832599366
ID_N90VSA,0.36497438178260094,0.23784967087706813,0.221692759295499,0.0006590299040175239,0.001010225511858369,0.001010225511858369
ID_4IHET8,0.36497438178260094,0.23784967087706813,0.221692759295499,0.0009562379074219078,0.0011268076168641642,0.0011268076168641642
ID_2DZRF6,0.36497438178260094,0.23784967087706813,0.221692759295499,0.0006371020461442542,0.0009151580136060469,0.0009151580136060469
ID_DHD7VN,0.36497438178260094,0.23784967087706813,0.221692759295499,0.0005458018964844501,0.0007557540680631143,0.0007557540680631143
ID_9KA6N0,0.36497438178260094,0.23784967087706813,0.221692759295499,0.0005022821246298919,0.000730214490008058,0.000730214490008058
ID_39VHVT,0.36497438178260094,0.23784967087706813,0.221692759295499,0.0005172559693695185,0.0007504839064818833,0.0007504839064818833
ID_6M3VS9,0.36497438178260094,0.23784967087706813,0.221692759295499,0.0005390048322960438,0.0007332430191043479,0.0007332430191043479
ID_8BASDE,0.36497438178260094,0.23784967087706813,0.221692759295499,0.0005529183895082706,0.0007518830352419389,0.0007518830352419389
ID_L11QW6,0.36497438178260094,0.23784967087706813,0.221692759295499,0.0006527751826078135,0.0009856905691508662,0.0009856905691508662
ID_ZC52OO,0.36497438178260094,0.23784967087706813,0.221692759295499,0.000653345351758434,0.0009859224880595496,0.0009859224880595496
ID_W4WHIW,0.36497438178260094,0.23784967087706813,0.221692759295499,0.0006535592925789017,0.000986047451650152,0.000986047451650152
ID_XSQ9IH,0.36497438178260094,0.23784967087706813,0.221692759295499,0.0006663798673324493,0.001003769683182706,0.001003769683182706
ID_1DUVNN,0.36497438178260094,0.23784967087706813,0.221692759295499,0.0006752694075729773,0.0010310797664516472,0.0010310797664516472
ID_1EP7ZJ,0.36497438178260094,0.23784967087706813,0.221692759295499,0.00047500800337035214,0.0006740197047189316,0.0006740197047189316
ID_EH58J1,0.36497438178260094,0.23784967087706813,0.221692759295499,0.000653988439290074,0.0009865138059654787,0.0009865138059654787
ID_CTI20D,0.36497438178260094,0.23784967087706813,0.221692759295499,0.000653988439290074,0.0009888520783137072,0.0009888520783137072
ID_0IB50G,0.36497438178260094,0.23784967087706813,0.221692759295499,0.0005377054475327953,0.0007310563560806344,0.0007310563560806344
ID_4NDO8O,0.36497438178260094,0.48286657178438,0.46164952855363817,0.0006397848717007346,0.0010514793924521252,0.0010514793924521252
ID_NSH0DU,0.36497438178260094,0.23784967087706813,0.221692759295499,0.0006371020461442542,0.0009158161432177566,0.0009158161432177566
ID_XXUVDP,0.36497438178260094,0.23784967087706813,0.221692759295499,0.0006377132918889487,0.0009415376180229825,0.0009415376180229825
ID_WUM26R,0.36497438178260094,0.23784967087706813,0.48322166874221667,0.0009359032335585186,0.0011316686170249873,0.0012834542381540176
ID_JL9J80,0.36497438178260094,0.23784967087706813,0.221692759295499,0.0005039341769930402,0.0007278651544989527,0.0007278651544989527
ID_68D45A,0.36497438178260094,0.23784967087706813,0.221692759295499,0.00044159037573440974,0.0007002116458398333,0.0007002116458398333
ID_VYD2TV,0.36497438178260094,0.23784967087706813,0.221692759295499,0.000530279583450473,0.0007454622440074755,0.0007454622440074755
ID_CIW99P,0.36497438178260094,0.23784967087706813,0.221692759295499,0.000679769196829098,0.0010212979483361774,0.0010212979483361774
ID_D51DUQ,0.36497438178260094,0.23784967087706813,0.221692759295499,0.0005355872799943957,0.0007323335747296759,0.0007323335747296759
ID_3BGZSO,0.36497438178260094,0.23784967087706813,0.221692759295499,0.0005379263012041929,0.0007310603593563187,0.0007310603593563187
ID_2EPRTP,0.36497438178260094,0.23784967087706813,0.221692759295499,0.000632004826770765,0.0010094105754910915,0.0010094105754910915
ID_XD3292,0.36497438178260094,0.23784967087706813,0.221692759295499,0.000632004826770765,0.0010061047386574044,0.0010061047386574044
ID_NIFVOQ,0.36497438178260094,0.475054438711973,0.45658939690446537,0.000656392669542038,0.0010451010651296828,0.0010451010651296828
ID_ZU5SYR,0.36497438178260094,0.23784967087706813,0.221692759295499,0.0005569697224352287,0.0007361680047657353,0.0007361680047657353
ID_Y4PE30,0.36497438178260094,0.23784967087706813,0.5023969044653975,0.0009569045970991575,0.001208082743749891,0.0014695177472745032
ID_T2OK2R,0.36497438178260094,0.23784967087706813,0.221692759295499,0.0004487798680255536,0.000703285591274943,0.000703285591274943
ID_SP8RIP,0.36497438178260094,0.23784967087706813,0.221692759295499,0.000653988439290074,0.0009892700123908154,0.0009892700123908154
ID_VQ9S5D,0.36497438178260094,0.23784967087706813,0.221692759295499,0.0005220242500016885,0.000736500899815385,0.000736500899815385
ID_0JVF3K,0.36497438178260094,0.23784967087706813,0.520773172033446,0.0010193470357304937,0.001254911808392458,0.0015861271309755133
ID_7KU1OB,0.36497438178260094,0.23784967087706813,0.48641754136274684,0.0009917916962530857,0.0011382193073075672,0.0013338949632559485
ID_7UYLNU,0.36497438178260094,0.23784967087706813,0.221692759295499,0.0009156730671918556,0.0011253598851350152,0.0011253598851350152
ID_7YBJBN,0.36497438178260094,0.23784967087706813,0.221692759295499,0.00045791231641157537,0.00071369563588609,0.00071369563588609
ID_CLJ4A6,0.36497438178260094,0.23784967087706813,0.221692759295499,0.0006084564043129211,0.0008981985461677667,0.0008981985461677667
ID_USIVUY,0.36497438178260094,0.23784967087706813,0.221692759295499,0.0005529730631334469,0.000751892448201105,0.000751892448201105
ID_SWNDPS,0.36497438178260094,0.23784967087706813,0.221692759295499,0.00045248632297167506,0.000684759643415379,0.000684759643415379
ID_781KAZ,0.36497438178260094,0.23784967087706813,0.221692759295499,0.0005871047554218544,0.0008905174498207689,0.0008905174498207689
ID_QGCAPM,0.36497438178260094,0.23784967087706813,0.221692759295499,0.0006025055312308669,0.0009196810484716116,0.0009196810484716116
ID_BK64SS,0.36497438178260094,0.23784967087706813,0.221692759295499,0.0005022821246298919,0.000730214490008058,0.000730214490008058
ID_0HVBH9,0.36497438178260094,0.23784967087706813,0.221692759295499,0.0005103276812385664,0.0007450851689784569,0.0007450851689784569
ID_BAFM4T,0.36497438178260094,0.23784967087706813,0.221692759295499,0.0006375060525486509,0.0009298706288923806,0.0009298706288923806
ID_3R5UNN,0.36497438178260094,0.23784967087706813,0.221692759295499,0.0006110127441509416,0.0010378285019659744,0.0010378285019659744
ID_S09JZ1,0.36497438178260094,0.23784967087706813,0.221692759295499,0.0006278321981620904,0.0009059604749920751,0.0009059604749920751
ID_2Z02YG,0.36497438178260094,0.23784967087706813,0.221692759295499,0.00045791231641157537,0.00071369563588609,0.00071369563588609
ID_9NSFQV,0.36497438178260094,0.23784967087706813,0.221692759295499,0.00044355216231013397,0.0006667852060602872,0.0006667852060602872
ID_MP6MPH,0.36497438178260094,0.23784967087706813,0.5025744529443159,0.0009589886612539612,0.0012082059039941733,0.00147012340852875
ID_88VJLH,0.36497438178260094,0.23784967087706813,0.5027520014232344,0.0009589886612539612,0.0012091945320549058,0.001470912937307917
ID_I3EOVL,0.36497438178260094,0.23784967087706813,0.5229925280199252,0.0010335544705182497,0.0012739252176376663,0.0016098695420675804
ID_TJIJM7,0.36497438178260094,0.23784967087706813,0.221692759295499,0.0006208229745152975,0.0010347989001637159,0.0010347989001637159
ID_3OB2PY,0.36497438178260094,0.23784967087706813,0.221692759295499,0.0005022821246298919,0.000730214490008058,0.000730214490008058
ID_IWPNJZ,0.36497438178260094,0.23784967087706813,0.221692759295499,0.0005955756539294231,0.0009179838751009434,0.0009179838751009434
ID_8NFKCL,0.36497438178260094,0.23784967087706813,0.221692759295499,0.0004415957380459772,0.000689870523796976,0.000689870523796976
ID_THH1UR,0.36497438178260094,0.23784967087706813,0.5190864614837217,0.0009890315191406266,0.0012490083993167086,0.0015809212749460563
ID_DIGB5C,0.36497438178260094,0.23784967087706813,0.221692759295499,0.00044159037573440974,0.0007002116458398333,0.0007002116458398333
ID_RI8Y4C,0.36497438178260094,0.23784967087706813,0.221692759295499,0.0005295497962818998,0.0007541670852280042,0.0007541670852280042
ID_GGVJTH,0.36497438178260094,0.23784967087706813,0.4807359900373599,0.0009775843638509304,0.0011282389347597858,0.0012577932177382475
ID_LOIPDR,0.36497438178260094,0.23784967087706813,0.221692759295499,0.0005194190836589078,0.0007537589652294341,0.0007537589652294341
ID_M9K91E,0.36497438178260094,0.23784967087706813,0.48535225048923675,0.0009827039079462494,0.0011349798886155582,0.0013259808249780568
ID_2TZLAV,0.36497438178260094,0.23784967087706813,0.5029295499021527,0.0009595094463053764,0.0012091945320549058,0.0014727092770001247
ID_1HUSLA,0.36497438178260094,0.23784967087706813,0.221692759295499,0.0006608729938801361,0.001010225511858369,0.001010225511858369
ID_I7R7TF,0.36497438178260094,0.23784967087706813,0.221692759295499,0.0005029116135317273,0.0007299039513083777,0.0007299039513083777
ID_V586YJ,0.36497438178260094,0.23784967087706813,0.221692759295499,0.0006157500837009564,0.0009281984912748687,0.0009281984912748687
ID_MXWQQ6,0.36497438178260094,0.23784967087706813,0.221692759295499,0.0004633647456808754,0.0007114268800173835,0.0007114268800173835
ID_VFMFNH,0.36497438178260094,0.23784967087706813,0.221692759295499,0.0005508586104304967,0.0007832298728651957,0.0007832298728651957
ID_745OT8,0.36497438178260094,0.23784967087706813,0.221692759295499,0.0005355872799943957,0.0007323335747296759,0.0007323335747296759
ID_N1RPR3,0.36497438178260094,0.23784967087706813,0.221692759295499,0.0006460336424415438,0.0009750782279117721,0.0009777112166622923
ID_34D3MN,0.36497438178260094,0.23784967087706813,0.221692759295499,0.0006371102018459949,0.0009165097538300844,0.0009165097538300844
ID_MSZ3TQ,0.36497438178260094,0.23784967087706813,0.221692759295499,0.0004415957380459772,0.000689870523796976,0.000689870523796976
ID_SB3Z4O,0.36497438178260094,0.23784967087706813,0.221692759295499,0.0004397599943576116,0.0006776224246158581,0.0006776224246158581
ID_4JJJZB,0.36497438178260094,0.23784967087706813,0.221692759295499,0.0005218129136577845,0.000751892448201105,0.000751892448201105
ID_IVHQHJ,0.36497438178260094,0.23784967087706813,0.221692759295499,0.0009156730671918556,0.0011238782146950526,0.0011238782146950526
ID_3XTXFX,0.36497438178260094,0.23784967087706813,0.221692759295499,0.0005525409844439979,0.0008006139308401358,0.0008570363332875661
ID_1DVLLY,0.36497438178260094,0.23784967087706813,0.48410941113680844,0.0009362472421121058,0.0011320082691060251,0.001291365992001208
ID_G7CMRV,0.36497438178260094,0.23784967087706813,0.503639743817826,0.0009649396985783333,0.0011903077671397277,0.0014556860443618329
ID_PBV8NL,0.36497438178260094,0.7942866038071518,0.7670329122931863,0.0008822840033291029,0.004604517884848516,0.004604517884848516
ID_DO3ZD4,0.36497438178260094,0.23784967087706813,0.221692759295499,0.0006719933316566356,0.0009414632647720358,0.0009414632647720358
ID_BXFZX7,0.36497438178260094,0.23784967087706813,0.221692759295499,0.00047352548284743166,0.000718575563263957,0.000718575563263957
ID_K5JUQC,0.36497438178260094,0.23784967087706813,0.221692759295499,0.0004717688736989486,0.0007380967542535325,0.0007380967542535325
ID_JQIX21,0.36497438178260094,0.23784967087706813,0.221692759295499,0.0006110127441509416,0.0010380550707213,0.0010380550707213
ID_2ZX8MJ,0.36497438178260094,0.23784967087706813,0.221692759295499,0.0005121217474421852,0.000779121756860559,0.000779121756860559
ID_3WIPGV,0.36497438178260094,0.23784967087706813,0.221692759295499,0.0005529730631334469,0.000751892448201105,0.000751892448201105
ID_ISHX3X,0.36497438178260094,0.23784967087706813,0.221692759295499,0.0006084564043129211,0.0008988241897098744,0.0008988241897098744
ID_FBFZMG,0.36497438178260094,0.23784967087706813,0.221692759295499,0.0006624976511107229,0.0008957687162786486,0.0008957687162786486
ID_RHD6O4,0.36497438178260094,0.23784967087706813,0.221692759295499,0.0005529730631334469,0.000751892448201105,0.000751892448201105
ID_P6QK23,0.36497438178260094,0.7932213129336417,0.7688971713218289,0.0008649794152516656,0.00466388491671679,0.00466388491671679
ID_8NS4P8,0.36497438178260094,0.23784967087706813,0.221692759295499,0.000608892194577824,0.0008995398147546768,0.0008995398147546768
ID_YXAL4N,0.36497438178260094,0.23784967087706813,0.221692759295499,0.0005252520636000364,0.0007374620774349863,0.0007374620774349863
ID_FHRLXM,0.36497438178260094,0.23784967087706813,0.221692759295499,0.0005469993853290323,0.0007634425566259683,0.0007634425566259683
ID_4LDI6N,0.36497438178260094,0.23784967087706813,0.221692759295499,0.0005871047554218544,0.0008909215745816237,0.0008909215745816237
ID_U30UU9,0.36497438178260094,0.23784967087706813,0.221692759295499,0.0009315168574358169,0.0011459379755874707,0.001164685555379316
ID_BIVVQ5,0.36497438178260094,0.23784967087706813,0.221692759295499,0.00045685295604009165,0.0007368561649798545,0.0007368561649798545
ID_V3FU4W,0.36497438178260094,0.23784967087706813,0.221692759295499,0.0005529730631334469,0.000751892448201105,0.000751892448201105
ID_ZBT2OF,0.36497438178260094,0.7942866038071518,0.7672992350115638,0.0008824234919044942,0.004627146863307835,0.004627146863307835
ID_U2YCJS,0.36497438178260094,0.23784967087706813,0.221692759295499,0.0004415957380459772,0.000689870523796976,0.000689870523796976
ID_AR0M29,0.36497438178260094,0.23784967087706813,0.221692759295499,0.0006089010284332422,0.000900096280764293,0.000900096280764293
ID_KGELXP,0.36497438178260094,0.23784967087706813,0.221692759295499,0.0005302145733650944,0.0007458265266339723,0.0007458265266339723
ID_ICMGAL,0.36497438178260094,0.23784967087706813,0.221692759295499,0.000629301678956415,0.000978592790807135,0.000978592790807135
ID_SATA0V,0.36497438178260094,0.23784967087706813,0.221692759295499,0.0006371020461442542,0.00101535284982632,0.00101535284982632
ID_KLG612,0.36497438178260094,0.23784967087706813,0.221692759295499,0.0006410078048670237,0.00101535284982632,0.00101535284982632
ID_0K6BDO,0.36497438178260094,0.23784967087706813,0.221692759295499,0.0005304135796176293,0.0007626712685283442,0.0007626712685283442
ID_3GMYTY,0.36497438178260094,0.23784967087706813,0.221692759295499,0.0005392020050242415,0.0007321303674639285,0.0007321303674639285
ID_75LBON,0.36497438178260094,0.23784967087706813,0.221692759295499,0.0006373814183169605,0.0009165574518315325,0.0009165574518315325
ID_2XFJZU,0.36497438178260094,0.23784967087706813,0.221692759295499,0.0004516415893516778,0.0006761747550109937,0.0006761747550109937
ID_DH1QTQ,0.36497438178260094,0.23784967087706813,0.221692759295499,0.0005300135136073632,0.0007468845277319075,0.0007468845277319075
ID_VCTNE2,0.36497438178260094,0.23784967087706813,0.221692759295499,0.0005290432968416216,0.0007546213761038843,0.0007546213761038843
ID_TQKOQ0,0.36497438178260094,0.23784967087706813,0.221692759295499,0.000629301678956415,0.0009847379043555163,0.0009847379043555163
ID_O4VUD4,0.36497438178260094,0.23784967087706813,0.221692759295499,0.0005379453063317644,0.0007310603593563187,0.0007310603593563187
ID_5PJ9XO,0.36497438178260094,0.23784967087706813,0.4894358655043587,0.0010269025608623792,0.0011470534270779185,0.0013663265883132184
ID_5BHS0I,0.36497438178260094,0.23784967087706813,0.221692759295499,0.0006306509461984237,0.0010310797664516472,0.0010310797664516472
ID_UED7H0,0.36497438178260094,0.23784967087706813,0.221692759295499,0.0006545261465510677,0.0009892808829506012,0.0009892808829506012
ID_7PNRDI,0.36497438178260094,0.23784967087706813,0.221692759295499,0.0006295914583347352,0.0009847828555303857,0.0009847828555303857
ID_XZXOS2,0.36497438178260094,0.23784967087706813,0.221692759295499,0.0005737021012301939,0.0011282389347597858,0.0011294493390540572
ID_GKDTYW,0.36497438178260094,0.23784967087706813,0.221692759295499,0.0007001586510163173,0.0009578865086079331,0.0009578865086079331
ID_XGKFJ2,0.36497438178260094,0.23784967087706813,0.221692759295499,0.00047605807251600775,0.000707566288461514,0.000707566288461514
ID_M0HTKQ,0.36497438178260094,0.23784967087706813,0.221692759295499,0.0006160242516518512,0.0009283144241639541,0.0009283144241639541
ID_LTDZIO,0.36497438178260094,0.23784967087706813,0.221692759295499,0.0006025055312308669,0.0009201297940056476,0.0009201297940056476
ID_GLYI5H,0.36497438178260094,0.23784967087706813,0.221692759295499,0.0005607824959659274,0.0007347316723895261,0.0007347316723895261
ID_8R5FFI,0.36497438178260094,0.628811421455257,0.7397792207792208,0.0009036683544262966,0.002114559341121727,0.003286225842978103
ID_T8RWY3,0.36497438178260094,0.23784967087706813,0.221692759295499,0.0006375060525486509,0.0009173985249939471,0.0009173985249939471
ID_YUMD4O,0.36497438178260094,0.23784967087706813,0.221692759295499,0.0005321963766710698,0.0007540372241559869,0.0007540372241559869
ID_V4CJKG,0.36497438178260094,0.23784967087706813,0.221692759295499,0.0005454373457852424,0.0007550490762765484,0.0007550490762765484
ID_PD844Y,0.36497438178260094,0.23784967087706813,0.221692759295499,0.0005335778573189157,0.0007471380972076427,0.0007471380972076427
ID_1FJE68,0.36497438178260094,0.23784967087706813,0.221692759295499,0.0005872091569207033,0.0008911848203723387,0.0008911848203723387
ID_RTAF36,0.36497438178260094,0.23784967087706813,0.221692759295499,0.0006306509461984237,0.0010310797664516472,0.0010310797664516472
ID_0Q0ASG,0.36497438178260094,0.23784967087706813,0.221692759295499,0.0009297684174080839,0.0011407760633552024,0.0011538565591252532
ID_WOQ9RN,0.36497438178260094,0.23784967087706813,0.221692759295499,0.0005428165007894317,0.0007334680376910648,0.0007334680376910648
ID_40HUN8,0.36497438178260094,0.5485595089841665,0.5391494396014944,0.0011405322423846463,0.0016884191734945118,0.0017984604955927734
ID_KP9MAP,0.36497438178260094,0.23784967087706813,0.221692759295499,0.0006485291887109224,0.0009241960334226122,0.0009241960334226122
ID_9TOISM,0.36497438178260094,0.23784967087706813,0.221692759295499,0.0005872343847628547,0.0008915952323709011,0.0008915952323709011
ID_604ZNT,0.36497438178260094,0.23784967087706813,0.4884593488703078,0.0009681550573267211,0.0011659149620641977,0.0013927642451784029
ID_R8L0ZF,0.36497438178260094,0.23784967087706813,0.221692759295499,0.0006547118938742112,0.0009892808829506012,0.0009892808829506012
ID_NEWEUH,0.36497438178260094,0.23784967087706813,0.221692759295499,0.00047376867171780113,0.0007128159716814287,0.0007128159716814287
ID_POEBAW,0.36497438178260094,0.23784967087706813,0.221692759295499,0.0005137180202425411,0.0007550014257225975,0.0007550014257225975
ID_M074K8,0.36497438178260094,0.23784967087706813,0.5190864614837217,0.0009890315191406266,0.001249971135720262,0.0015820834908574636
ID_A0HXDC,0.36497438178260094,0.23784967087706813,0.221692759295499,0.0005497124969762818,0.0007538285146610837,0.0007538285146610837
ID_SLG2I5,0.36497438178260094,0.23784967087706813,0.221692759295499,0.0004634071079036708,0.0007145834576879384,0.0007145834576879384
ID_0ZWEL6,0.36497438178260094,0.23784967087706813,0.221692759295499,0.0005039341769930402,0.0007278651544989527,0.0007278651544989527
ID_5W8IQ2,0.36497438178260094,0.23784967087706813,0.221692759295499,0.00044673804611104756,0.0006901335677819815,0.0006901335677819815
ID_X1JF4P,0.36497438178260094,0.23784967087706813,0.221692759295499,0.0004555661529562024,0.0007149185821150573,0.0007149185821150573
ID_OKPFDW,0.36497438178260094,0.23784967087706813,0.221692759295499,0.0006364357359621317,0.0008966315731746446,0.0008966315731746446
ID_BG41I8,0.36497438178260094,0.23784967087706813,0.221692759295499,0.0006090019300661882,0.000900096280764293,0.000900096280764293
ID_WLJAHR,0.36497438178260094,0.23784967087706813,0.221692759295499,0.0007049207881124392,0.001040351078251461,0.001040351078251461
ID_CWIW49,0.36497438178260094,0.23784967087706813,0.221692759295499,0.0004807548084129852,0.0007293599463203277,0.0007293599463203277
ID_KPIEP6,0.36497438178260094,0.23784967087706813,0.221692759295499,0.00045685295604009165,0.0007368561649798545,0.0007368561649798545
ID_BIPIY7,0.36497438178260094,0.23784967087706813,0.5190864614837217,0.0009900877023743114,0.0012504893096015339,0.0015833434491327773
ID_OV4128,0.36497438178260094,0.23784967087706813,0.221692759295499,0.0005274174997277411,0.000754723087218259,0.000754723087218259
ID_KM14WW,0.36497438178260094,0.23784967087706813,0.221692759295499,0.000620878399830143,0.001035553819410375,0.001035553819410375
ID_ZR9LL7,0.36497438178260094,0.23784967087706813,0.221692759295499,0.0006162036929857353,0.000928633027909581,0.000928633027909581
ID_MN7JHJ,0.36497438178260094,0.23784967087706813,0.221692759295499,0.0006110743175617786,0.0010380550707213,0.0010380550707213
ID_1YP6FS,0.36497438178260094,0.23784967087706813,0.221692759295499,0.0005295610107425073,0.0007479257370436949,0.0007479257370436949
ID_LY0FR7,0.36497438178260094,0.23784967087706813,0.221692759295499,0.0005425211802554925,0.000731081839759396,0.000731081839759396
ID_VA8YS0,0.36497438178260094,0.23784967087706813,0.482333926347625,0.0009887498068811619,0.0011264732102574079,0.001256129237182332
ID_MGX9C4,0.36497438178260094,0.23784967087706813,0.221692759295499,0.0005482902890577237,0.0007546090078367886,0.0007546090078367886
ID_ODWSBV,0.36497438178260094,0.23784967087706813,0.221692759295499,0.0005307268446100112,0.0007521527492508132,0.0007521527492508132
ID_VIB8R6,0.36497438178260094,0.23784967087706813,0.221692759295499,0.0005557244241673023,0.0007744507934701148,0.0008220448385695018
ID_O3271L,0.36497438178260094,0.23784967087706813,0.221692759295499,0.0009156730671918556,0.0011254061762776251,0.0011254061762776251
ID_IA7XNG,0.36497438178260094,0.23784967087706813,0.221692759295499,0.0005482284737984962,0.0007722379759952089,0.0008191987519169442
ID_G5YFIJ,0.8805751645614659,0.9059645970467888,0.8771129692225583,0.011473228016942984,0.03503054082103557,0.03503054082103557
ID_8EA5ZH,0.8603346379647749,0.8814629069560577,0.8666376089663761,0.0077240128301129,0.022702946855515573,0.026322547416165486
ID_VUB2RU,0.8603346379647749,0.8805751645614659,0.917505248176481,0.009085183536484569,0.02794755892297838,0.06885044246077235
ID_869AS8,0.8720528375733855,0.8739170966020281,0.8566948941469489,0.01114650540569561,0.022613576849238207,0.02288143211439373
ID_TIBN4U,0.8603346379647749,0.8857240704500978,0.9001054972424836,0.007527138595658637,0.03246050185641411,0.05260030896568201
ID_WQ3JF5,0.8603346379647749,0.881640455434976,0.8666376089663761,0.007741193914829552,0.0227360290075296,0.026519326048648675
ID_5RBXPX,0.8603346379647749,0.8857240704500978,0.9002830457214018,0.0075668723935127915,0.03249084653187527,0.05263074238976047
ID_5HD5ZA,0.8603346379647749,0.8807527130403843,0.9176827966553994,0.009118317194818416,0.028013180785520092,0.06885195238568308
ID_2S5VX6,0.8603346379647749,0.8860791674079345,0.9005493684397794,0.007579074302613097,0.032780932488396884,0.05290191226526944
ID_5A16YM,0.8603346379647749,0.8809302615193025,0.9178603451343178,0.009143428513760536,0.02834276620637642,0.06920496830866725
ID_9HWS96,0.8603346379647749,0.8818180039138943,0.8666376089663761,0.007749080344696829,0.022946128762566926,0.026644798482545876
ID_XSG0T2,0.8727630314890589,0.8846587795765878,0.8954892367906067,0.00968343828146428,0.02841756607305881,0.057069163893325975
ID_GKA6X5,0.8603346379647749,0.9052544031311155,0.8903403309019747,0.00876818650844592,0.0361901695638639,0.03714553590426024
ID_IADFLZ,0.8603346379647749,0.8862567158868528,0.9005493684397794,0.007579074302613097,0.03299604664558412,0.05290191226526944
ID_85I0GR,0.8729405799679772,0.8848363280555062,0.895666785269525,0.009704919247810518,0.02842269224188206,0.05709151948122529
ID_MIJTEW,0.8603346379647749,0.8819955523928127,0.8666376089663761,0.007789043773894115,0.023019299612857588,0.026723946537426737
ID_B8BL0O,0.8731181284468955,0.8850138765344244,0.8958443337484434,0.009751775759518187,0.02852833506357671,0.05746777116570205
ID_QC1WRZ,0.8603346379647749,0.8864342643657711,0.900815691158157,0.00758844179373449,0.033376389514076434,0.05290191226526944
ID_6UT7IC,0.8603346379647749,0.882173100871731,0.8666376089663761,0.00779762361463253,0.02315558266434002,0.027101317390069008
ID_54JX22,0.8603346379647749,0.8823506493506493,0.8672590286425903,0.007864459536503181,0.023181001259876866,0.027108541472590553
ID_6TKU5R,0.8603346379647749,0.8825281978295676,0.8675253513609678,0.007907197213063794,0.023225544622757662,0.027255070365558347
ID_1JA2MK,0.8905178793808931,0.8889199430706279,0.8637080590642234,0.015217955030744796,0.028386745970181815,0.028386745970181815
ID_SJWY6D,0.8603346379647749,0.8827057463084861,0.8675253513609678,0.007942826155716986,0.023412172036458442,0.027740590282719135
ID_GIYG6G,0.8732956769258139,0.885280199252802,0.8960218822273617,0.009814322235989343,0.028786231587275602,0.05759952018579196
ID_LJS85L,0.8603346379647749,0.8828832947874043,0.8678804483188045,0.00796374816792942,0.023616472197450167,0.027810249047081497
ID_TQNBDG,0.8603346379647749,0.8866118128446896,0.9010820138765344,0.007604691838900426,0.033445533507140586,0.05290191226526944
ID_XARP7Q,0.8603346379647749,0.886878135563067,0.9010820138765344,0.007607624640685584,0.03347212661511218,0.05317922794931057
ID_BMEQA2,0.8603346379647749,0.886878135563067,0.901348336594912,0.007694372737101213,0.0335315692360803,0.05337389213506254
ID_O9717W,0.8603346379647749,0.8830608432663227,0.8678804483188045,0.007993094010423456,0.023773846666407188,0.02782915056617792
ID_7A9IEF,0.36497438178260094,0.6637884718021704,0.6746189290161894,0.0010350147795091138,0.002456680352239979,0.002696074602009821
ID_YGG57K,0.36497438178260094,0.51819871908913,0.4948510941113681,0.0006472760994301077,0.0013713235968886822,0.0014217371598407283
ID_QI4XP9,0.36497438178260094,0.681720868172923,0.6670731186621597,0.0009743448951805259,0.002455002138132055,0.0025573739573624315
ID_Q18N3W,0.36497438178260094,0.8305064935064935,0.8477286959615727,0.0015957962712925106,0.008242650629831679,0.02274355110825735
ID_4VVCQH,0.36497438178260094,0.8428461127913183,0.8647733499377335,0.0017266278904268346,0.010374226464794377,0.04633132564790444
ID_XE4IEV,0.36497438178260094,0.6595273083081302,0.6579293719978652,0.0005701859573982568,0.0021456276138217953,0.0023842884404818433
ID_K3MAY0,0.36497438178260094,0.839028820494574,0.855718377512898,0.001643210649829022,0.009919801722121186,0.03679681067804629
ID_HW0LWU,0.36497438178260094,0.7942866038071518,0.8529663760896637,0.0016668284256735368,0.006026294569798467,0.010879154223791815
ID_UCWQS1,0.36497438178260094,0.6291665184130938,0.6394643301903576,0.0005950017060013796,0.0018904824413818343,0.0020814888855621343
ID_MZ5E9B,0.7324997331435688,0.7578891656288916,0.7342752179327522,0.0009022800347914797,0.0024739343332941394,0.00258633167256204
ID_C1K50D,0.36497438178260094,0.8691232876712329,0.9270928660380715,0.0014913810105954886,0.010102662713696737,0.05776849436331077
ID_MC4KWW,0.9828430884184309,0.9800023127557373,0.9785819249243907,0.23702864860631298,0.23702864860631298,0.3386373392456707
ID_RH99WO,0.36497438178260094,0.7628605230386053,0.8419583703967266,0.0016853961603468398,0.004928499252086749,0.009410285619506175
ID_744B0S,0.36497438178260094,0.725841665184131,0.7040032022771749,0.0009162700921267722,0.0022308506082905806,0.002364785608423327
ID_G76EJJ,0.36497438178260094,0.6234849670877067,0.6158503824942182,0.0006478117812515228,0.0018187748708040684,0.0019186518518891098
ID_W3FLE5,0.36497438178260094,0.23784967087706813,0.221692759295499,0.0006389298764511668,0.0011696016677397627,0.0011922452165060832
ID_EH2GC9,0.36497438178260094,0.7074653976160825,0.6815433196940046,0.0010393344892527729,0.0025753940789958905,0.002632740743263269
ID_VA32M2,0.36497438178260094,0.8491490837929194,0.8522561821739905,0.0015667422629138516,0.011856023980006302,0.032966534499983415
ID_614OQG,0.36497438178260094,0.8173679060665362,0.8365431417897171,0.0012086887096572365,0.00518345991773264,0.006909326169603366
ID_3XYEKG,0.36497438178260094,0.811064935064935,0.8529663760896637,0.0016661598365580001,0.006975403554765994,0.010565475112527228
ID_0NEH7M,0.732677281622487,0.75806671410781,0.7344527664116706,0.0009023996769030817,0.002474983105442991,0.0025863389386460317
ID_X56U7A,0.36497438178260094,0.23784967087706813,0.221692759295499,0.0006565581687041683,0.0011629683796093335,0.0011855543283383484
ID_LVGS8N,0.36497438178260094,0.23784967087706813,0.221692759295499,0.0006567256965611683,0.0011636882413059932,0.0011862039822109175
ID_8OM0HC,0.36497438178260094,0.23784967087706813,0.221692759295499,0.0006567256965611683,0.001163837299599586,0.0011870466387176753
ID_ZF76R9,0.36497438178260094,0.6597048567870485,0.6579293719978652,0.0005702403784206237,0.0021465267647430637,0.0023891919277203365
ID_38Z3AF,0.36497438178260094,0.5780325564846113,0.546695249955524,0.0006338998755109765,0.0015382536596453315,0.0015382536596453315
ID_MI871Y,0.36497438178260094,0.5719959082013877,0.5372851805728518,0.0005997263044363409,0.001516994152326493,0.001516994152326493
ID_Z2O6G6,0.36497438178260094,0.572173456680306,0.5375515032912292,0.0005999005848057579,0.0015190115181893504,0.0015190115181893504
ID_N4NA0B,0.36497438178260094,0.695214552570717,0.6859820316669631,0.0011658130816499883,0.002586791774308768,0.0027637472102832795
ID_CXGCMA,0.36497438178260094,0.6600599537448854,0.6579293719978652,0.0005702403784206237,0.0021472356624856544,0.0023932295287822057
ID_S02NWF,0.36497438178260094,0.6824310620885964,0.6670731186621597,0.0009836410205286345,0.002473040659225392,0.0025812667169425037
ID_STYUQH,0.36497438178260094,0.6753291229318626,0.7465260629781177,0.0011236740720471214,0.002647833267788569,0.0038896755062968087
ID_OQ0NNL,0.36497438178260094,0.6929951965842377,0.7383588329478741,0.0011862256173858447,0.0029151946372844113,0.003907779806797903
ID_LMECJK,0.36497438178260094,0.828642234477851,0.8358329478740438,0.0012093494753154684,0.005313499163617048,0.0069055801048330395
ID_D7R1NQ,0.7334762497776196,0.8180780999822096,0.8566948941469489,0.0018637859092683375,0.007117883140606707,0.01117251769277299
ID_7XQ792,0.36497438178260094,0.6307644547233588,0.6399969756271126,0.0005805180271081594,0.0019142783868677817,0.0021119932497861236
ID_U8RC44,0.36497438178260094,0.6708016367194449,0.7664114926169721,0.0010688934833765365,0.0025011337651567496,0.004108565077681646
ID_EBNFRL,0.8346788827610745,0.9120012453300125,0.9388110656466822,0.004651231131251367,0.015377726357570622,0.04649727417419167
ID_GKQ47Z,0.36497438178260094,0.6746189290161894,0.7477689023305462,0.0011132741143355799,0.0026415107757466294,0.004005047198735257
ID_YE5B6S,0.36497438178260094,0.8048507383027931,0.8492378580323785,0.0016334991083110377,0.006524737380593394,0.010354998930331899
ID_W45VF7,0.36497438178260094,0.7636594911937378,0.7301916029176303,0.0011627805221743907,0.003051857127970293,0.0031151523284814915
ID_1RUKP4,0.8815516811955167,0.9732554705568404,0.9791145703611457,0.021102917889257444,0.21325040042070414,0.28658965045103263
ID_Q4TH3I,0.36497438178260094,0.7391578011030066,0.7156326276463263,0.0008938787652292356,0.0023489976279762906,0.0024662961322757843
ID_DPVS20,0.36497438178260094,0.7057786870663583,0.6771046077210461,0.0009789193775884021,0.002517380845889906,0.0025735682153555832
ID_22KHLA,0.36497438178260094,0.5190864614837217,0.49804696673189824,0.0006625960921243118,0.0013775241816642522,0.001433696106454351
ID_S9QE4Q,0.36497438178260094,0.23784967087706813,0.221692759295499,0.0006699925301275723,0.0011741433996293612,0.0012009554267590093
ID_E7MX6C,0.36497438178260094,0.7899366660736524,0.8487939868350828,0.0016880621989511736,0.005698790575527748,0.01043321215158609
ID_U3INRH,0.36497438178260094,0.51713342821562,0.49804696673189824,0.000664544205863369,0.0013743720488870342,0.0014370010467145283
ID_DI7YTA,0.8228719089130049,0.9173276996975627,0.9350825475893969,0.005298056080410397,0.026343332245660177,0.061975185171949145
ID_RCOAWN,0.36497438178260094,0.6708016367194449,0.7229121152819783,0.0010794409722347433,0.002700057031821463,0.0037331536008547903
ID_Z1LRYM,0.36497438178260094,0.7829235011563779,0.8512796655399395,0.0016443771629881397,0.005679298456557107,0.010463369324479648
ID_C2LJ70,0.36497438178260094,0.6552661448140901,0.6514488525173456,0.0009733680641267345,0.002373663791905,0.002505007169486787
ID_GIVEZ4,0.7323221846646504,0.8098220957125066,0.847906244440491,0.0018623925553105454,0.006492859350288847,0.010354998930331899
ID_ELDV2E,0.7295701832414161,0.8400053371286248,0.8486164383561643,0.0017657153365567297,0.0100779506730888,0.024347517366788994
ID_2BSLWL,0.36497438178260094,0.6728434442270058,0.7665890410958903,0.0010696875625026737,0.002507198634995279,0.004118244043696955
ID_SEXM8V,0.8459532111723892,0.9269153175591532,0.9665974025974027,0.007353509331630932,0.04292058762128556,0.13553055561785976
ID_MOIYPK,0.9689943070628002,0.9640229496530867,0.9633127557374134,0.09627070239646482,0.09777704825324089,0.1406429294477682
ID_G5NRPK,0.36497438178260094,0.5169558797367017,0.49804696673189824,0.0006692282381760113,0.001372644339412191,0.0014324802857041317
ID_JFVGSJ,0.36497438178260094,0.6600599537448854,0.6579293719978652,0.0005702403784206237,0.002149255792290799,0.0023935469375640996
ID_XWS7HQ,0.9301111901796834,0.9187480875289095,0.9040115637786871,0.03238319650699866,0.034243056325924746,0.034243056325924746
ID_4OYZV6,0.9524822985233944,0.9480435865504359,0.9544353317914962,0.09376738536073176,0.09444701218370812,0.1971512762241475
ID_01RP2A,0.36497438178260094,0.6348480697384807,0.6426602028108878,0.0006110127441509416,0.0019454313680191337,0.0021400131122911357
ID_5PPY2G,0.36497438178260094,0.6794127379469844,0.6771046077210461,0.0010295831428236018,0.0025124884706949997,0.00265477267655635
ID_CSM246,0.36497438178260094,0.8028089307952322,0.8217178438000355,0.0012688171529596616,0.005343838519204273,0.009864672359347288
ID_UJJ1IK,0.36497438178260094,0.6850055150329123,0.6740862835794342,0.0010269025608623792,0.002498884863408953,0.0026039827416118664
ID_XBI5K6,0.8205637786870664,0.8722303860523039,0.9017034335527486,0.004115197066781001,0.010374226464794377,0.016043610576444697
ID_WJ9PEO,0.36497438178260094,0.6779923501156377,0.6751515744529443,0.0010295895688985305,0.0024860286166408624,0.002645715402209351
ID_WY9EAI,0.36497438178260094,0.5183762675680484,0.4948510941113681,0.0006477507748053649,0.001371940009765349,0.001422460368282555
ID_UR5OFA,0.36497438178260094,0.6600599537448854,0.6579293719978652,0.0005702403784206237,0.0021500767554933696,0.0023935469375640996
ID_VXVK0E,0.36497438178260094,0.660415050702722,0.6579293719978652,0.0005702403784206237,0.002150619734467014,0.002395469981510303
ID_LKHDH9,0.36497438178260094,0.6621905354919053,0.6403520725849493,0.0010295831428236018,0.0022862824220104085,0.002363215542117279
ID_FS84JN,0.36497438178260094,0.7899366660736524,0.8419583703967266,0.0016299296279724904,0.005703530496823888,0.009624248946762734
ID_Q08FAJ,0.36497438178260094,0.6181585127201565,0.6306756804838997,0.0009199657472442569,0.002108991102610125,0.0023298590470313186
ID_SRKWYT,0.36497438178260094,0.6581069204767835,0.6670731186621597,0.0010335544705182497,0.0024052341465221226,0.002598095299272388
ID_6ZEMZN,0.36497438178260094,0.5931241771926703,0.5606328055506138,0.0006166620511015993,0.001666362493342696,0.0017091161230489026
ID_0OW07A,0.36497438178260094,0.6352031666963174,0.6376888454011741,0.0005878713466264155,0.0018763585063130048,0.0021099365608829045
ID_CI8CH1,0.36497438178260094,0.6824310620885964,0.7755552392812667,0.0011333689892574442,0.0027443929736200206,0.004341104376628483
ID_9FI442,0.36497438178260094,0.6871360967799324,0.6794127379469844,0.0010269025608623792,0.00250007912000544,0.0026134069297747823
ID_SO0DHO,0.36497438178260094,0.6753291229318626,0.7480352250489237,0.0011132741143355799,0.0026415107757466294,0.004012465342083393
ID_I3TWPN,0.36497438178260094,0.6753291229318626,0.7472362568937911,0.00111178466069693,0.0026418145914354004,0.003956464837131557
ID_PRTLQO,0.36497438178260094,0.7295701832414161,0.7067552037004091,0.0008432110407434823,0.002231531694014479,0.002375176630716712
ID_DLJ036,0.36497438178260094,0.5782101049635296,0.5474054438711973,0.0005987927030340917,0.0015844686392105511,0.001601212931315319
ID_1KRPQG,0.7332099270592422,0.8044068671054972,0.8492378580323785,0.0018637859092683375,0.006600091126825945,0.01036850888924711
ID_ER9JGI,0.36497438178260094,0.6730209927059242,0.7667665895748088,0.001069709016031235,0.002508263779210615,0.004125148902909087
ID_URRD8K,0.36497438178260094,0.6815433196940046,0.6737311866215976,0.0010335544705182497,0.00244646793122086,0.0025750838843649473
ID_LLP2C0,0.36497438178260094,0.5185538160469667,0.4948510941113681,0.0006478117812515228,0.001371940009765349,0.0014228935427622728
ID_W15EIN,0.9560332681017613,0.9521272015655577,0.9462681017612524,0.07804509514298609,0.07966462848127576,0.08613210499720556
ID_CZ0VWL,0.36497438178260094,0.6115004447607187,0.590904821206191,0.0006813735078436189,0.001768490532484084,0.0018278518881578768
ID_OEUEBT,0.36497438178260094,0.8060048034157623,0.8319268813378403,0.0014321046720970198,0.005659926551504019,0.013339132467988195
ID_LXTW02,0.36497438178260094,0.6035995374488525,0.5863773349937733,0.0006433074436700824,0.001765051303272046,0.001840094637203639
ID_N94SDP,0.36497438178260094,0.6572191780821918,0.6380439423590109,0.0009219445883903903,0.0022308506082905806,0.0023385220029020055
ID_N0AWM0,0.8173679060665362,0.9070298879202988,0.9556781711439246,0.004460161925142861,0.01686024793220791,0.11560765920603011
ID_42NPIG,0.9802686354741149,0.9747646326276463,0.9729003735990037,0.17665602022833699,0.19289517525309613,0.22867076953316873
ID_NSS5HS,0.36497438178260094,0.8042293186265789,0.8529663760896637,0.0016668284256735368,0.006402149199536223,0.010884663396806608
ID_ETVXZ7,0.36497438178260094,0.23784967087706813,0.221692759295499,0.000707191508923494,0.001207946723962022,0.0012548894343665212
ID_VEAIU7,0.36497438178260094,0.6283675502579612,0.6096361857320761,0.0006302693208015997,0.0018036530285359023,0.0018764435141862188
ID_FJN84X,0.36497438178260094,0.6708016367194449,0.7230896637608967,0.0010794984517919243,0.0027028696131267643,0.003739597825469151
ID_HD7QTN,0.36497438178260094,0.6818984166518413,0.6670731186621597,0.0009744619600808205,0.0024562546727974026,0.0025626996201027754
ID_NTR8YK,0.36497438178260094,0.5723510051592243,0.5377290517701476,0.0005999433543344933,0.0015205750301132061,0.0015205750301132061
ID_9856FP,0.36497438178260094,0.7543381960505248,0.7265518590998042,0.0008997964974030427,0.0024456828820972045,0.0025521235449140088
ID_69NK4X,0.36497438178260094,0.6639660202810889,0.6746189290161894,0.0010350147795091138,0.002458642879514834,0.0026971884019430545
ID_UVABGX,0.36497438178260094,0.6708016367194449,0.7232672122398149,0.0010798463125354326,0.002704845893579091,0.0037431568296024623
ID_S5C90U,0.9830206368973493,0.9810676036292474,0.9800023127557373,0.25568079268248584,0.27047169916346503,0.4099487852367412
ID_X0NOSD,0.36497438178260094,0.7048909446717665,0.6739087351005159,0.0008466953843599784,0.0024297067557782865,0.0025065146448943706
ID_IJCE63,0.8441777263832059,0.924784735812133,0.9690830813022594,0.005665699749594977,0.02473314441936092,0.1433470325105467
ID_ME1YJI,0.36497438178260094,0.7896703433552749,0.8419583703967266,0.0016488681993920768,0.005634773714624795,0.009901801735626622
ID_CZIO8P,0.36497438178260094,0.5736826187511119,0.5396820850382494,0.0005920925832235616,0.0015686347202081687,0.0015778647331587833
ID_GQKCKG,0.36497438178260094,0.8143495819249243,0.8514572140188579,0.0016557714350536035,0.006991026952018718,0.010401339976332857
ID_CDDM41,0.36497438178260094,0.6581069204767835,0.7250426970289984,0.0011314778970776091,0.0027407928813980844,0.0037752910511726257
ID_HOITR8,0.36497438178260094,0.6824310620885964,0.6670731186621597,0.0009749691754712819,0.002456680352239979,0.002569998247905901
ID_MWGUUP,0.36497438178260094,0.6672506671410782,0.6632558263654154,0.0010349425367438972,0.0024611829512563464,0.002619955592327421
ID_TNZJLJ,0.36497438178260094,0.6605925991816403,0.6579293719978652,0.0005702403784206237,0.0021510357140966745,0.0023997612032969724
ID_4RHCTV,0.36497438178260094,0.5746591353851628,0.5400371819960861,0.0006729516215703959,0.0015757545067063713,0.0015791867822015537
ID_3D546N,0.36497438178260094,0.5725285536381427,0.5387943426436577,0.0005687147501161698,0.0014962497304077515,0.0014990944562153813
ID_G3G8F2,0.9669524995552393,0.9617148194271482,0.9592291407222914,0.09062411130503857,0.09304989339170024,0.11789719402955334
ID_R3EVVT,0.8433787582280733,0.9207011207970113,0.962069916384985,0.007249581307815664,0.03843572698982628,0.14967475556345539
ID_QEM6RQ,0.8123077744173635,0.8954892367906067,0.9546128802704146,0.0042505452581840285,0.019440156159907775,0.12577061317973148
ID_NTVN8F,0.36497438178260094,0.6433703967265612,0.6306756804838997,0.0006185241098502182,0.0020917833837999287,0.0022034234107091155
ID_AQTW5A,0.36497438178260094,0.6462999466287137,0.6306756804838997,0.0005878271893193895,0.002135152108363659,0.0022369913190712796
ID_2BK28V,0.36497438178260094,0.6735536381426792,0.6486080768546522,0.0006251994781743799,0.002400570718154628,0.0024662961322757843
ID_PXLHVB,0.36497438178260094,0.6300542608076855,0.6154952855363814,0.000584720768930988,0.0019876342836154925,0.0020760660556020097
ID_BTGNHS,0.36497438178260094,0.6366235545276642,0.6258818715531045,0.0005822113782032033,0.002046568524917213,0.002178046067996449
ID_1T7417,0.36497438178260094,0.6660966020281088,0.6486080768546522,0.0005834205457331727,0.0023560186626413325,0.002436618964498862
ID_5IHZMO,0.36497438178260094,0.6425714285714286,0.6405296210638677,0.0005834205457331727,0.0021201982522613015,0.0022726844587627817
ID_B1UDBV,0.36497438178260094,0.6524253691513966,0.635025618217399,0.0006110127441509416,0.002181876085494496,0.0023264129369109793
ID_8HARO9,0.36497438178260094,0.6391980074719801,0.6281900017790429,0.0005875013087372517,0.0020786669039472767,0.002194043678529021
ID_SZOUS9,0.36497438178260094,0.6296991638498488,0.6422163316135918,0.0005847452985106274,0.002008542969028176,0.0022192735268256845
ID_BB770Y,0.36497438178260094,0.6425714285714286,0.6407071695427861,0.0005834205457331727,0.002127157166881441,0.0022746904007081093
ID_JUTR7C,0.36497438178260094,0.6368011030065825,0.6258818715531045,0.0005822938062921815,0.0020469923615015623,0.0021786501216376586
ID_O1K46G,0.36497438178260094,0.58460185020459,0.5489146059420031,0.0005714595533137267,0.0017172746615573952,0.001772206155105092
ID_IP98ON,0.36497438178260094,0.6501172389254581,0.6334276819071339,0.0005860349422673269,0.0021731419889925345,0.0022663665775031097
ID_EXAG19,0.36497438178260094,0.6467438178260095,0.6306756804838997,0.0005878510425436593,0.002136112182118618,0.0022371031007075667
ID_9BDORD,0.36497438178260094,0.5861110122753959,0.5502462195338909,0.0005695732606269735,0.0017128044295516174,0.0017571852095602865
ID_1T2JQX,0.36497438178260094,0.5521104785625334,0.520773172033446,0.0005982724662180316,0.0014601472623557775,0.001482733210132339
ID_9EYMB0,0.36497438178260094,0.6708016367194449,0.6472764632627647,0.0006237235843671939,0.0023853476435173756,0.0024619859164056275
ID_1HXO1D,0.36497438178260094,0.6662741505070272,0.649051948051948,0.0005834623681155258,0.0023578449989457182,0.0024418234483248535
ID_4TOC5J,0.36497438178260094,0.6655639565913539,0.6392867817114393,0.0006084030768377899,0.002216181594940647,0.002312608047380232
ID_8IY1R3,0.36497438178260094,0.6369786514855008,0.6258818715531045,0.0005823189531495195,0.0020520714588055894,0.0021794642309668167
ID_LYOJCT,0.36497438178260094,0.6238400640455435,0.6396418786692759,0.0005848690460825035,0.002001710694185989,0.002196936321336158
ID_GN7SOH,0.36497438178260094,0.6304093577655222,0.6422163316135918,0.0005848690460825035,0.0020106103580493605,0.0022193928917112367
ID_CBFIEN,0.36497438178260094,0.5549512542252268,0.5233476249777619,0.0005589202552845119,0.0015300348931077247,0.0015300348931077247
ID_CLLIH7,0.36497438178260094,0.5787427504002847,0.5444758939690447,0.0005562024941843597,0.0016732376641225648,0.001711477824080992
ID_ZBZ0JX,0.36497438178260094,0.5927690802348337,0.5585022238035936,0.000552615654677774,0.0017174275934072863,0.0017732833001398319
ID_XCTTUN,0.36497438178260094,0.6305869062444405,0.6424826543319694,0.000584893942706977,0.002010675662162535,0.002221336290107318
ID_XPCFD0,0.36497438178260094,0.6708016367194449,0.6481642056573563,0.0006226621716407877,0.002391588482449332,0.0024662961322757843
ID_XLZ4P7,0.36497438178260094,0.6520702721935598,0.6565089841665185,0.0006247940936119805,0.002208588756876563,0.002408850362469366
ID_JY1YPW,0.36497438178260094,0.6340491015833482,0.6151401885785447,0.000584345116469993,0.002001497337319821,0.0020784897687866582
ID_ZTGLQD,0.36497438178260094,0.6343154243017257,0.6153177370574631,0.000584492393615858,0.002001497337319821,0.002078712253772477
ID_1QRN17,0.36497438178260094,0.642837751289806,0.6408847180217043,0.0005834205457331727,0.00212784782145172,0.002274759425928855
ID_2EA5JN,0.36497438178260094,0.6371561999644192,0.6258818715531045,0.0005824362265070671,0.002052320776774848,0.002180935127875929
ID_MSKW1O,0.36497438178260094,0.5552175769436043,0.5235251734566804,0.0005590052299889635,0.001532652671138029,0.001532652671138029
ID_2X1SZI,0.36497438178260094,0.6374225226827966,0.6265032912293187,0.0005825898189191227,0.0020539224975125725,0.002181168707051334
ID_5HSQYT,0.36497438178260094,0.6431040740081836,0.6410622665006227,0.0005834205457331727,0.002127853795890171,0.0022765444240606045
ID_3VOPJI,0.36497438178260094,0.5605440313111546,0.5273424657534247,0.0005509892988998605,0.001578226573528417,0.0015806433655777016
ID_71ZROQ,0.36497438178260094,0.6289889699341754,0.6414173634584593,0.0005805180271081594,0.0020037150970763358,0.002194156830371572
ID_IPWW84,0.36497438178260094,0.6374225226827966,0.626680839708237,0.0005832324672610677,0.0020555167752358827,0.002181168707051334
ID_1WDZJ3,0.36497438178260094,0.6494070450097847,0.6336052303860523,0.0005860619256092547,0.0021716397210151286,0.002269089286975944
ID_X6FV99,0.36497438178260094,0.23784967087706813,0.221692759295499,0.0005556163180188585,0.0010471795645128925,0.0010471795645128925
ID_VM4SKC,0.36497438178260094,0.23784967087706813,0.221692759295499,0.0005330995145056658,0.0010526805504838233,0.0010526805504838233
ID_D785R6,0.36497438178260094,0.23784967087706813,0.221692759295499,0.0005330995145056658,0.0010528974721445764,0.0010528974721445764
ID_UWASJQ,0.36497438178260094,0.23784967087706813,0.221692759295499,0.00053395590046809,0.001036522751869481,0.0010380550707213
ID_KOHT88,0.36497438178260094,0.23784967087706813,0.221692759295499,0.0005444982790462694,0.0010511611196606992,0.0010511611196606992
ID_OVJNUH,0.36497438178260094,0.23784967087706813,0.221692759295499,0.0005564166678927562,0.0010467006754361213,0.0010467006754361213
ID_G6R4XS,0.36497438178260094,0.23784967087706813,0.221692759295499,0.0005441959101763277,0.0010336954188969714,0.0010347989001637159
ID_KXVGAS,0.36497438178260094,0.23784967087706813,0.221692759295499,0.0005417935256889476,0.0010543612748179093,0.0010543612748179093
ID_RB8D8D,0.36497438178260094,0.23784967087706813,0.221692759295499,0.000544223384827526,0.0010340146710636398,0.001035553819410375
ID_X6E89R,0.36497438178260094,0.23784967087706813,0.221692759295499,0.0005670753729432213,0.001043085947797934,0.001043085947797934
ID_TA9PM5,0.36497438178260094,0.23784967087706813,0.221692759295499,0.000567074239754523,0.0010444057935291556,0.0010444057935291556
ID_SU7MFU,0.36497438178260094,0.23784967087706813,0.221692759295499,0.000544223384827526,0.0010346499323330455,0.0010357423845310883
ID_DMS7D1,0.36497438178260094,0.23784967087706813,0.221692759295499,0.0005554962918249106,0.0010723431284134276,0.0010723431284134276
ID_RUC06M,0.36497438178260094,0.23784967087706813,0.221692759295499,0.0005292596582063276,0.001038783259917698,0.001038783259917698
ID_11E7A7,0.36497438178260094,0.23784967087706813,0.221692759295499,0.0005330995145056658,0.0010529595363937712,0.0010529595363937712
ID_GJSBDX,0.36497438178260094,0.23784967087706813,0.221692759295499,0.0005587737638731743,0.0010495912405434514,0.0010495912405434514
ID_OK44US,0.36497438178260094,0.23784967087706813,0.221692759295499,0.0005299841545143327,0.0010404120413120316,0.0010404120413120316
ID_C8ZEBX,0.36497438178260094,0.23784967087706813,0.221692759295499,0.0005368729270502812,0.0010214086358439414,0.0010238967118971858
ID_J34RHZ,0.36497438178260094,0.23784967087706813,0.221692759295499,0.0005304429712020568,0.0010486225197827866,0.0010486225197827866
ID_A2Q37K,0.36497438178260094,0.5501574452944316,0.5246792385696495,0.0006400551182354793,0.001575763460404183,0.00160203725601693
ID_FE7367,0.36497438178260094,0.23784967087706813,0.221692759295499,0.0005346923768288016,0.0010397919296568732,0.0010397919296568732
ID_IKDMI9,0.36497438178260094,0.23784967087706813,0.221692759295499,0.0005538364629489633,0.001063441117052048,0.001063441117052048
ID_UG0NCP,0.36497438178260094,0.23784967087706813,0.221692759295499,0.0005346923768288016,0.0010401221975904296,0.0010401221975904296
ID_Z695T3,0.36497438178260094,0.23784967087706813,0.221692759295499,0.0005559077920976379,0.0010444057935291556,0.0010444057935291556
ID_P3LV6I,0.36497438178260094,0.23784967087706813,0.221692759295499,0.0005359473914518861,0.001010225511858369,0.001010225511858369
ID_NWA63L,0.36497438178260094,0.23784967087706813,0.221692759295499,0.0005346923768288016,0.0010401221975904296,0.0010401221975904296
ID_V32HHY,0.36497438178260094,0.23784967087706813,0.221692759295499,0.0005555304403569274,0.0010723431284134276,0.0010723431284134276
ID_J4IIGE,0.36497438178260094,0.5504237680128091,0.5246792385696495,0.0006400551182354793,0.0015765704461990033,0.0016035607701496825
ID_PMM0MA,0.36497438178260094,0.23784967087706813,0.221692759295499,0.0005330995145056658,0.0010529595363937712,0.0010529595363937712
ID_AQG7O8,0.36497438178260094,0.23784967087706813,0.221692759295499,0.0005574771513818618,0.0010447854674472347,0.0010447854674472347
ID_ZNN0U3,0.36497438178260094,0.5504237680128091,0.524945561288027,0.000640228760749564,0.0015778575463244841,0.0016057875257957275
ID_25V33D,0.36497438178260094,0.5877977228251201,0.5708418430884183,0.0006320467431259436,0.0016958971879743373,0.0017702338702052808
ID_BIKMDL,0.36497438178260094,0.5448309909268814,0.5215721401885786,0.0006398024753742022,0.0015120756936086049,0.0015441797667328477
ID_XU2Y8E,0.36497438178260094,0.23784967087706813,0.221692759295499,0.0005549354485483199,0.001040526751239557,0.001040526751239557
ID_STGN0X,0.36497438178260094,0.23784967087706813,0.221692759295499,0.0005431573252823609,0.001072708169844851,0.001072708169844851
ID_JEKWX9,0.36497438178260094,0.23784967087706813,0.221692759295499,0.0005430527182203232,0.001044980316707521,0.001044980316707521
ID_1DT5V6,0.36497438178260094,0.23784967087706813,0.221692759295499,0.0005549650235502822,0.0010405700315838724,0.0010405700315838724
ID_EA0FL1,0.36497438178260094,0.4860624444049102,0.5762570716954278,0.0006420607996573761,0.0015594440155283521,0.0019977329542474978
ID_7XDH6X,0.36497438178260094,0.49405212595623554,0.5938343711083438,0.0006409937745008487,0.001667809324271691,0.002190840625005676
ID_X7UEWP,0.36497438178260094,0.4862399928838285,0.5764346201743462,0.000642132671328018,0.0015594739577450643,0.001999081353763795
ID_OYG8BU,0.36497438178260094,0.48659508984166516,0.5766121686532645,0.0006423612372159647,0.0015598493234645354,0.001999644089660878
ID_ADNSWV,0.36497438178260094,0.48659508984166516,0.576789717132183,0.0006424522509750886,0.001562771554620599,0.001999862604606223
ID_V8G394,0.36497438178260094,0.48659508984166516,0.5769672656111012,0.0006425380436423774,0.001564462033680292,0.0020005127805963114
ID_HYSZML,0.36497438178260094,0.48695018679950186,0.5771448140900196,0.0006425724725135499,0.001564817451416514,0.0020011680176350737
ID_ELFXTH,0.36497438178260094,0.4871277352784202,0.5773223625689379,0.0006427449148197633,0.001566157239139333,0.0020028920868379947
ID_4L5H4Z,0.9531924924390678,0.9464456502401708,0.9428946806618039,0.07691790157650567,0.07809042281896725,0.0850074971850033
ID_65FJEN,0.9618035936666074,0.9575424301725672,0.9483099092688134,0.09029660585271551,0.09166355089606956,0.09324291488344909
ID_J055PC,0.9613597224693115,0.9567434620174347,0.9498190713396193,0.1228102711269173,0.12343339047473464,0.1359735208327504
ID_0EW874,0.9542577833125778,0.9483986835082725,0.9443150684931507,0.07954105820993644,0.08044078485453968,0.08785046574300555
ID_GWFNDL,0.9602944315958014,0.9551455257071695,0.9488425547055684,0.10578758759841139,0.1059281128478327,0.11653426831142594
ID_FKP6WX,0.9699708236968511,0.9659759829211885,0.9581638498487814,0.1324367587057713,0.1324367587057713,0.1324367587057713
ID_Q3569K,0.9655321117238925,0.9606495285536382,0.9526598470023128,0.13614005568286647,0.13732725041414842,0.14114394959858176
ID_VKIX04,0.9655321117238925,0.9602944315958014,0.952304750044476,0.1251832423055262,0.1251832423055262,0.13693363048532456
ID_4BV3VQ,0.9453803593666608,0.9391661626045188,0.9355264187866927,0.0683356239652252,0.07136508587411933,0.08059034830675493
ID_D243HP,0.9702371464152286,0.96579843444227,0.9581638498487814,0.10578758759841139,0.10578758759841139,0.10717252503920233
ID_ENNMFX,0.9450252624088241,0.9402314534780288,0.9276255114748265,0.049177322559853284,0.05383829419865293,0.05383829419865293
ID_56YK11,0.9473333926347625,0.9427171321828857,0.9381008717310086,0.061967513152345784,0.06734205850443181,0.07698630291569968
ID_ZDRSG4,0.9682841131471268,0.9629576587795765,0.9540802348336594,0.11136662501566304,0.11136662501566304,0.1155622513932641
ID_L5M3EC,0.9452028108877424,0.9396988080412737,0.9269153175591532,0.05091200341237924,0.05439288602111843,0.05439288602111843
ID_JF1SSX,0.9650882405265967,0.9601168831168831,0.9519496530866394,0.1294259226604972,0.13244632975450726,0.13921637433538284
ID_MSLQC3,0.9622474648639032,0.9575424301725672,0.9485762319871909,0.09055768061961222,0.09269085607247793,0.09370096696245991
ID_AH9Q0K,0.9672188222736169,0.9625137875822807,0.9531037181996086,0.10719895926824795,0.10719895926824795,0.1101815017207237
ID_FNREC1,0.9485762319871909,0.9442262942536914,0.9302887386586016,0.05137267849450554,0.05511096511361539,0.05511096511361539
ID_NAP7H7,0.9558557196228429,0.9555006226650062,0.9496415228607009,0.0790751003694175,0.10263933206642813,0.11021029459116698
ID_N4FDS5,0.36497438178260094,0.23784967087706813,0.221692759295499,0.0005673120155147984,0.00084493874727442,0.0009298706288923806
ID_9JNJ9F,0.36497438178260094,0.23784967087706813,0.221692759295499,0.0005046755231068582,0.0007270883991625982,0.0007270883991625982
ID_ZA03TJ,0.9963367728162249,0.9977571606475716,0.99793470912649,0.7129877456906925,0.8153484342931048,0.8829624012950221
ID_J6VA25,0.36497438178260094,0.5274312399928839,0.546695249955524,0.0009736002222026722,0.001377127902670772,0.0015295468341577803
ID_L1ALDL,0.9793808930795231,0.9816002490660025,0.9847961216865326,0.2579700926987977,0.4301963846849921,0.6354321256569847
ID_VUKG4F,0.36497438178260094,0.23784967087706813,0.221692759295499,0.0005863206979577039,0.0008515195615153026,0.0008515195615153026
ID_5O53M7,0.984973670165451,0.985506315602206,0.9862165095178793,0.29562192406600085,0.47338590399176383,0.6549246736768941
ID_I7DW67,0.9920756093221847,0.9952714819427148,0.9929633517167763,0.4553133022871658,0.6883939330152576,0.7282764444309974
ID_XWNBF6,0.36497438178260094,0.23784967087706813,0.221692759295499,0.0004994329993984754,0.0007315554160970087,0.0007315554160970087
ID_BC5JMO,0.36497438178260094,0.6978777797544922,0.7811480163671944,0.0012102633601122788,0.0030593753921393913,0.00576292571181248
ID_FW0L11,0.36497438178260094,0.5324025974025973,0.5416351183063511,0.0009023996769030817,0.001419572468132037,0.0015395613522698832
ID_EAJN9C,0.36497438178260094,0.5673796477495108,0.5616093221846646,0.0009704027839096659,0.0015709214735099863,0.0016771326859996555
ID_VWWM1B,0.9824879914605942,0.9807125066714107,0.9797359900373599,0.17319776280494492,0.2365716541177936,0.32131129120541774
ID_ACHKGT,0.9929633517167763,0.9943837395481231,0.9959816758583883,0.47135716039909664,0.6486228184036613,0.7852111831448901
ID_IF01BZ,0.9749421811065647,0.9729891478384629,0.9755636007827788,0.14184537404153402,0.15089930352737346,0.25687754726854545
ID_352OA7,0.36497438178260094,0.23784967087706813,0.221692759295499,0.0005282965003434245,0.0007487206362133054,0.0007487206362133054
ID_OAR02I,0.36497438178260094,0.23784967087706813,0.221692759295499,0.0005470884647909275,0.0007486065370777045,0.0007486065370777045
ID_QT0C2S,0.36497438178260094,0.5650715175235723,0.5788315246397439,0.0010291005857157615,0.0016179208269730826,0.0017771120783106936
ID_RJI8NC,0.9544353317914962,0.9492864259028643,0.9402314534780288,0.06609910767324143,0.0678704702519646,0.0678704702519646
ID_TYJBEE,0.9809788293897883,0.9789370218822274,0.9780492794876356,0.15597560197650373,0.1887671915456889,0.2951752837774509
ID_X4ZZMV,0.9840859277708593,0.9882583170254403,0.9840859277708593,0.18124991151302866,0.3471896674638605,0.3695763172034683
ID_TOVXGP,0.36497438178260094,0.23784967087706813,0.221692759295499,0.0005451727703801786,0.000751113563798658,0.000751113563798658
ID_3U6HHR,0.36497438178260094,0.5682673901441024,0.5634735812133073,0.0009686566338072762,0.0015805966367638748,0.001684990701502598
ID_27AIBY,0.9954490304216331,0.9968694182529798,0.9967806440135207,0.638114053797114,0.7803031556123363,0.8487462122858241
ID_A7AZEH,0.36497438178260094,0.5615205479452055,0.5645388720868173,0.0009102873288866909,0.001535159800497662,0.001663634377383501
ID_BPO1ZS,0.36497438178260094,0.23784967087706813,0.221692759295499,0.0005863571355050153,0.0008520477714168941,0.0008520477714168941
ID_WPRF92,0.36497438178260094,0.5615205479452055,0.5613429994662872,0.0010310677254447254,0.0015902758065098035,0.0017257424711442956
ID_JV6D5V,0.36497438178260094,0.23784967087706813,0.221692759295499,0.0004994329993984754,0.0007315554160970087,0.0007315554160970087
ID_H5U4U0,0.9551455257071695,0.9498190713396193,0.9398763565201922,0.06460746126818451,0.06629627545454868,0.06629627545454868
ID_TMYMBX,0.36497438178260094,0.5309822095712506,0.544653442447963,0.00087791766418078,0.001390809817162395,0.0015184034150619234
ID_X2SPAZ,0.36497438178260094,0.5311597580501689,0.5448309909268814,0.0008789918353496738,0.001393169433050103,0.0015199658401881962
ID_UHGZ8K,0.36497438178260094,0.23784967087706813,0.221692759295499,0.0005282965003434245,0.0007487602227833139,0.0007487602227833139
ID_WGGUI2,0.36497438178260094,0.23784967087706813,0.221692759295499,0.0005046755231068582,0.0007270883991625982,0.0007270883991625982
ID_3BPFHK,0.9732554705568404,0.9798247642768191,0.9741432129514321,0.09898313039102387,0.1697991190699988,0.1697991190699988
ID_LZH474,0.36497438178260094,0.5713744885251735,0.5498023483365949,0.0010269025608623792,0.0015910389794094725,0.0016426211924461967
ID_NQHCHL,0.9977571606475716,0.9975796121686533,0.9977571606475716,0.7874186049880397,0.872306481055377,0.8943349070265907
ID_UUZS7P,0.9585189468066181,0.9533700409179862,0.9432497776196406,0.07152791906618712,0.07402613656954768,0.07402613656954768
ID_E9X5DZ,0.36497438178260094,0.5355096957836684,0.5341780821917809,0.0009203915989892157,0.0014122376199426079,0.0014947623581061122
ID_TWO5KW,0.36497438178260094,0.23784967087706813,0.221692759295499,0.0005282965003434245,0.0007487602227833139,0.0007487602227833139
ID_OVMB93,0.36497438178260094,0.5668470023127558,0.5606328055506138,0.0009676844892509385,0.001566721705569522,0.0016715844013853736
ID_KMRABQ,0.36497438178260094,0.5684449386230208,0.5636511296922255,0.0009686566338072762,0.0015805966367638748,0.0016872629227916462
ID_BH79J9,0.36497438178260094,0.530094467176659,0.5432330546166163,0.0009403039564648025,0.001426370066065712,0.001588556055787017
ID_E8TVW6,0.36497438178260094,0.23784967087706813,0.221692759295499,0.0005162648365131736,0.0007496090690988025,0.0007496090690988025
ID_20E17F,0.36497438178260094,0.5704867461305817,0.5708418430884183,0.0009804354171852765,0.0015973211392266672,0.0017223592159681038
ID_SIQFI1,0.990743995730297,0.9918980608432664,0.9904776730119196,0.32653157459125975,0.5536225372099525,0.7062330060487388
ID_41NA8W,0.36497438178260094,0.5313373065290874,0.5450085394057996,0.0008792914883902404,0.0013940371935148887,0.0015202565348257891
ID_WGVQO0,0.36497438178260094,0.23784967087706813,0.221692759295499,0.0005282965003434245,0.0007487602227833139,0.0007487602227833139
ID_LGQONB,0.36497438178260094,0.23784967087706813,0.221692759295499,0.0005542133044529033,0.0008320441080088668,0.0009082706835378027
ID_8LIA1C,0.36497438178260094,0.23784967087706813,0.221692759295499,0.0005337695879387677,0.00074751943754339,0.00074751943754339
ID_CXKAZG,0.9553230741860879,0.9499966198185376,0.9400539049991105,0.06553276270439319,0.0669723246159153,0.0669723246159153
ID_BI2AKY,0.36497438178260094,0.567557196228429,0.5618756449030422,0.000970543664333316,0.0015722263985821334,0.0016771326859996555
ID_Z2J1B3,0.36497438178260094,0.5588573207614304,0.5601889343533178,0.0010269025608623792,0.001574195935727348,0.0017033030428703793
ID_V2UWES,0.36497438178260094,0.5315148550080058,0.545186087884718,0.0008794552302928168,0.0013942390677035832,0.0015202565348257891
ID_AMLGLN,0.36497438178260094,0.23784967087706813,0.221692759295499,0.0004994329993984754,0.0007315554160970087,0.0007315554160970087
ID_GSJHB8,0.36497438178260094,0.531692403486924,0.5453636363636363,0.0008805859036007754,0.0013960120027182014,0.0015202565348257891
ID_307KZ4,0.36497438178260094,0.23784967087706813,0.221692759295499,0.0005864630457083899,0.0008524110319595966,0.0008524110319595966
ID_GVIHSB,0.36497438178260094,0.23784967087706813,0.221692759295499,0.0005866102968804969,0.000852491615191696,0.000852491615191696
ID_YRLG4Z,0.992785803237858,0.9929633517167763,0.9950939334637965,0.5769619168988767,0.6473575740987805,0.8108941854033416
ID_IYKBYV,0.9455579078455791,0.9597617861590465,0.9576312044120263,0.04701529826190721,0.12204636032855937,0.15221142471229124
ID_YU27DG,0.9872818003913895,0.990655221490838,0.990655221490838,0.2723652463619044,0.4539420742703096,0.6813489117358368
ID_YYEH5O,0.9924307062800214,0.9955378046610923,0.993318448674613,0.4775466113406549,0.7074339068658059,0.7513101235071288
ID_HQCYED,0.9965143212951432,0.99793470912649,0.9981122576054082,0.7162455299015604,0.846833718465763,0.8831963525478997
ID_5UY94I,0.9968694182529798,0.998467354563245,0.9974020636897349,0.6012476755266393,0.7961498095061227,0.8382412770327606
ID_DBNNI7,0.36497438178260094,0.23784967087706813,0.221692759295499,0.0005046755231068582,0.0007270883991625982,0.0007270883991625982
ID_3D6XKC,0.36497438178260094,0.23784967087706813,0.221692759295499,0.0005543412857725687,0.000832675939362112,0.0009082706835378027
ID_513OKE,0.36497438178260094,0.5318699519658424,0.5456299590820138,0.0008808192991706657,0.0013964269905329034,0.0015202565348257891
ID_MISHT0,0.9713024372887387,0.9752085038249422,0.9725452766411671,0.15883450424953094,0.2553599378556329,0.2818991505921769
ID_MUUQ2D,0.36497438178260094,0.559212417719267,0.5606328055506138,0.0010276258897253736,0.0015748504630822852,0.0017039682997985195
ID_AIEZLX,0.9952714819427148,0.9949163849848781,0.9926082547589397,0.7311477958954726,0.7457679302307205,0.8163338299346086
ID_MZIUA6,0.36497438178260094,0.5395045365593311,0.5526431239992884,0.0010374922227623085,0.0015155935497855233,0.0016914797812370055
ID_ANHYB9,0.9760962462195338,0.9801798612346558,0.9768064401352072,0.14578926890882682,0.2225507022048665,0.2766923092274272
ID_7TC22K,0.735251734566803,0.4765636007827789,0.45685571962284294,0.0009317189467958314,0.0010163867929167511,0.0010163867929167511
ID_WECC7T,0.9895899306173279,0.9850624444049102,0.9797359900373599,0.36695536654193267,0.3817915024726997,0.3817915024726997
ID_3E044A,0.805827254936844,0.626680839708237,0.6082157979007294,0.0022273802020030976,0.0022273802020030976,0.0022273802020030976
ID_AOJ7HM,0.9842634762497776,0.9812451521081658,0.976628891656289,0.26023895781074563,0.31438004691908156,0.31438004691908156
ID_ITWWC2,0.8309503647037894,0.7957069916384986,0.7786623376623377,0.0030916151299933193,0.0033832455148065745,0.003405655622735455
ID_P76XAE,0.9510619106920477,0.9457354563244974,0.9407640989147839,0.06448546581273365,0.06879701377106322,0.07720554158981706
ID_8ALEJI,0.992253157801103,0.9917205123643479,0.9878144458281444,0.44159277078222003,0.5388888535718016,0.5874058963840958
ID_X1U8KM,0.7683645258850739,0.5766121686532645,0.5461626045187689,0.0013611675124552457,0.0013611675124552457,0.0013667509853432173
ID_INJW15,0.7884275040028464,0.5974741149261698,0.5732387475538161,0.001823870077335518,0.001823870077335518,0.001823870077335518
ID_DYA9YK,0.8603346379647749,0.8560734744707347,0.838584949297278,0.005309015547362085,0.007493943166182632,0.007493943166182632
ID_6DVPR4,0.36497438178260094,0.23784967087706813,0.221692759295499,0.00048375490240215775,0.0006981435902779309,0.0006981435902779309
ID_MDBOL8,0.36497438178260094,0.23784967087706813,0.221692759295499,0.00047534068557600735,0.0007070552798394491,0.0007070552798394491
ID_MLPWMW,0.8346788827610745,0.8143495819249243,0.8002344778509163,0.003409079950014726,0.003928326058200379,0.003928326058200379
ID_MD9VVM,0.9643780466109233,0.9638454011741683,0.9560332681017613,0.09610004965221033,0.13139054302742165,0.13625561407927575
ID_3BAARO,0.7689859455612881,0.5455411848425548,0.5139375555950898,0.0014693839069284467,0.0014693839069284467,0.0014693839069284467
ID_YFUXFB,0.7597534246575343,0.552909446717666,0.5219272371464152,0.001221268023052701,0.001221268023052701,0.001221268023052701
ID_X6CKBA,0.7632156199964419,0.5320475004447607,0.5005326454367549,0.0014342599871105346,0.0014342599871105346,0.0014342599871105346
ID_I5WORJ,0.8603346379647749,0.8665488347269169,0.8582040562177549,0.005401171723143308,0.008465940405769319,0.009152433582439633
ID_TDDKA4,0.8405379825653798,0.8136393880092511,0.8014773172033446,0.003629394106185985,0.004221129117572608,0.004221129117572608
ID_EE9QVY,0.8603346379647749,0.8761364525885075,0.8938913004803416,0.006222519086352495,0.009919801722121186,0.014546233285661353
ID_PW51BS,0.7683645258850739,0.5322250489236791,0.503107098381071,0.0015693923709359779,0.0015693923709359779,0.0015693923709359779
ID_EWE6FR,0.8603346379647749,0.862465219711795,0.8594468955701833,0.005316179679817709,0.00814401656186981,0.012133359315984112
ID_QNIOX3,0.8050282867817113,0.6224196762141968,0.6044872798434443,0.002186910230400287,0.002186910230400287,0.002186910230400287
ID_K0L9RN,0.8219841665184131,0.7548708414872798,0.7133244974203877,0.0029483959509861582,0.0029650023316170598,0.0030287129414994897
ID_P5OY4C,0.9975796121686533,0.9966918697740615,0.9958041273794699,0.7074171807805502,0.7074171807805502,0.7352943978392189
ID_QN361E,0.9519496530866394,0.9442262942536914,0.9317091264899484,0.05185105797406485,0.05266056603583205,0.05266056603583205
ID_DEH5S2,0.8209188756449031,0.7065776552214909,0.6828749332858922,0.0025213603059681265,0.0025213603059681265,0.0025213603059681265
ID_SPM44L,0.9705922433730653,0.9721901796833303,0.9682841131471268,0.20043573107537987,0.24299430567916824,0.2674636689336359
ID_U7XEK7,0.7816806618039495,0.5672020992705924,0.5340005337128625,0.0017589137524816568,0.0017589137524816568,0.0017589137524816568
ID_XZPS7Z,0.9533700409179862,0.9515945561288027,0.946090553282334,0.06795985497069275,0.08144705230304995,0.08814369798379226
ID_ROYJU2,0.7701400106742572,0.5593899661981854,0.5335566625155667,0.0014532866239681155,0.0014532866239681155,0.0014532866239681155
ID_5UY3S5,0.777774595267746,0.5736826187511119,0.5432330546166163,0.0015474428840511532,0.0015474428840511532,0.0015474428840511532
ID_ABL5U6,0.36497438178260094,0.23784967087706813,0.221692759295499,0.0006814882968839927,0.0008812446635486643,0.0008812446635486643
ID_75GT5C,0.7657900729407578,0.5377290517701476,0.5061254225226828,0.001420931765520965,0.001420931765520965,0.001420931765520965
ID_SJ6E5C,0.7735134317737058,0.5648051948051949,0.5372851805728518,0.0014761721825529049,0.0014761721825529049,0.0014761721825529049
ID_EOCGGW,0.8394726916918698,0.7829235011563779,0.7990804127379469,0.003563234783700051,0.003956464837131557,0.005933387353952768
ID_1X408O,0.9604719800747198,0.9618923679060665,0.9521272015655577,0.08344986720812748,0.10658307184473018,0.11058915529804768
ID_85M9K8,0.7797276285358476,0.5688000355808575,0.537906600249066,0.0015905589005801547,0.0015905589005801547,0.0015905589005801547
ID_U1UDRT,0.7754664650418075,0.5718183597224693,0.5423453122220245,0.0014929463960517897,0.0014929463960517897,0.0014929463960517897
ID_3CP868,0.8090231275573742,0.649584593488703,0.6289889699341754,0.0021865098556631637,0.0021865098556631637,0.0021865098556631637
ID_T9Y63Y,0.7830122753958371,0.5828263654154064,0.5476717665895748,0.001974527733016685,0.001974527733016685,0.001974527733016685
ID_UFQUML,0.7479464508094645,0.5148252979896816,0.48801547767301195,0.0011601005278125606,0.001242833023627376,0.0013115847598470425
ID_NIBT23,0.9011707881159936,0.9265602206013165,0.9210562177548479,0.017085918253842036,0.026901317132829766,0.03297598660841051
ID_TGLY44,0.8950453655933108,0.9179491193737769,0.9156409891478384,0.014080740287238052,0.018601960375571935,0.028224961733192565
ID_4SFQ8P,0.7765317559153175,0.5622307418608788,0.5320475004447607,0.0015517455867315503,0.0015517455867315503,0.0015517455867315503
ID_0N9HPQ,0.8226943604340865,0.7369384451165274,0.7422648994840776,0.0027091798281937965,0.0027091798281937965,0.0028763631501080907
ID_99E1R1,0.7609074897705035,0.543588151574453,0.5143814267923857,0.0012688848281293998,0.0012688848281293998,0.0012688848281293998
ID_C72Q1W,0.36497438178260094,0.23784967087706813,0.221692759295499,0.0007124551095078735,0.0009015718580753959,0.0009015718580753959
ID_UI7AWA,0.9606495285536382,0.956921010496353,0.956921010496353,0.14091189651080588,0.1497958266258521,0.17941998934285638
ID_2AELK0,0.7749338196050525,0.5601001601138588,0.530094467176659,0.001510067415571065,0.001510067415571065,0.001510067415571065
ID_ER5H2G,0.8346788827610745,0.8040517701476605,0.7879836328055506,0.0033465251714850748,0.003674103440193383,0.003690024803202987
ID_R4G747,0.8603346379647749,0.8728518057285181,0.8764027753068848,0.006227170701198589,0.010268997589691351,0.013432123413243782
ID_G7GMXZ,0.7342752179327522,0.4789605052481765,0.45978526952499554,0.0008972990362055237,0.0010238967118971858,0.0010238967118971858
ID_F2QJQL,0.7884275040028464,0.5861110122753959,0.5510451876890233,0.0018813902520807184,0.0018813902520807184,0.0018813902520807184
ID_L0L85S,0.8354778509162071,0.8134618395303327,0.7968610567514677,0.0034137931041246603,0.004018924978192177,0.004018924978192177
ID_9T98SO,0.36497438178260094,0.23784967087706813,0.221692759295499,0.0007458513158123067,0.0008950998733635163,0.0008950998733635163
ID_QH4YLI,0.772625689379114,0.5471391211528198,0.5135824586372532,0.0015424672517289578,0.0015424672517289578,0.0015424672517289578
ID_BPRVML,0.7770644013520726,0.5598338373954812,0.5273424657534247,0.001563450796491165,0.001563450796491165,0.001563450796491165
ID_6CG8VP,0.8061823518946807,0.6302318092866038,0.6130096068315246,0.0022333725105187128,0.0022333725105187128,0.0022333725105187128
ID_C5D1GT,0.8281095890410959,0.7570014232343,0.764280910869952,0.0029854083347713037,0.0029854083347713037,0.003192651841256689
ID_YLK0WQ,0.8337023661270236,0.8065374488525173,0.7920672478206724,0.0033452393418793216,0.0037317071246795916,0.0037317071246795916
ID_OGE0SN,0.36497438178260094,0.23784967087706813,0.221692759295499,0.00045875606787594976,0.000705028107772967,0.000705028107772967
ID_LNBIPO,0.8361880448318805,0.8131955168119552,0.7964171855541718,0.003459030130254723,0.0040097237157473205,0.0040097237157473205
ID_Y4XYBA,0.36497438178260094,0.23784967087706813,0.221692759295499,0.0007227459367040066,0.0009234996566367814,0.0009234996566367814
ID_B9HQBN,0.8603346379647749,0.8626427681907134,0.8498592777085927,0.0049938499322741995,0.007579794277930613,0.007579794277930613
ID_UTLIIA,0.8469297278064402,0.8571387653442448,0.8901627824230564,0.004539921594767141,0.006946644188204034,0.01338636003738307
ID_9RMHEL,0.7454607721046077,0.4922766411670521,0.4708820494573919,0.0011300655274470535,0.0011465656397054646,0.0011636666976092838
ID_55N807,0.7615289094467177,0.5286740793453123,0.4965378046610924,0.001410190506661447,0.001410190506661447,0.001410190506661447
ID_S6BK0F,0.7689859455612881,0.5390606653620352,0.5123396192848247,0.001689786035991349,0.001689786035991349,0.001689786035991349
ID_RC60JC,0.8422246931151042,0.8335248176481054,0.8151485500800569,0.0038673206969628456,0.004747643159504441,0.004747643159504441
ID_IWMYMJ,0.8603346379647749,0.8607785091620708,0.8592693470912649,0.005298056080410397,0.007852910787301335,0.011578436016602557
ID_BNX7SF,0.9713024372887387,0.9700595979363102,0.9690830813022594,0.21813778622494082,0.24135446629308346,0.27527796803863824
ID_GB2USC,0.8603346379647749,0.8550969578366838,0.838584949297278,0.005310515068806689,0.007474112679267966,0.007474112679267966
ID_85E6LK,0.8388512720156556,0.8104435153887208,0.8002344778509163,0.0035196135529111214,0.004177656134308527,0.004177656134308527
ID_N4BPLD,0.8433787582280733,0.798015121864437,0.8214515210816581,0.003997373028706388,0.004191858095536371,0.0056106186837844695
ID_GZ4MXV,0.8309503647037894,0.7697849137164205,0.7674767834904821,0.0030403064934817763,0.0030403064934817763,0.0032543016957087096
ID_63SFM4,0.839028820494574,0.8169240348692404,0.8020987368795588,0.003526124668952805,0.004260657028379869,0.004260657028379869
ID_YBCHN4,0.9805349581924925,0.976628891656289,0.9707697918519836,0.16128294311357108,0.1702107546735519,0.1702107546735519
ID_T0CW21,0.36497438178260094,0.23784967087706813,0.221692759295499,0.0007136069923259893,0.0008686471066378617,0.0008686471066378617
ID_EEA7EO,0.9501741682974559,0.9485762319871909,0.9416518413093755,0.05470573158753931,0.07146018842014386,0.07374718895866164
ID_49IRAX,0.9022360789895036,0.9285132538694183,0.9238969934175413,0.01835638087063338,0.029710551769396593,0.03736482193116326
ID_N90DWX,0.7830122753958371,0.5830039138943248,0.5478493150684931,0.0019762064663075944,0.0019762064663075944,0.0019762064663075944
ID_VE17EN,0.8157699697562711,0.6708016367194449,0.6532243373065291,0.002226358180730473,0.002226358180730473,0.002226358180730473
ID_LUR5VG,0.8991289806084327,0.9272704145169899,0.9201684753602561,0.015687012770187598,0.02531411957608002,0.031166835266095476
ID_EDUPDW,0.7444842554705569,0.4858848959259918,0.46644333748443334,0.0011123226858195565,0.0011357650006745788,0.001142535918308705
ID_IIPHYO,0.8063599003735991,0.6391980074719801,0.6243727094822985,0.002078356025380922,0.002078356025380922,0.002078356025380922
ID_XYU1T2,0.812574097135741,0.7188285002668565,0.6881126134139832,0.0026744092501399205,0.0035673038892324645,0.003745088003230259
ID_YACX3K,0.8281095890410959,0.794996797722825,0.7729807863369507,0.0029266395564238536,0.00308600496213772,0.003211059987583412
ID_U004UL,0.773158334815869,0.5469615726739014,0.5162456858210283,0.0018390462218846805,0.0018390462218846805,0.0018390462218846805
ID_XXU6IK,0.8309503647037894,0.7983702188222737,0.778307240704501,0.003066813727902622,0.0033942327690276116,0.0033942327690276116
ID_KA5MGI,0.8857240704500978,0.9159960861056752,0.9180378936132361,0.010834123590918586,0.016103612215496527,0.032585807214760745
ID_IX1VNT,0.9972245152108167,0.9959816758583883,0.9943837395481231,0.6736114821412598,0.6936150669589668,0.7074998971997343
ID_O55L76,0.8603346379647749,0.8732956769258139,0.8764027753068848,0.006281811311494303,0.010292719037059916,0.013477835173338455
ID_K9MJH1,0.36497438178260094,0.23784967087706813,0.221692759295499,0.0007582958656709834,0.0008966315731746446,0.0008966315731746446
ID_OH3I7S,0.8309503647037894,0.7744899484077566,0.771560398505604,0.0030592750733605214,0.0030592750733605214,0.003319051433670804
ID_XJKE63,0.7729807863369507,0.5558389966198185,0.5273424657534247,0.0014885366198868853,0.0014885366198868853,0.0014885366198868853
ID_A4LTP3,0.36497438178260094,0.23784967087706813,0.221692759295499,0.0008627246159205082,0.0010082975060586629,0.0010082975060586629
ID_LVSOMI,0.36497438178260094,0.23784967087706813,0.221692759295499,0.0008465096572322232,0.0010444057935291556,0.0010444057935291556
ID_EZJR6X,0.7846989859455612,0.5746591353851628,0.5419902152641879,0.0016661598365580001,0.0016661598365580001,0.0016661598365580001
ID_NM6OXC,0.7452832236256893,0.5013316135918876,0.4778952143746664,0.0011185747438528792,0.0011517264468923769,0.0011698133983736234
ID_G44S2G,0.36497438178260094,0.23784967087706813,0.221692759295499,0.000679462695470737,0.0008633553969603924,0.0008633553969603924
ID_AG0A6S,0.9622474648639032,0.9586964952855364,0.9574536559331079,0.15439290104991293,0.17823753314386998,0.20427731521212736
ID_VMQVWY,0.8309503647037894,0.7765317559153175,0.7717379469845222,0.003028948637436934,0.003028948637436934,0.0032766468037433486
ID_00893S,0.7396016723003025,0.483399217221135,0.4633362391033624,0.0010935048912458654,0.0011258391182895537,0.0011258391182895537
ID_SLD7P4,0.747147482654332,0.5025744529443159,0.47842785981142144,0.0011529633840721993,0.0011657585246691487,0.00119073406187435
ID_0U1FIH,0.8335248176481054,0.8005008005692936,0.7845214374666429,0.003308597544581941,0.0035852420888505604,0.003644703953401032
ID_4I4AGU,0.8603346379647749,0.8700998043052838,0.8580265077388366,0.005348467404443188,0.008591569284189767,0.008592067294965339
ID_MDUH2H,0.8346788827610745,0.8052946095000889,0.7887826009606831,0.003357526104186164,0.0037544220708217754,0.0037544220708217754
ID_0I4S28,0.36497438178260094,0.23784967087706813,0.221692759295499,0.0004730065323227802,0.0007015027576497483,0.0007015027576497483
ID_C9Z8BM,0.7597534246575343,0.552909446717666,0.5221047856253335,0.0012222065513860633,0.0012222065513860633,0.0012222065513860633
ID_9CS181,0.8215402953211173,0.7572677459526775,0.7088857854474293,0.003152034814852874,0.0033145212036965834,0.0033145212036965834
ID_NPWZU6,0.7738685287315424,0.5837141078099982,0.5512227361679417,0.0014171743303540857,0.0014171743303540857,0.0014171743303540857
ID_BMM6XG,0.9020585305105853,0.9288683508272549,0.924784735812133,0.01829738594979069,0.029349183870292568,0.03946259693469432
ID_QFE2RJ,0.36497438178260094,0.23784967087706813,0.221692759295499,0.0008428293664603567,0.001041118230063425,0.001041118230063425
ID_ZWRUMN,0.8360104963529621,0.8126628713752001,0.7958845401174168,0.003459030130254723,0.003987143134929615,0.003987143134929615
ID_N038XC,0.8309503647037894,0.7767093043942359,0.7719154954634406,0.0030799799150105778,0.0030799799150105778,0.0033313867330440894
ID_3L5LS3,0.8353003024372887,0.8148822273616794,0.8002344778509163,0.0034135666141981427,0.00393697320157151,0.00393697320157151
ID_Z173PH,0.7657900729407578,0.5382616972069026,0.5068356164383562,0.001422096585362033,0.001422096585362033,0.001422096585362033
ID_YF7UVA,0.8281095890410959,0.7697849137164205,0.764280910869952,0.0029973353647394013,0.0029973353647394013,0.003204685979628127
ID_84GSJO,0.7816806618039495,0.5666694538338374,0.5335566625155667,0.0017441554959562915,0.0017441554959562915,0.0017441554959562915
ID_89LK5U,0.7843438889877246,0.572706102117061,0.5380841487279844,0.0017222655840503352,0.0017222655840503352,0.0017222655840503352
ID_QN303I,0.8603346379647749,0.8979749154954634,0.9031238213840953,0.00816535625815564,0.011945708880239523,0.017666421668834278
ID_HWSMLL,0.8040517701476605,0.615228962818004,0.5978292118840064,0.002155957656701431,0.002155957656701431,0.002155957656701431
ID_5A6ZTS,0.8849251022949653,0.9157297633872976,0.9114685998932575,0.010687259778018297,0.015735154190670276,0.021866533660272483
ID_9DN1JJ,0.96366785269525,0.962069916384985,0.9531037181996086,0.09776870750193227,0.11676169073712847,0.12395495671063492
ID_MEHAVR,0.8358329478740438,0.8073364170076499,0.7929549902152642,0.0034550250369560424,0.003945726433989821,0.003945726433989821
ID_YYZUDP,0.8603346379647749,0.8691232876712329,0.8584703789361323,0.005736071812750476,0.008889008104599668,0.009518469959930498
ID_EGXW68,0.8603346379647749,0.8682355452766412,0.8635305105853052,0.00571129470474398,0.008859648830505737,0.009856689107026202
ID_14AZQV,0.9599393346379648,0.9572761074541897,0.9558557196228429,0.10571520827460977,0.14006715838135786,0.15024224405503175
ID_3HUETZ,0.7767093043942359,0.5642725493684397,0.5343556306706991,0.0015426411570123447,0.0015426411570123447,0.0015426411570123447
ID_MB89IP,0.7752889165628891,0.5605440313111546,0.5302720156555774,0.001541708304143215,0.001541708304143215,0.001541708304143215
ID_9V3JSL,0.8346788827610745,0.811064935064935,0.7958845401174168,0.0033976013779523,0.003788343330168138,0.003788343330168138
ID_U5RHRN,0.7966835082725494,0.6672506671410782,0.6691149261697207,0.00219640216231501,0.002859929404259006,0.0036529325308146897
ID_4POIK6,0.8281095890410959,0.7703175591531756,0.7662339441380537,0.0029976797332946646,0.0029976797332946646,0.003243290831992097
ID_34CCQR,0.8221617149973314,0.7725369151396548,0.7588656822629425,0.0026919391828485253,0.002767229211602344,0.0029113099250647973
ID_8D2UXI,0.8289085571962284,0.7641921366304928,0.765878847180217,0.0030119898937138187,0.0030119898937138187,0.0032397681410573304
ID_HGV8W6,0.36497438178260094,0.23784967087706813,0.221692759295499,0.0007849041463605466,0.0009140732681611159,0.0009140732681611159
ID_TM22AO,0.8309503647037894,0.7742236256893791,0.771027753068849,0.003048458365017373,0.003048458365017373,0.0032899570961642294
ID_B33LO0,0.7768868528731542,0.5636511296922255,0.5328464685998933,0.0015625276208231086,0.0015625276208231086,0.0015625276208231086
ID_NBXN98,0.8261565557729942,0.7829235011563779,0.7588656822629425,0.0028769047697105843,0.0028847863000924156,0.0030494578187572926
ID_04A56B,0.9897674790962462,0.9876368973492261,0.9831094111368084,0.33247896146818157,0.42126633900418287,0.4566542592891191
ID_34N7CE,0.8823506493506493,0.9143093755559509,0.915374666429461,0.010276584682700473,0.015487880494428818,0.025649654259481396
ID_970K1N,0.7797276285358476,0.5627633872976339,0.5273424657534247,0.0015978724402771615,0.0015978724402771615,0.0015978724402771615
ID_XROC09,0.8329921722113502,0.8010334460060488,0.7831010496352963,0.003267729148828071,0.0035769314379534858,0.0035823602255710377
ID_RXQO8E,0.7546045187689023,0.5573481586906245,0.5273424657534247,0.0011927670919252723,0.001193649418278634,0.0012392408051445736
ID_9NQ4B6,0.36497438178260094,0.23784967087706813,0.221692759295499,0.0006607461657295778,0.0008812446635486643,0.0008812446635486643
ID_VU6X9A,0.8603346379647749,0.8512796655399395,0.8335248176481054,0.005231598307931994,0.007035424113287527,0.007035424113287527
ID_ALZ6BK,0.7966835082725494,0.6115004447607187,0.5933017256715887,0.0020110272665049165,0.0020110272665049165,0.0020110272665049165
ID_PC7E7E,0.9530149439601495,0.9473333926347625,0.9423620352250489,0.06727486894683107,0.07123251551009441,0.077396399836736
ID_I0BZX6,0.8365431417897171,0.8218066180394947,0.8068037715708949,0.0034983504657536586,0.004208289764529695,0.004208289764529695
ID_6O0K2M,0.7834561465931329,0.5831814623732432,0.5480268635474115,0.001989338735253536,0.001989338735253536,0.001989338735253536
ID_KMW5EI,0.8433787582280733,0.8351227539583704,0.817279131827077,0.003926132345042979,0.0047732543056496135,0.0047732543056496135
ID_WRY1CP,0.9915429638854296,0.9885246397438179,0.9842634762497776,0.37767044870805166,0.44165885235628294,0.5062165271029828
ID_W555RS,0.8346788827610745,0.8048507383027931,0.7884275040028464,0.0033622308939796936,0.00374299286366058,0.00374299286366058
ID_YIM0GX,0.8116863547411493,0.6685822807329657,0.6414173634584593,0.002348224043771253,0.002348224043771253,0.002348747565137296
ID_22B3GC,0.36497438178260094,0.23784967087706813,0.221692759295499,0.0008529285126815358,0.0010404015324749327,0.0010404015324749327
ID_OQ6420,0.8903403309019747,0.9194582814445829,0.9292234477850916,0.011426446921471914,0.017384504554311744,0.04438594912057625
ID_EIJSRA,0.7830122753958371,0.585134495641345,0.5502462195338909,0.0016132339234030176,0.0016132339234030176,0.0016132339234030176
ID_Z5199X,0.9814227005870841,0.976185020458993,0.969882049457392,0.28601438558747533,0.3008628984448859,0.3008628984448859
ID_4RU15B,0.837519658423768,0.828642234477851,0.8091119017968333,0.0035119917942567566,0.004360905336023408,0.004360905336023408
ID_UKXKPY,0.9513282334104252,0.946090553282334,0.9411191958726206,0.06418186070642774,0.06903901691337584,0.07725605967727761
ID_2IMX6W,0.7356068315246397,0.23784967087706813,0.4472681017612524,0.0009712740055634733,0.001010225511858369,0.001010225511858369
ID_9JAOHA,0.8328146237324319,0.801654865682263,0.7816806618039495,0.0032378784186337154,0.0035083453859747525,0.003566534003104747
ID_EVUXO1,0.8215402953211173,0.7744899484077566,0.7411996086105676,0.0035076017533475405,0.005220846731415263,0.005220846731415263
ID_9U47O4,0.36497438178260094,0.23784967087706813,0.221692759295499,0.0008944588941876084,0.0009581317881309039,0.0009581317881309039
ID_152UY7,0.36497438178260094,0.23784967087706813,0.221692759295499,0.0006699925301275723,0.0008616829249626321,0.0008616829249626321
ID_BS70GA,0.993318448674613,0.992253157801103,0.9883470912648995,0.5254070169347067,0.5254070169347067,0.5679159894215472
ID_VE9E3I,0.36497438178260094,0.23784967087706813,0.221692759295499,0.00044808448235460484,0.0006863512417284907,0.0006863512417284907
ID_T2WVBK,0.8815516811955167,0.9098706635829924,0.9045442092154421,0.009929279755759598,0.01499821912668764,0.019403726306373895
ID_7GF62F,0.7630380715175236,0.5411024728695961,0.5118957480875289,0.0013091309646230081,0.0013091309646230081,0.0013091309646230081
ID_Y3TLDA,0.8487052125956236,0.8682355452766412,0.855185732076143,0.004767250875199657,0.0078039234410166155,0.0078039234410166155
ID_W9XHZ2,0.8603346379647749,0.8676141256004269,0.8553632805550614,0.005424634931579619,0.008636133407485107,0.00902432101574198
ID_WM0LSK,0.8933586550435866,0.9141318270770326,0.9041891122576053,0.012110598756563007,0.016873726634138535,0.018118398131757082
ID_ZNFFDC,0.8466634050880626,0.8061823518946807,0.7929549902152642,0.004534783871700054,0.005694792295260666,0.005732099056588522
ID_DEI9SN,0.841159402241594,0.8173679060665362,0.8026313823163138,0.003692067781454148,0.00429700546084728,0.00429700546084728
ID_9VQ06Y,0.8991289806084327,0.9196358299235011,0.916972602739726,0.015944686676950155,0.021549777646571653,0.030911282613244388
ID_6AYBN2,0.8207413271659847,0.7358731542430172,0.7588656822629425,0.002498934473824676,0.002498934473824676,0.002852270653747494
ID_SN8PKK,0.8433787582280733,0.836454367550258,0.8217178438000355,0.003941577421307416,0.004951431444439695,0.004951431444439695
ID_IDJRR2,0.8491490837929194,0.8695671588685288,0.8566948941469489,0.00482537717614738,0.00787429175762465,0.00787429175762465
ID_3MUZN6,0.9622474648639032,0.9611821739903932,0.9588740437644547,0.14986717574680747,0.1814352207207807,0.1971512762241475
ID_DL0WVZ,0.8815516811955167,0.9228317025440312,0.9251398327699697,0.009838113040955568,0.016472932822054018,0.035764151442702424
ID_XXXBX8,0.9597617861590465,0.9544353317914962,0.9478660380715176,0.08569132508786774,0.0889071864566994,0.0945811226303007
ID_OLEUCI,0.8281095890410959,0.7562912293186266,0.7588656822629425,0.002931411773610177,0.002931411773610177,0.0031453472541047157
ID_1UWDL1,0.36497438178260094,0.23784967087706813,0.221692759295499,0.0008322151012574512,0.0009492658623827261,0.0009492658623827261
ID_YDX8IK,0.972012631204412,0.9713024372887387,0.9676626934709126,0.20574429123919338,0.2286478456512096,0.2421607476532383
ID_KOCUZH,0.7836336950720512,0.5833590108521616,0.5482044120263299,0.0020004553014584554,0.0020004553014584554,0.0020004553014584554
ID_6GPIIM,0.8008558975271305,0.6115004447607187,0.5947221135029354,0.0020585932048002584,0.0020585932048002584,0.0020585932048002584
ID_BMBE4U,0.36497438178260094,0.23784967087706813,0.221692759295499,0.0007238767381249462,0.0009209576687370614,0.0009209576687370614
ID_CDSQZK,0.7689859455612881,0.5452748621241772,0.5116294253691513,0.0014893098115711751,0.0014893098115711751,0.0014893098115711751
ID_XET1P5,0.8331697206902687,0.8012997687244263,0.7831010496352963,0.0032777070153824435,0.003584693769604496,0.0035956263276124578
ID_Q1BM4A,0.9618035936666074,0.9592291407222914,0.9503517167763743,0.10083956171785421,0.11944058260523753,0.12857535350000496
ID_WPT41W,0.36497438178260094,0.23784967087706813,0.221692759295499,0.0006789306938484168,0.0009024832667681191,0.0009024832667681191
ID_ETXKKL,0.36497438178260094,0.23784967087706813,0.221692759295499,0.0006607461657295778,0.0008794518063843014,0.0008794518063843014
ID_KWN3LW,0.8363655933107987,0.8150597758405977,0.7981926703433553,0.0034786302689584136,0.0040568393811531095,0.0040568393811531095
ID_H5LBYY,0.8603346379647749,0.8674365771215087,0.8566948941469489,0.005462540640082682,0.008687456685624585,0.009279281628581437
ID_19BEFN,0.7838112435509696,0.5704867461305817,0.5355984700231275,0.001842399564920004,0.001842399564920004,0.001842399564920004
ID_FFJR5D,0.8603346379647749,0.8812853584771394,0.8977973670165451,0.006409907296030404,0.010097655581547852,0.015878524052383092
ID_QH1EXK,0.8603346379647749,0.8158587439957303,0.8024538338373954,0.006215475662730797,0.006433047823120462,0.0066258494484492305
ID_4IJ44Q,0.8603346379647749,0.8496817292296744,0.8539428927237147,0.005314310340969479,0.00716561195029972,0.011647781490008061
ID_MFGCBS,0.764280910869952,0.551932930083615,0.5273424657534247,0.0013364469884079224,0.0013364469884079224,0.0013476065411828007
ID_ZLH6YZ,0.7468811599359544,0.5009765166340509,0.4772737946984522,0.0011395205779038298,0.0011470166961962604,0.0011577987655042431
ID_X91UOX,0.8309503647037894,0.7962396370752535,0.7806153709304394,0.0032050584342652516,0.0034539972486048592,0.0035249421558962274
ID_TB4QUV,0.7597534246575343,0.5531757694360434,0.522282334104252,0.00122241652566796,0.00122241652566796,0.00122241652566796
ID_3B2BGV,0.7675655577299413,0.5432330546166163,0.5105641344956414,0.0014825537239110567,0.0014825537239110567,0.0014825537239110567
ID_39Z87X,0.8603346379647749,0.8495041807507561,0.8534102472869596,0.005314310340969479,0.007087080053082312,0.011613637444973138
ID_UYDE8D,0.36497438178260094,0.5919701120797012,0.5560165450987369,0.0012472783024220025,0.0018422988769599329,0.0018874955593706994
ID_Y7D9MZ,0.730546699875467,0.7340088952143747,0.7953518946806617,0.0017814901517293651,0.004042382377858576,0.005647790158343681
ID_4SML2V,0.36497438178260094,0.5896619818537627,0.5563716420565736,0.001223127885757713,0.0018939837870525092,0.0019549952906687644
ID_7I8BU9,0.36497438178260094,0.641772460416296,0.6815433196940046,0.0013792543982543049,0.002136805561290155,0.00301259887522123
ID_EC6XNQ,0.8471960505248176,0.8393839174524106,0.8243810709838106,0.004909343291715927,0.009012370170545752,0.009012370170545752
ID_RR3CDL,0.36497438178260094,0.6203778687066359,0.6328950364703789,0.0012923446764541802,0.0023697143090763598,0.002879871804450952
ID_IGYW5G,0.8076027397260274,0.7928662159758051,0.8180780999822096,0.003314171513266814,0.005230771851905603,0.006527246686953571
ID_BSVW6P,0.36497438178260094,0.6243727094822985,0.6041321828856075,0.0013323218102972757,0.002319897528526568,0.002369220963825091
ID_JI3FZX,0.36497438178260094,0.23784967087706813,0.5496247998576766,0.0010222019641141977,0.0011702436588239915,0.0018858798937127995
ID_3CH8CL,0.36497438178260094,0.5949884362213129,0.5676459704678882,0.0012416399305727232,0.0020563484138974384,0.0021545346900485496
ID_WUYKXR,0.8088455790784558,0.7829235011563779,0.8202086817292297,0.0034910440933391966,0.005116622688461046,0.006756178813650762
ID_7WZVHY,0.36497438178260094,0.7335650240170788,0.710306173278776,0.0014942341577809496,0.00412587776443523,0.004883436671356216
ID_6H5F9H,0.36497438178260094,0.5516666073652375,0.5348882761074542,0.0011798082973707854,0.0016388927154183039,0.0017302466918020533
ID_21QNKL,0.8445328233410425,0.9501741682974559,0.9475109411136808,0.013350461633277428,0.12098810571701835,0.14143669528760436
ID_M4DZO8,0.8118639032200676,0.7991691869774061,0.8209188756449031,0.0036382562533082224,0.005631867831875575,0.006785840552228508
ID_IA6PQX,0.8077802882049457,0.7932213129336417,0.8182556484611279,0.003322400922234114,0.005244300216435037,0.006533469582186084
ID_GRK0QD,0.730546699875467,0.7254865682262942,0.7846989859455612,0.0018167523341731553,0.004024741922523402,0.005537327236002518
ID_VJH0U8,0.36497438178260094,0.5949884362213129,0.563828678171144,0.0012086887096572365,0.002001710694185989,0.002067105877957668
ID_JDWZ6W,0.36497438178260094,0.23784967087706813,0.5911711439245686,0.0010269025608623792,0.0011939123725153182,0.002292101664778839
ID_Z3ULTI,0.8092006760362924,0.7965947340330901,0.8243810709838106,0.0033465251714850748,0.005570097846887252,0.006800639147349421
ID_FZBCVY,0.36497438178260094,0.5733275217932752,0.58353655933108,0.0012612835292963042,0.0017322902029037765,0.002081342255634996
ID_DDEZZ4,0.36497438178260094,0.5402147304750045,0.5089661981853763,0.0011887606171515548,0.0016143685349366975,0.00163027868019845
ID_J1KBN7,0.36497438178260094,0.23784967087706813,0.591348692403487,0.0010269025608623792,0.0011948972082298252,0.0022926213699540816
ID_R4VI36,0.8067149973314357,0.7829235011563779,0.8186107454189645,0.003286784093248576,0.0050967236420978,0.00666841551516785
ID_ROBCVV,0.730546699875467,0.721225404732254,0.7951743462017434,0.0017998556189075872,0.004016380457346149,0.005653315491627016
ID_4OFTW1,0.8603346379647749,0.8306840419854119,0.816213840953567,0.005430917623509914,0.006960280311297364,0.006960280311297364
ID_UED8B7,0.806892545810354,0.7829235011563779,0.818788293897883,0.0033026330041795926,0.005111338451036636,0.00666841551516785
ID_8UL5RI,0.36497438178260094,0.6203778687066359,0.6330725849492973,0.0012923446764541802,0.0023697143090763598,0.0028801005367224486
ID_GG25SM,0.36497438178260094,0.5896619818537627,0.5565491905354919,0.0012247181280833582,0.0018964438400498876,0.001956466809867921
ID_KFOW4P,0.36497438178260094,0.5689775840597759,0.5366637608966377,0.0011896415837246235,0.0017874778810961418,0.001851690221396248
ID_4DZTOE,0.36497438178260094,0.5896619818537627,0.5567267390144103,0.001225089590246594,0.0018988156045924214,0.001959901644502353
ID_URIDBD,0.9684616616260452,0.9663310798790251,0.9615372709482298,0.12414556925526167,0.1384730026767825,0.1513189823410061
ID_MU255K,0.9744983099092688,0.9697045009784735,0.9656208859633517,0.18055966137756843,0.18055966137756843,0.20874985082042846
ID_JHWMUP,0.9926082547589397,0.9920756093221847,0.9942061910692047,0.48538418977931314,0.5831797507823019,0.7225422803823885
ID_2SLFP0,0.36497438178260094,0.23784967087706813,0.221692759295499,0.0005624770751232228,0.0007608330164885742,0.0008007314323995535
ID_BG3G76,0.36497438178260094,0.23784967087706813,0.221692759295499,0.0005778064105084456,0.0007643117311437113,0.0007643117311437113
ID_S4TMZF,0.9006381426792385,0.917505248176481,0.9015258850738302,0.00840896292398882,0.018973486380225627,0.019023142678400138
ID_QRZK05,0.36497438178260094,0.23784967087706813,0.221692759295499,0.000554662426289263,0.0008067979015756085,0.0008067979015756085
ID_EDY9VV,0.36497438178260094,0.23784967087706813,0.221692759295499,0.0005723954952572491,0.0008616829249626321,0.0008616829249626321
ID_TK4FYQ,0.36497438178260094,0.23784967087706813,0.221692759295499,0.00046729476240949826,0.0006869451606790253,0.0006869451606790253
ID_BTKIK1,0.36497438178260094,0.23784967087706813,0.221692759295499,0.0006338998755109765,0.0008050209489367473,0.0008050209489367473
ID_36M18R,0.36497438178260094,0.5219272371464152,0.4956500622665006,0.0006547662332725676,0.001150031084733651,0.0011786406156120085
ID_GEWMZ2,0.36497438178260094,0.23784967087706813,0.221692759295499,0.0005879882541627651,0.0007746593987993517,0.0007746593987993517
ID_WZIGXM,0.36497438178260094,0.23784967087706813,0.221692759295499,0.0005633962209011459,0.0007473524506393123,0.0007473524506393123
ID_4ZN2VI,0.36497438178260094,0.23784967087706813,0.221692759295499,0.00048147614514664237,0.0007000307565876526,0.0007000307565876526
ID_I0TZH8,0.8603346379647749,0.8380523038605231,0.8464858566091443,0.005008022854675171,0.008100283955886543,0.017481789772702726
ID_SAL4IQ,0.36497438178260094,0.7914458281444582,0.7588656822629425,0.0010250276717476687,0.004649633874714786,0.004649633874714786
ID_OL15N5,0.36497438178260094,0.23784967087706813,0.44966500622665007,0.0008309614635472137,0.001260691272376445,0.0013294791076221128
ID_VBHXGV,0.36497438178260094,0.23784967087706813,0.221692759295499,0.0005434512584577057,0.0007384718683902388,0.0007384718683902388
ID_8O2G7K,0.36497438178260094,0.23784967087706813,0.221692759295499,0.0005556524506047717,0.0007774943114068518,0.0007774943114068518
ID_R9168S,0.36497438178260094,0.23784967087706813,0.221692759295499,0.0006399949679985875,0.0008223042800678601,0.0008223042800678601
ID_D2BHF7,0.36497438178260094,0.23784967087706813,0.221692759295499,0.000529169753521157,0.000809479950896487,0.000809479950896487
ID_W4YLRK,0.36497438178260094,0.23784967087706813,0.221692759295499,0.0006560212146518261,0.0008436080441488594,0.0008436080441488594
ID_H8R1M6,0.36497438178260094,0.23784967087706813,0.221692759295499,0.0006226621716407877,0.0008077024421956299,0.0008077024421956299
ID_P66879,0.36497438178260094,0.23784967087706813,0.221692759295499,0.0005155095392378445,0.000729736571790992,0.000729736571790992
ID_H6PN64,0.36497438178260094,0.23784967087706813,0.221692759295499,0.0004952978066488396,0.0007545270063122276,0.0007545270063122276
ID_CE1FVC,0.36497438178260094,0.23784967087706813,0.221692759295499,0.0006662700568546824,0.0008768386002790134,0.0008768386002790134
ID_N8L8HZ,0.36497438178260094,0.23784967087706813,0.221692759295499,0.0006718277283951324,0.0008584103515380766,0.0008584103515380766
ID_DZ9KDZ,0.36497438178260094,0.23784967087706813,0.221692759295499,0.0005914965428492235,0.0008074286829344457,0.0008074286829344457
ID_GWCAWH,0.36497438178260094,0.5652490660024907,0.5535308663938802,0.0006891423112436611,0.0014515486210754868,0.0015375143158944712
ID_BRODNS,0.837519658423768,0.8056497064579256,0.8243810709838106,0.0030839194911084504,0.005187593422129947,0.010314732535496043
ID_2VZDEB,0.36497438178260094,0.23784967087706813,0.221692759295499,0.0005772277870406961,0.0007510925521680661,0.0007510925521680661
ID_51YUZ8,0.9285132538694183,0.9631352072584949,0.9760962462195338,0.013454415380059741,0.08404975233030339,0.23352130993503997
ID_YAINJL,0.7539830990926881,0.6054637964774952,0.6455897527130404,0.001305736886486542,0.001845938748118742,0.002838241234390907
ID_DNQWGC,0.837519658423768,0.805827254936844,0.8262453300124533,0.0030849100801212384,0.00521338863298304,0.010331614336566486
ID_HPQ2YK,0.36497438178260094,0.23784967087706813,0.5240578188934353,0.0007203646605388801,0.0012653840178132646,0.0016081811724670326
ID_OV2TNO,0.36497438178260094,0.23784967087706813,0.221692759295499,0.0005778064105084456,0.0007644249950975045,0.0007644249950975045
ID_NRG7OT,0.36497438178260094,0.23784967087706813,0.221692759295499,0.0005761392607410527,0.0007333050462842007,0.0007333050462842007
ID_1JQ73Y,0.36497438178260094,0.23784967087706813,0.221692759295499,0.0005784718030281952,0.000745405809856472,0.000745405809856472
ID_MQGR7P,0.36497438178260094,0.23784967087706813,0.221692759295499,0.0005377678690481164,0.0007348656740945378,0.0007348656740945378
ID_9M41ZB,0.8991289806084327,0.8938025262408824,0.8839485856609145,0.008073341420966992,0.012222429179077619,0.015068369788699043
ID_KPUZSL,0.36497438178260094,0.23784967087706813,0.221692759295499,0.0005714340810516557,0.0007467480794109136,0.0007467480794109136
ID_F5UXS1,0.36497438178260094,0.23784967087706813,0.221692759295499,0.0005996521516774669,0.0007664073722797025,0.0007664073722797025
ID_VK0JGD,0.36497438178260094,0.23784967087706813,0.221692759295499,0.0006030995573016992,0.0008122608091767673,0.0008122608091767673
ID_RVRZMX,0.36497438178260094,0.23784967087706813,0.221692759295499,0.0005832642278555968,0.0007693111146901461,0.0007693111146901461
ID_WQYMPM,0.8065374488525173,0.79020298879203,0.780881693648817,0.0027055144293521424,0.004828357887919876,0.005638459488714984
ID_5KRD2P,0.36497438178260094,0.23784967087706813,0.221692759295499,0.00048548768072550184,0.0007002662508016653,0.0007002662508016653
ID_IC3T9Y,0.36497438178260094,0.23784967087706813,0.221692759295499,0.0005559229258072608,0.0008458930876870984,0.0008458930876870984
ID_8P36CE,0.36497438178260094,0.23784967087706813,0.221692759295499,0.0004565338922488478,0.0006854901067074342,0.0006854901067074342
ID_4SSZJI,0.36497438178260094,0.23784967087706813,0.221692759295499,0.0006454737426008726,0.0008464361951765933,0.0008464361951765933
ID_4IBH3D,0.36497438178260094,0.23784967087706813,0.221692759295499,0.0005368165726900546,0.0007404740206389949,0.0007404740206389949
ID_U2F392,0.36497438178260094,0.23784967087706813,0.5273424657534247,0.0007585440995333122,0.001127876713506165,0.0014069538537922488
ID_3ZWFOJ,0.36497438178260094,0.23784967087706813,0.221692759295499,0.0005430112471648033,0.000838536375708864,0.000838536375708864
ID_74WU7X,0.36497438178260094,0.23784967087706813,0.221692759295499,0.00045479449864448265,0.0006958393787106801,0.0006958393787106801
ID_8KE31A,0.36497438178260094,0.23784967087706813,0.221692759295499,0.0006554118544966266,0.0008492217926866634,0.0008492217926866634
ID_DP9A1C,0.36497438178260094,0.23784967087706813,0.221692759295499,0.0006370667623174213,0.0008095282848745507,0.0008095282848745507
ID_UV8N77,0.36497438178260094,0.23784967087706813,0.221692759295499,0.0006025055312308669,0.0010108073465969272,0.0010108073465969272
ID_82ZVWD,0.36497438178260094,0.23784967087706813,0.221692759295499,0.0004857009048709921,0.0007218434018326974,0.0007218434018326974
ID_YLZXGO,0.36497438178260094,0.23784967087706813,0.221692759295499,0.0006478501779220579,0.0008337529142988921,0.0008337529142988921
ID_8EYJ8O,0.36497438178260094,0.23784967087706813,0.221692759295499,0.0006380890101765627,0.0008037927127213743,0.0008037927127213743
ID_97CA4Y,0.8950453655933108,0.9061421455257072,0.8940688489592599,0.00808450558920398,0.01550248664121374,0.018754862304754268
ID_Z100EY,0.36497438178260094,0.23784967087706813,0.221692759295499,0.0004887607932892319,0.0007214286714201637,0.0007214286714201637
ID_PEM0MC,0.36497438178260094,0.23784967087706813,0.221692759295499,0.0005099678692474732,0.0008050209489367473,0.0008050209489367473
ID_IJCL0H,0.36497438178260094,0.23784967087706813,0.221692759295499,0.0005428364990276068,0.0008284171792843859,0.0008284171792843859
ID_7ED0FF,0.36497438178260094,0.23784967087706813,0.221692759295499,0.0006809837063175576,0.0008738781908704218,0.0008738781908704218
ID_SXNWJQ,0.36497438178260094,0.23784967087706813,0.221692759295499,0.0004791276515023605,0.0007218473352218743,0.0007218473352218743
ID_I891F5,0.36497438178260094,0.23784967087706813,0.221692759295499,0.0005418595857552336,0.0008191987519169442,0.0008191987519169442
ID_ZJ8ADL,0.36497438178260094,0.5096763921010496,0.49156644725137877,0.0009423585130192755,0.0012374493558387982,0.0013430419212122856
ID_3W1C1M,0.36497438178260094,0.23784967087706813,0.221692759295499,0.0004952978066488396,0.0007546090078367886,0.0007546090078367886
ID_566Q18,0.79233357053905,0.6581069204767835,0.6368011030065825,0.002121752749059785,0.0023339177723871955,0.0024015827742748233
ID_FPANRJ,0.36497438178260094,0.7234447607187333,0.7159877246041629,0.0009098585633430299,0.0028029950243254726,0.0029612263808069966
ID_04Q0YM,0.36497438178260094,0.23784967087706813,0.221692759295499,0.0006306914714410012,0.0008087540629437423,0.0008087540629437423
ID_5KRNZJ,0.36497438178260094,0.5428779576587796,0.6611252446183953,0.0009714984264201634,0.002415243230433974,0.0032597057082837224
ID_HIWMGH,0.36497438178260094,0.23784967087706813,0.221692759295499,0.0005433724806509289,0.0007529141504835898,0.0007529141504835898
ID_KIINWT,0.36497438178260094,0.23784967087706813,0.221692759295499,0.0005836249765946317,0.0007677979407847876,0.0007677979407847876
ID_APINN8,0.79233357053905,0.6581069204767835,0.6368011030065825,0.0021241627121437105,0.0023340558385449703,0.0024029296286758907
ID_JXGHCQ,0.36497438178260094,0.23784967087706813,0.221692759295499,0.0005805180271081594,0.0007547963316627362,0.0007547963316627362
ID_GXIV13,0.36497438178260094,0.23784967087706813,0.221692759295499,0.0006399949679985875,0.0008223042800678601,0.0008223042800678601
ID_VBCV33,0.36497438178260094,0.5073682618751112,0.536930083615015,0.0007650615762615265,0.0012049988134077469,0.0014170235021296845
ID_6G615X,0.36497438178260094,0.23784967087706813,0.221692759295499,0.0004491469153377695,0.0006765970094729046,0.0006765970094729046
ID_GNQBPW,0.7926886674968866,0.6581069204767835,0.6368011030065825,0.0021268993216007827,0.00233672881602716,0.002403350149360577
ID_Z1JH8O,0.36497438178260094,0.23784967087706813,0.221692759295499,0.00047745733231890393,0.0007217605395780152,0.0007217605395780152
ID_MFYS5T,0.8257126845756982,0.7829235011563779,0.7588656822629425,0.0026371402204782165,0.003737258524675449,0.003737258524675449
ID_TTS39J,0.36497438178260094,0.23784967087706813,0.221692759295499,0.0006386419231119283,0.0008050209489367473,0.0008050209489367473
ID_JENU4O,0.36497438178260094,0.23784967087706813,0.221692759295499,0.0004907620227528641,0.0007095006516333076,0.0007095006516333076
ID_90XFU4,0.36497438178260094,0.23784967087706813,0.221692759295499,0.0006185015311669093,0.0007999592690973161,0.0007999592690973161
ID_PHUQGW,0.36497438178260094,0.23784967087706813,0.221692759295499,0.0005756344410128214,0.0007564463451142925,0.0007564463451142925
ID_9J6CK5,0.36497438178260094,0.23784967087706813,0.221692759295499,0.0006752694075729773,0.0008767907546964489,0.0008767907546964489
ID_9J9ZHB,0.36497438178260094,0.23784967087706813,0.221692759295499,0.0005837686151784915,0.0007681751465293685,0.0007681751465293685
ID_WFSRDW,0.36497438178260094,0.23784967087706813,0.221692759295499,0.0005360617686497271,0.0008448984052183325,0.0008448984052183325
ID_9RA6UC,0.36497438178260094,0.23784967087706813,0.221692759295499,0.0005528269882689912,0.0008476682022366528,0.0008476682022366528
ID_8K9BSB,0.36497438178260094,0.23784967087706813,0.221692759295499,0.0006625960921243118,0.0008500450447835476,0.0008500450447835476
ID_X9K3UC,0.36497438178260094,0.23784967087706813,0.221692759295499,0.0006752327939749294,0.0008732285087660296,0.0008732285087660296
ID_F96FDB,0.36497438178260094,0.23784967087706813,0.221692759295499,0.0006768144765576533,0.0008695220750124419,0.0008695220750124419
ID_YN5JF8,0.36497438178260094,0.23784967087706813,0.221692759295499,0.0005249678282418829,0.0008264486566849884,0.0008264486566849884
ID_IY6NOF,0.36497438178260094,0.5478493150684931,0.5676459704678882,0.0008160500080735441,0.0016948201092976678,0.0018773375219178524
ID_FI6W81,0.8950453655933108,0.9155522149083793,0.89619943070628,0.008490287920812717,0.02722907609736624,0.02722907609736624
ID_04CC0L,0.36497438178260094,0.23784967087706813,0.221692759295499,0.0005601370248570706,0.0008394204054342854,0.0008394204054342854
ID_1KWZ54,0.36497438178260094,0.23784967087706813,0.221692759295499,0.0005380549831627307,0.0008219673387226076,0.0008219673387226076
ID_P0EUPF,0.36497438178260094,0.23784967087706813,0.221692759295499,0.0005713850403871323,0.0007473546917411087,0.0007473546917411087
ID_XWLG1U,0.36497438178260094,0.23784967087706813,0.221692759295499,0.0006384901175694585,0.000803934584553833,0.000803934584553833
ID_4LEWIR,0.36497438178260094,0.23784967087706813,0.221692759295499,0.0006371020461442542,0.0008050209489367473,0.0008050209489367473
ID_J85QL1,0.8104435153887208,0.7758215619996441,0.7958845401174168,0.002152709535786443,0.002787862259725418,0.0038568678479285676
ID_12ZAW0,0.36497438178260094,0.23784967087706813,0.221692759295499,0.0006457031995763831,0.0008256961807357236,0.0008256961807357236
ID_TXY2FU,0.36497438178260094,0.23784967087706813,0.221692759295499,0.0005497871773762689,0.0007630417668565922,0.0007630417668565922
ID_HS5K78,0.36497438178260094,0.23784967087706813,0.221692759295499,0.000616746981980755,0.0008088292073947171,0.0008088292073947171
ID_0EPYYW,0.36497438178260094,0.23784967087706813,0.221692759295499,0.0005778064105084456,0.0007456653046866758,0.0007456653046866758
ID_MTJFU7,0.36497438178260094,0.23784967087706813,0.221692759295499,0.000549838025156716,0.0007527426515953594,0.0007527426515953594
ID_0WRPJW,0.36497438178260094,0.23784967087706813,0.221692759295499,0.000638834205864084,0.0008050209489367473,0.0008050209489367473
ID_KOAZT1,0.36497438178260094,0.23784967087706813,0.221692759295499,0.0006185015311669093,0.0007990577296393059,0.0007990577296393059
ID_7ZEBRI,0.36497438178260094,0.23784967087706813,0.221692759295499,0.00047502863495870514,0.0007056271088678152,0.0007056271088678152
ID_41Z3A9,0.36497438178260094,0.23784967087706813,0.221692759295499,0.0006203179618251734,0.0007830861873078516,0.0007830861873078516
ID_J8JXVY,0.36497438178260094,0.23784967087706813,0.221692759295499,0.0004857009048709921,0.0007218434018326974,0.0007218434018326974
ID_QKDUFH,0.36497438178260094,0.5393269880804128,0.5461626045187689,0.0007483914049653793,0.0015959799754596193,0.0017388730573419501
ID_AR98VZ,0.36497438178260094,0.23784967087706813,0.221692759295499,0.0005355458884450293,0.0008253086570058159,0.0008253086570058159
ID_VK9ROW,0.36497438178260094,0.23784967087706813,0.221692759295499,0.000587471537094521,0.00077984982223364,0.00077984982223364
ID_13419M,0.36497438178260094,0.23784967087706813,0.221692759295499,0.0005997149161519667,0.0007752131756410753,0.0007752131756410753
ID_RWPCZ6,0.36497438178260094,0.23784967087706813,0.221692759295499,0.0005713850403871323,0.0007474825146677073,0.0007474825146677073
ID_YP006O,0.7928662159758051,0.6581069204767835,0.6368011030065825,0.002127969157425761,0.0023369731387643373,0.0024045954169198995
ID_X3Q9JX,0.36497438178260094,0.23784967087706813,0.221692759295499,0.0005358565177445923,0.0008295967707668707,0.0008295967707668707
ID_4DS9FD,0.36497438178260094,0.23784967087706813,0.221692759295499,0.00046729476240949826,0.0006869451606790253,0.0006869451606790253
ID_Y9ZFHB,0.36497438178260094,0.6561538872086817,0.649584593488703,0.0007004545915827078,0.0019169194695494967,0.002191824521026407
ID_BDJQVU,0.36497438178260094,0.23784967087706813,0.221692759295499,0.0006082736746739168,0.000779121756860559,0.000779121756860559
ID_YOJDUN,0.36497438178260094,0.23784967087706813,0.221692759295499,0.00046741747439168883,0.0006880576995545167,0.0006880576995545167
ID_0S1SU1,0.7930437644547234,0.658905888631916,0.6368011030065825,0.0021358024082992057,0.0023392913241590298,0.00240663995481632
ID_WVY88C,0.36497438178260094,0.23784967087706813,0.221692759295499,0.00047709718323851253,0.0007059392822851932,0.0007059392822851932
ID_4CWI21,0.36497438178260094,0.23784967087706813,0.221692759295499,0.000513006677194594,0.0007204266584734586,0.0007204266584734586
ID_04SS9G,0.36497438178260094,0.23784967087706813,0.221692759295499,0.0006560858609229545,0.0008446003715758037,0.0008446003715758037
ID_A9QQPQ,0.36497438178260094,0.23784967087706813,0.221692759295499,0.0004566617919531978,0.0006950375283587244,0.0006950375283587244
ID_DZ75HC,0.36497438178260094,0.23784967087706813,0.221692759295499,0.0005552825943407055,0.0008355217098318316,0.0008355217098318316
ID_4M4JIH,0.36497438178260094,0.23784967087706813,0.221692759295499,0.0005560401200789873,0.0008460490663840512,0.0008460490663840512
ID_U0HW2H,0.36497438178260094,0.23784967087706813,0.221692759295499,0.0004845432904571862,0.0007214377242199594,0.0007214377242199594
ID_P3DEYM,0.36497438178260094,0.23784967087706813,0.221692759295499,0.0005071591436680917,0.000726095781143572,0.000726095781143572
ID_L3102W,0.36497438178260094,0.23784967087706813,0.221692759295499,0.000640051626879273,0.0008223042800678601,0.0008223042800678601
ID_HPOX0U,0.36497438178260094,0.23784967087706813,0.221692759295499,0.000640051626879273,0.0008223042800678601,0.0008223042800678601
ID_0KT3LA,0.36497438178260094,0.23784967087706813,0.221692759295499,0.0006187911295253032,0.0007916503408405336,0.0007916503408405336
ID_69NSKI,0.36497438178260094,0.23784967087706813,0.221692759295499,0.0004930887572119568,0.0007084665269294321,0.0007084665269294321
ID_0SDUWB,0.36497438178260094,0.23784967087706813,0.221692759295499,0.0006520488484432453,0.0008214856954358983,0.0008214856954358983
ID_0YHV2D,0.8969096246219534,0.8789772282512008,0.8809302615193025,0.0074730708527772005,0.010292997554858543,0.013550050375216886
ID_75H233,0.36497438178260094,0.23784967087706813,0.221692759295499,0.0005500511579817853,0.0007582682987527764,0.0007582682987527764
ID_FKHQWT,0.36497438178260094,0.23784967087706813,0.221692759295499,0.0005519782527587014,0.0007521582753732412,0.0007521582753732412
ID_U2WUA3,0.7932213129336417,0.658905888631916,0.6368011030065825,0.002141902065165028,0.0023423247739628454,0.002407139363654507
ID_J2UQDN,0.36497438178260094,0.23784967087706813,0.221692759295499,0.0005954209494940414,0.0007770737531212783,0.0007770737531212783
ID_POVU4C,0.36497438178260094,0.23784967087706813,0.221692759295499,0.0005789498232751178,0.0007695734548188671,0.0007695734548188671
ID_UZPUB2,0.8950453655933108,0.8756038071517523,0.8775568404198542,0.0073021997235174435,0.010212414166208371,0.013270809464197815
ID_J2U4P6,0.36497438178260094,0.23784967087706813,0.221692759295499,0.00059693872157868,0.0007685320981027871,0.0007685320981027871
ID_SJLSGJ,0.36497438178260094,0.23784967087706813,0.221692759295499,0.0005560401200789873,0.0008457201199156022,0.0008457201199156022
ID_DGJX4J,0.36497438178260094,0.23784967087706813,0.221692759295499,0.0005784011943343263,0.0007560490365208312,0.0007560490365208312
ID_YO2KWH,0.36497438178260094,0.23784967087706813,0.221692759295499,0.0005790938881790897,0.0007695761282487449,0.0007695761282487449
ID_T02E3F,0.79339886141256,0.6591722113502936,0.6375112969222558,0.0021457109217756015,0.0023439092370194617,0.002407139363654507
ID_MYCWCX,0.36497438178260094,0.7030266856431241,0.6670731186621597,0.0008897380822017948,0.0028351761447369473,0.002902912039673717
ID_NH9AFH,0.36497438178260094,0.23784967087706813,0.221692759295499,0.0006168082766172106,0.0008092854831180786,0.0008092854831180786
ID_77YG7T,0.36497438178260094,0.23784967087706813,0.221692759295499,0.000522141829016749,0.000731412474826415,0.000731412474826415
ID_9Y444Y,0.36497438178260094,0.23784967087706813,0.221692759295499,0.0005435329626966839,0.0007384718683902388,0.0007384718683902388
ID_5L1LZ3,0.36497438178260094,0.23784967087706813,0.221692759295499,0.0006700763781370262,0.0011592792616406812,0.001181459006819749
ID_7DDTU6,0.36497438178260094,0.23784967087706813,0.221692759295499,0.0005785909670258072,0.0007619608977894967,0.0007619608977894967
ID_PJ1GFX,0.36497438178260094,0.23784967087706813,0.221692759295499,0.0005671930410216764,0.0008767907546964489,0.0008767907546964489
ID_TD09UQ,0.36497438178260094,0.23784967087706813,0.221692759295499,0.0006166620511015993,0.0008083413483204483,0.0008083413483204483
ID_PPJ0Q7,0.36497438178260094,0.23784967087706813,0.221692759295499,0.0006110127441509416,0.0007746304442200397,0.0007746304442200397
ID_9T5MZ6,0.36497438178260094,0.23784967087706813,0.221692759295499,0.0008277504537823614,0.00120343021625464,0.0012509667662851396
ID_MMW7H1,0.36497438178260094,0.23784967087706813,0.221692759295499,0.0005060693669453754,0.0007229758872410535,0.0007229758872410535
ID_1W5HMF,0.36497438178260094,0.23784967087706813,0.221692759295499,0.0006660318614524921,0.0008500450447835476,0.0008500450447835476
ID_EKUPY5,0.36497438178260094,0.23784967087706813,0.221692759295499,0.0005627817119858871,0.0007590878005589349,0.0007590878005589349
ID_MR0B44,0.36497438178260094,0.23784967087706813,0.221692759295499,0.0005790938881790897,0.0007695761282487449,0.0007695761282487449
ID_ZV8PXJ,0.36497438178260094,0.23784967087706813,0.221692759295499,0.0005713850403871323,0.0007474825146677073,0.0007474825146677073
ID_97JMW3,0.36497438178260094,0.23784967087706813,0.221692759295499,0.0005707510179308509,0.000774277642894552,0.000774277642894552
ID_X0BMWM,0.36497438178260094,0.23784967087706813,0.221692759295499,0.0004604323940729185,0.0006862414194899537,0.0006862414194899537
ID_UXSMV0,0.36497438178260094,0.23784967087706813,0.221692759295499,0.0005787520317029076,0.0007368961221869786,0.0007368961221869786
ID_9C6FDZ,0.36497438178260094,0.23784967087706813,0.221692759295499,0.000524517753343677,0.0008233198478682057,0.0008233198478682057
ID_KXDGFP,0.36497438178260094,0.5372851805728518,0.5231700764988436,0.0007001586510163173,0.001267933828444302,0.0013639635151490388
ID_EEFOWD,0.36497438178260094,0.23784967087706813,0.221692759295499,0.0005368729270502812,0.0007404740206389949,0.0007404740206389949
ID_BEDWST,0.36497438178260094,0.23784967087706813,0.221692759295499,0.0005436139359468133,0.000743479666387338,0.000743479666387338
ID_OENI65,0.36497438178260094,0.23784967087706813,0.221692759295499,0.0005781446245186183,0.0007740853255372774,0.0007740853255372774
ID_S86C7K,0.36497438178260094,0.23784967087706813,0.221692759295499,0.0005833035208820105,0.0007560193390830798,0.0007560193390830798
ID_QONYCM,0.36497438178260094,0.5877977228251201,0.55246557552037,0.0007050693827245598,0.0017015829124820661,0.0017456738151555812
ID_FWMKII,0.36497438178260094,0.23784967087706813,0.221692759295499,0.0007195570626330171,0.0010768946380759529,0.001080615114400851
ID_HP61FB,0.36497438178260094,0.23784967087706813,0.221692759295499,0.0005155095392378445,0.000729736571790992,0.000729736571790992
ID_JR3K1A,0.9259388009251023,0.9183929905710727,0.9066747909624622,0.018023555952427606,0.018023555952427606,0.018023555952427606
ID_RWCBV3,0.36497438178260094,0.23784967087706813,0.221692759295499,0.0005295640866869589,0.0007694526153343988,0.0007694526153343988
ID_L6LRCQ,0.9526598470023128,0.9466231987190892,0.938278420209927,0.06248009954647934,0.06557411667719544,0.06606974189258026
ID_QL2YV1,0.36497438178260094,0.23784967087706813,0.221692759295499,0.0005295640866869589,0.00076945812755987,0.00076945812755987
ID_CMW05K,0.36497438178260094,0.23784967087706813,0.221692759295499,0.0005342581252666254,0.0007824667266939097,0.0007824667266939097
ID_5COZTI,0.36497438178260094,0.23784967087706813,0.221692759295499,0.0005408907639652147,0.0007683517568761393,0.0007683517568761393
ID_J74M23,0.9109359544565023,0.8904291051414339,0.8787996797722826,0.010493688285907446,0.011684624483398017,0.013200171609785174
ID_VG59CF,0.9547016545098737,0.9459130048034158,0.9358815157445295,0.05432217811740502,0.05432217811740502,0.05432217811740502
ID_7C3ZMG,0.9205235723180929,0.9096043408646148,0.8922045899306172,0.016433897994577267,0.016433897994577267,0.01743938590183103
ID_JH0R8P,0.924784735812133,0.916439957302971,0.9034789183419321,0.017306684729608942,0.017306684729608942,0.017816830337713332
ID_LUPPTN,0.9428946806618039,0.9347274506315603,0.924784735812133,0.04549526532489092,0.04608985417377795,0.04608985417377795
ID_167YYH,0.9009932396370753,0.8739170966020281,0.8638856075431418,0.008921586369115869,0.010305127717299313,0.011678758172405908
ID_5CM4SB,0.36497438178260094,0.23784967087706813,0.221692759295499,0.0005445557707174125,0.0007900550958749012,0.0007900550958749012
ID_2M59FO,0.9478660380715176,0.9372131293364171,0.9283357053904999,0.04593190082728029,0.04668457096068143,0.04668457096068143
ID_G6554I,0.9565659135385163,0.950706813734211,0.9452028108877424,0.07378709434517167,0.07510568464491443,0.0805163853910373
ID_VFGUB6,0.9066747909624622,0.883771037181996,0.8706324497420388,0.010007461472636337,0.011401594081726515,0.013019044365393488
ID_EWOVVA,0.9418293897882939,0.9340172567158869,0.9242520903753781,0.04436869815913516,0.04583013743701127,0.04583013743701127
ID_6O5T2L,0.9182154420921544,0.9011707881159936,0.8805751645614659,0.014977096254100332,0.014977096254100332,0.014977096254100332
ID_LUDHWT,0.9146644725137876,0.8992177548478918,0.87906600249066,0.012395046108245036,0.013783983188446817,0.013783983188446817
ID_B478DU,0.36497438178260094,0.23784967087706813,0.221692759295499,0.0005445836774414127,0.0007900550958749012,0.0007900550958749012
ID_QS0A8J,0.9249622842910514,0.9159960861056752,0.9018809820316669,0.01968990517513743,0.01968990517513743,0.01968990517513743
ID_7S6FXQ,0.952304750044476,0.9430722291407223,0.9318866749688667,0.05130392153265044,0.05130392153265044,0.05130392153265044
ID_DQ7RIZ,0.9516833303682618,0.9462681017612524,0.9355264187866927,0.05640329365715982,0.060317393883751416,0.060317393883751416
ID_O5J9TX,0.36497438178260094,0.23784967087706813,0.221692759295499,0.0006032667993857864,0.0008060068091114166,0.0008060068091114166
ID_77AITY,0.36497438178260094,0.23784967087706813,0.221692759295499,0.0005868602822494975,0.0007897341960848486,0.0007897341960848486
ID_H5F13S,0.985506315602206,0.9879919943070629,0.984441024728696,0.2852295679424261,0.41336746388673484,0.4893258960008534
ID_24PYQA,0.930998932574275,0.9242520903753781,0.9120012453300125,0.025467110207030748,0.025467110207030748,0.025467110207030748
ID_SZCPIU,0.36497438178260094,0.23784967087706813,0.221692759295499,0.0005820029112589791,0.0007981344635902248,0.0007981344635902248
ID_S4H317,0.9594066892012098,0.9535475893969044,0.9425395837039673,0.06634007713379526,0.06780141029454911,0.06780141029454911
ID_TOELN0,0.9057870485678704,0.8803088418430884,0.8704549012631204,0.009464511329078119,0.011186080903268648,0.012550057860657894
ID_IYY83U,0.36497438178260094,0.23784967087706813,0.221692759295499,0.0005703220225539368,0.0007780799023068304,0.0007780799023068304
ID_5Q8NWL,0.907562533357054,0.8876771037181995,0.8747160647571606,0.010129798495571628,0.01154499642101561,0.013089102800241725
ID_XYRK3M,0.9537251378758228,0.9469782956769258,0.9345499021526418,0.05349577769321925,0.05569937487138297,0.05569937487138297
ID_JAVEA5,0.9224766055861946,0.9114685998932575,0.8931811065646682,0.01634067400080204,0.01634067400080204,0.01634067400080204
ID_V4EGZ0,0.9430722291407223,0.9349049991104786,0.924784735812133,0.04554333076913717,0.0461435362183753,0.0461435362183753
ID_WE46Z9,0.923186799501868,0.9150195694716242,0.896732076143035,0.01689458132110602,0.01689458132110602,0.01754568273722182
ID_B7O2ZN,0.36497438178260094,0.23784967087706813,0.221692759295499,0.0005888351367386422,0.0007780463822770782,0.0007780463822770782
ID_4HQTGA,0.9222990571072763,0.9127114392456859,0.8948678171143924,0.015382358802888657,0.015487880494428818,0.015620442948473276
ID_JUWVD9,0.9576312044120263,0.9530149439601495,0.9457354563244974,0.07714825497874352,0.07714825497874352,0.08307926976904041
ID_LI9Y1T,0.9422732609855897,0.9341948051948051,0.9244296388542964,0.04436869815913516,0.04590130762632831,0.04590130762632831
ID_9TYH5Y,0.36497438178260094,0.68846771037182,0.7007185554171855,0.0011572817432557638,0.0031576127104389483,0.003625829150994588
ID_N7QCYG,0.36497438178260094,0.23784967087706813,0.522814979541007,0.0006745690811656767,0.00104910333662574,0.0014649655027892342
ID_9PQIUL,0.36497438178260094,0.7072878491371642,0.6815433196940046,0.00122241652566796,0.003867648487112372,0.0038776588627229725
ID_YUJ38B,0.912800213485145,0.8647733499377335,0.9050768546521971,0.023154287135899697,0.023154287135899697,0.0474969549408864
ID_5VLR2G,0.36497438178260094,0.68846771037182,0.7007185554171855,0.0011576424105090434,0.003165426958525497,0.003625829150994588
ID_WR6L6P,0.36497438178260094,0.68846771037182,0.7007185554171855,0.0011579770104288927,0.0031686043312562904,0.0036295358002682103
ID_C4ISDT,0.8447103718199608,0.8640631560220601,0.838584949297278,0.00840896292398882,0.011805739841870645,0.01252982495910114
ID_A3JPS0,0.36497438178260094,0.68846771037182,0.7017838462906957,0.0011581580359622005,0.003172260584404249,0.0036306362456987084
ID_265JD2,0.36497438178260094,0.7174081124355097,0.7268181818181818,0.0012158455556754919,0.004036916967212035,0.0045075855379715585
ID_PAQVAY,0.36497438178260094,0.7057786870663583,0.7040032022771749,0.0011822784442223646,0.003236116240615478,0.0035730358097460974
ID_9BMVWJ,0.8399165628891656,0.8582040562177549,0.838584949297278,0.00840896292398882,0.012052784450623955,0.01317433198874008
ID_NJ6LSY,0.36497438178260094,0.48144618395303324,0.5647164205657356,0.0006718277283951324,0.0010728890099437742,0.001676759496962658
ID_G9RESG,0.36497438178260094,0.4805584415584416,0.47842785981142144,0.0007096982774084388,0.0010923138415059419,0.0011071592060404435
ID_07SK9V,0.8950453655933108,0.9096043408646148,0.8737395481231097,0.01606267553224696,0.04435853447910494,0.04435853447910494
ID_T4U0PU,0.36497438178260094,0.6893554527664116,0.7022277174879914,0.0011582507743818284,0.0031766651923892746,0.0036306362456987084
ID_E0JXXI,0.9018809820316669,0.8525225048923678,0.8727630314890589,0.01582702170877611,0.01582702170877611,0.01899856591824191
ID_WMGN2O,0.36497438178260094,0.68953300124533,0.7022277174879914,0.0011591121938589668,0.0031820380018526793,0.0036306362456987084
ID_3TDLCS,0.8827945205479452,0.8914056217754848,0.8825281978295676,0.01353964440228804,0.031605947439042985,0.034427546301145334
ID_JLWJBX,0.939254936843978,0.9384559686888454,0.9418293897882939,0.09388158479682318,0.11513804820518879,0.15979331246537204
ID_WGTUF3,0.36497438178260094,0.6938829389788294,0.7067552037004091,0.0011946791553254818,0.003403169059136206,0.0037499163113455516
ID_4VPY9Q,0.8930035580857499,0.8881209749154955,0.9071186621597581,0.015382358802888657,0.02934881992283625,0.046557524784689316
ID_CVIVFP,0.8603346379647749,0.8795098736879559,0.8798649706457925,0.010331030291059314,0.02644058442836467,0.031727083223465284
ID_P5FGPW,0.8830608432663227,0.891583170254403,0.8827057463084861,0.013588425636199688,0.03183921402172247,0.034427546301145334
ID_OQ1KFW,0.36497438178260094,0.6779923501156377,0.6605925991816403,0.0012086887096572365,0.0030938023973734836,0.00326987936263092
ID_48633C,0.8832383917452411,0.8917607187333215,0.8828832947874043,0.013744266643053182,0.03195544472501468,0.03462153730268444
ID_2KMHBK,0.36497438178260094,0.6783474470734745,0.6463887208681729,0.0011315533759109412,0.002924732701192261,0.002972608918549904
ID_QDKS15,0.36497438178260094,0.23784967087706813,0.5091437466642946,0.0006745690811656767,0.0010509491863333117,0.0014290992414816204
ID_BCUUEB,0.36497438178260094,0.4851747020103184,0.5577032556484611,0.0006668941088627728,0.0010781461864954286,0.0016749725292794333
ID_WRXH21,0.8950453655933108,0.8530551503291229,0.8697447073474471,0.016860881948493514,0.016860881948493514,0.022579042205820153
ID_PM8ZP3,0.36497438178260094,0.7162540473225405,0.7158101761252446,0.0011627805221743907,0.0037652251620127826,0.0041260339829979325
ID_IIT0BK,0.36497438178260094,0.4894358655043587,0.5407473759117595,0.0006814882968839927,0.001093735046513249,0.0014681292878074373
ID_IYB7UH,0.8603346379647749,0.8873220067603629,0.8756038071517523,0.008948392426015951,0.018921615397758152,0.023392611928722003
ID_ZKHQZV,0.36497438178260094,0.4817125066714108,0.5648939690446539,0.0006718277283951324,0.0010731039929812655,0.001676759496962658
ID_U76OOW,0.8834159402241594,0.8919382672122399,0.8831496175057818,0.013772746091643612,0.03215313256118059,0.03486588347675617
ID_JPUGLB,0.36497438178260094,0.7055123643479807,0.7040032022771749,0.0011810986237938482,0.0032272060104290134,0.0035591127598996373
ID_4JFJ04,0.9135104074008183,0.8651284468955702,0.9052544031311155,0.023222731079464418,0.023222731079464418,0.04758756425261701
ID_93FI84,0.36497438178260094,0.6672506671410782,0.6504723358832948,0.0011331276294703414,0.002917174274441583,0.0030529891571521857
ID_GB5XCD,0.9135104074008183,0.8651284468955702,0.9054319516100338,0.02335520277644754,0.02335520277644754,0.048040301565116475
ID_XAXYZK,0.8950453655933108,0.8532326988080413,0.8699222558263654,0.016863805462208767,0.016863805462208767,0.02262881401724456
ID_FPN3DK,0.36497438178260094,0.48197882938978825,0.5776774595267746,0.0006670895241034295,0.0010752185156288063,0.001723100712041772
ID_H4MCRV,0.36497438178260094,0.7234447607187333,0.7250426970289984,0.001215892614054901,0.004081562750403061,0.004482079244751536
ID_I94FEK,0.36497438178260094,0.23784967087706813,0.509321295143213,0.0006746564428387423,0.001051025799574055,0.0014301079809539044
ID_UA86Y8,0.840094111368084,0.8583816046966732,0.838584949297278,0.00840896292398882,0.012073579801640333,0.01318585631588807
ID_QMO2S4,0.8725854830101406,0.8904291051414339,0.8818180039138943,0.010639250073375893,0.02479048891657467,0.030470248575503584
ID_ICLT74,0.8752487101939157,0.8763140010674257,0.8741834193204057,0.013295359170780981,0.024070864656346367,0.02576297843846619
ID_JRGWMB,0.36497438178260094,0.6753291229318626,0.6534906600249065,0.0011627805221743907,0.002994275068648977,0.0031525072395209804
ID_C1LESE,0.36497438178260094,0.4822451521081658,0.5778550080056929,0.0006672129345421868,0.0010755386686341684,0.001723183123513819
ID_LZLMVM,0.36497438178260094,0.48535225048923675,0.5577032556484611,0.0006678151108528472,0.0010783721824890648,0.0016758950954259399
ID_EISUUM,0.36497438178260094,0.6742638320583526,0.6542008539405799,0.001133523707781714,0.0029596605098030073,0.003100348824124597
ID_0EMHPX,0.8450654687777975,0.8607785091620708,0.838584949297278,0.00881660330269248,0.012740393062875773,0.013215278303406148
ID_JAF898,0.8835934887030777,0.8922045899306172,0.8831496175057818,0.013957799709273805,0.03231639024182977,0.03517238703297896
ID_W8YZKT,0.36497438178260094,0.6897105497242483,0.7022277174879914,0.0011592575487167824,0.0031835520380344845,0.0036306362456987084
ID_COJM55,0.36497438178260094,0.23784967087706813,0.5094988436221313,0.000675075832603969,0.001051054900252654,0.0014303213715502043
ID_YDNMXU,0.36497438178260094,0.6904207436399218,0.7007185554171855,0.0010991209526999206,0.0030711893706585557,0.0035050278364759653
ID_ZTWXQZ,0.9471558441558441,0.9547904287493328,0.9702371464152286,0.10578758759841139,0.17659809074825444,0.3561880206393191
ID_B0H92W,0.36497438178260094,0.6898880982031667,0.7022277174879914,0.0011593437040171145,0.0031845182552932643,0.0036306362456987084
ID_QY1QFN,0.8839485856609145,0.8922045899306172,0.8834159402241594,0.014000232464372802,0.03238899678099557,0.03526604319010548
ID_6JXJ14,0.9135104074008183,0.8651284468955702,0.9056095000889521,0.023371467608250398,0.023371467608250398,0.04812272684034575
ID_3GS106,0.36497438178260094,0.7295701832414161,0.7802602739726028,0.0011131414897731864,0.003465825970944397,0.004330269726403566
ID_0EH8TX,0.8839485856609145,0.8667263832058352,0.882173100871731,0.0070583362830928574,0.010078452605818963,0.015357208089862948
ID_M3RB3O,0.36497438178260094,0.23784967087706813,0.221692759295499,0.0005396681023902423,0.001067970019861396,0.001067970019861396
ID_RFLMG3,0.36497438178260094,0.23784967087706813,0.221692759295499,0.0004960549488316431,0.0010506132261267308,0.0010506132261267308
ID_32QUF2,0.36497438178260094,0.5201517523572318,0.4917439957302971,0.0005834205457331727,0.001291110046846499,0.0013526771654606042
ID_E6FA1Y,0.7622391033623911,0.8503919231453478,0.8419583703967266,0.0015655214353473069,0.006875321887244959,0.007113245383999802
ID_56Z4H2,0.36497438178260094,0.6554436932930083,0.641772460416296,0.0007093359409374907,0.0017561914360936489,0.0018319707983727757
ID_6TP6C8,0.36497438178260094,0.6843840953566981,0.7480352250489237,0.0009650277717816529,0.0028905482972498312,0.0035322091674809698
ID_LA2NIK,0.8093782245152108,0.8358329478740438,0.8292636541540651,0.0018673431634813032,0.005068142419453817,0.006148005210128934
ID_B2EQV1,0.36497438178260094,0.727883472691692,0.7588656822629425,0.0010808430850027292,0.0033266099881016915,0.00386860818059525
ID_A50E5P,0.36497438178260094,0.23784967087706813,0.221692759295499,0.0005286538235680942,0.001033646927972036,0.0010347949322067266
ID_X96S3I,0.36497438178260094,0.23784967087706813,0.221692759295499,0.0005146320496063675,0.0010289142854757233,0.0010310797664516472
ID_Z5H3GL,0.984441024728696,0.9909215442092154,0.992785803237858,0.2704399949798331,0.48186370991028554,0.6435373727195149
ID_ADPV8R,0.36497438178260094,0.5366637608966377,0.5052376801280911,0.0005447095914994387,0.0013304827550672089,0.0013870915699339445
ID_OWFAPX,0.8741834193204057,0.8458644369329301,0.8300626223091977,0.006334992604541373,0.006975403554765994,0.00701857435060105
ID_KSMO5R,0.36497438178260094,0.23784967087706813,0.221692759295499,0.0005397431837993481,0.0010679971337242955,0.0010679971337242955
ID_LCR0WS,0.36497438178260094,0.23784967087706813,0.221692759295499,0.0005404522379453446,0.001071641156376363,0.001071641156376363
ID_WAQDGO,0.36497438178260094,0.7572677459526775,0.7850540829033981,0.001186592380206109,0.0038924541240162955,0.004804978777809933
ID_KI0ZBU,0.36497438178260094,0.23784967087706813,0.221692759295499,0.000499751912028017,0.0010696657955232816,0.0010696657955232816
ID_0OJ74K,0.36497438178260094,0.23784967087706813,0.221692759295499,0.0005379453063317644,0.0010382148529270892,0.0010383438406237882
ID_WY97QW,0.36497438178260094,0.23784967087706813,0.221692759295499,0.0005429489967973296,0.0010731447935956222,0.0010731447935956222
ID_VVIE2W,0.36497438178260094,0.4817125066714108,0.46164952855363817,0.0005123879375461133,0.0011040458610518168,0.0011040458610518168
ID_ZL5Q59,0.899839174524106,0.8896301369863013,0.9088053727094824,0.008681321627459365,0.012833572804029475,0.02424828344267735
ID_NRFDMQ,0.9793808930795231,0.9901225760540829,0.9901225760540829,0.23950541002568554,0.4675854787955333,0.5933439381537627
ID_D5IC1O,0.36497438178260094,0.23784967087706813,0.221692759295499,0.0005397431837993481,0.001068068739909151,0.001068068739909151
ID_S7GFPP,0.36497438178260094,0.23784967087706813,0.221692759295499,0.0005511074038415392,0.001015124927926777,0.001015124927926777
ID_1I4R9P,0.36497438178260094,0.7417322540473225,0.7588656822629425,0.0011514897165467919,0.003540780379883318,0.004064031147537789
ID_SQ5JRG,0.7997906066536203,0.832370752535136,0.8243810709838106,0.002008373536291667,0.005364179395714853,0.006742234264504548
ID_AT9XW0,0.36497438178260094,0.5283189823874755,0.496892901618929,0.0005677354391257832,0.001242554688821537,0.001297426109787812
ID_4E0IW9,0.36497438178260094,0.5092325209037538,0.48277779754492084,0.0005459735088284191,0.0011576185380404627,0.0011797813074015129
ID_ME2CF8,0.36497438178260094,0.7254865682262942,0.7588656822629425,0.001164023209748394,0.00324075181256053,0.003952519598042066
ID_QYEVPZ,0.8917607187333215,0.870277352784202,0.9071186621597581,0.00827304633984515,0.011206242255768906,0.02316030556596495
ID_2FD8VB,0.36497438178260094,0.5254782067247821,0.49431844867461305,0.0005784718030281952,0.0012528372944082757,0.001314184789524064
ID_ZBDVJD,0.36497438178260094,0.23784967087706813,0.221692759295499,0.00051563396082746,0.0010143536116462017,0.0010143536116462017
ID_ZQQ4MM,0.36497438178260094,0.5331127913182708,0.5018642590286426,0.0005832914010298608,0.001337303560925579,0.0013868767793564015
ID_DOM0PD,0.36497438178260094,0.4855297989681551,0.46644333748443334,0.0005404738076551705,0.001135340844048947,0.001142382841976634
ID_ELPHXG,0.36497438178260094,0.8428461127913183,0.8431124355096957,0.0011946791553254818,0.006131398683354334,0.007184427875535344
ID_ZJIQCI,0.36497438178260094,0.5442983454901263,0.5125171677637431,0.0005740925788385175,0.0013387282878482094,0.001399884988137686
ID_R0MPE2,0.36497438178260094,0.7697849137164205,0.7898478918341931,0.0011946791553254818,0.004208289764529695,0.005098360058833784
ID_DZ8R48,0.36497438178260094,0.7174081124355097,0.7422648994840776,0.0011225089343904157,0.0031102355548183005,0.0036458372743887555
ID_Y0SXCJ,0.36497438178260094,0.536841309375556,0.5055040028464686,0.0005448669075893106,0.0013326744108798057,0.0013903026476496613
ID_N1WC7L,0.36497438178260094,0.23784967087706813,0.221692759295499,0.0005404738076551705,0.0010719657801672852,0.0010719657801672852
ID_BWSAN8,0.7597534246575343,0.8458644369329301,0.8455981142145526,0.0014966639472266362,0.006427545134316896,0.007180791782245306
ID_NS1BTM,0.36497438178260094,0.23784967087706813,0.221692759295499,0.0005397431837993481,0.0010681440591446848,0.0010681440591446848
ID_FN8JFA,0.36497438178260094,0.7413771570894858,0.7781296922255826,0.0011297212491257745,0.003513006679527705,0.004450040608465911
ID_FQA9MM,0.36497438178260094,0.23784967087706813,0.221692759295499,0.0005227045169496444,0.001040351078251461,0.001040351078251461
ID_96NLJM,0.36497438178260094,0.5057703255648461,0.4807359900373599,0.0005195420719109669,0.0011537512703924974,0.0011713524956917627
ID_PVEL7W,0.36497438178260094,0.23784967087706813,0.221692759295499,0.0005235834003766371,0.001025450296119063,0.001025494584846554
ID_XFXZM5,0.36497438178260094,0.512961038961039,0.4855297989681551,0.0005669540147317119,0.0011873876132936227,0.0012332752066581657
ID_UY3XZG,0.36497438178260094,0.7083531400106743,0.7486566447251379,0.0011405322423846463,0.003108728146920147,0.0038542346372971593
ID_PN97QK,0.36497438178260094,0.511451876890233,0.48695018679950186,0.0004959040887986359,0.0012114155066588756,0.0012716774584092126
ID_00DG4G,0.36497438178260094,0.23784967087706813,0.221692759295499,0.0005200656170703449,0.0010769055489633717,0.0010841686537465358
ID_QHQFQ7,0.36497438178260094,0.23784967087706813,0.221692759295499,0.0005404111523570383,0.001010225511858369,0.001010225511858369
ID_ATS0PR,0.36497438178260094,0.23784967087706813,0.221692759295499,0.0005200656170703449,0.0010769055489633717,0.0010846719353098371
ID_DSUPIN,0.36497438178260094,0.23784967087706813,0.221692759295499,0.0005851996100548444,0.0011282389347597858,0.0011300268923848567
ID_HWSETN,0.36497438178260094,0.5063029710016012,0.4816237324319516,0.0005854433077546451,0.0012157012163442494,0.0012678753248710605
ID_9YPBUW,0.36497438178260094,0.23784967087706813,0.221692759295499,0.0005172557815490025,0.0010106508980916504,0.0010106508980916504
ID_4W9NRO,0.36497438178260094,0.5118069738480698,0.4843757338551859,0.0005600194219624687,0.0012244816264213858,0.0012753179216102512
ID_53B01Q,0.36497438178260094,0.23784967087706813,0.221692759295499,0.0005198288876183758,0.0010451507826750557,0.0010451507826750557
ID_SM5ONB,0.36497438178260094,0.23784967087706813,0.221692759295499,0.0005146320496063675,0.001028948697434426,0.0010310797664516472
ID_YEU9F6,0.36497438178260094,0.5331127913182708,0.503639743817826,0.0005610591842870269,0.0013585107906421447,0.0014161879668230326
ID_FMI1VW,0.8095557729941291,0.8360104963529621,0.8300626223091977,0.0018690474637803522,0.005087018848648343,0.006157815114639096
ID_SWJYU2,0.36497438178260094,0.6948594556128802,0.7411996086105676,0.0010589820957609163,0.0029892959083841187,0.0035821313021150857
ID_DJFGM4,0.36497438178260094,0.23784967087706813,0.221692759295499,0.0005200656170703449,0.0010778242969742625,0.0010847414820606904
ID_Q0LYKC,0.36497438178260094,0.5256557552037003,0.49405212595623554,0.000650263889997801,0.0012476980847963251,0.0013014788643777421
ID_UIL74V,0.9746758583881872,0.9850624444049102,0.9895899306173279,0.13442419154056753,0.2736637818279382,0.519475509668866
ID_M0F7GN,0.36497438178260094,0.23784967087706813,0.221692759295499,0.0004960549488316431,0.001050707714003663,0.001050707714003663
ID_CKRXHI,0.36497438178260094,0.23784967087706813,0.221692759295499,0.000558129388182525,0.0010444057935291556,0.0010444057935291556
ID_9LU58J,0.36497438178260094,0.727883472691692,0.7588656822629425,0.0010814195325597846,0.0033314711381842023,0.0038686316714839387
ID_84BF6M,0.36497438178260094,0.7174081124355097,0.7588656822629425,0.001151712078604787,0.0033618751398371066,0.003973472671113539
ID_HY29Y2,0.36497438178260094,0.48286657178438,0.4628035936666074,0.0005483078212225983,0.0011062310889824755,0.0011062310889824755
ID_VZNNHT,0.36497438178260094,0.5157130403842733,0.4878379291940936,0.0006789306938484168,0.0011782456072062862,0.0012128691072209308
ID_3EDRRO,0.36497438178260094,0.5051489058886319,0.4807359900373599,0.0005590149677227111,0.0011999004713573794,0.0012477225071696777
ID_NPCZIL,0.36497438178260094,0.5060366482832237,0.4812686354741149,0.0005842685772013088,0.0012077616589589472,0.001263343175103195
ID_23EVXZ,0.36497438178260094,0.5116294253691513,0.4871277352784202,0.0004959040887986359,0.0012121430847248603,0.0012720838355333287
ID_IX6FLE,0.36497438178260094,0.23784967087706813,0.221692759295499,0.0005146320496063675,0.0010289728462250206,0.0010310797664516472
ID_NB021D,0.36497438178260094,0.5304495641344956,0.4999112257605408,0.0005691624787367798,0.0013404589326648565,0.001393486723339908
ID_5FJ5OA,0.36497438178260094,0.23784967087706813,0.221692759295499,0.0005454774036628309,0.0010794910364828492,0.0010884349562542267
ID_GX7MD3,0.36497438178260094,0.727883472691692,0.7588656822629425,0.0010816202590582897,0.0033314711381842023,0.0038698199412698676
ID_FZ85DE,0.36497438178260094,0.5296505959793631,0.49804696673189824,0.0005690185876073168,0.0012555347058957696,0.0013142758729804303
ID_PUMD7D,0.36497438178260094,0.7522963885429639,0.772093043942359,0.0011434741034386548,0.0036505912094681767,0.004224023193006585
ID_BGDOB3,0.36497438178260094,0.23784967087706813,0.221692759295499,0.0005508370111262804,0.0010452411002226472,0.0010452411002226472
ID_OU67AN,0.36497438178260094,0.23784967087706813,0.221692759295499,0.0004989490517907946,0.001012707006532523,0.001012707006532523
ID_PHQYL9,0.9609158512720156,0.9791145703611457,0.9859501867995019,0.1309159420589323,0.3097959121859837,0.5062165271029828
ID_HPZYN9,0.7317895392278955,0.6527804661092332,0.6380439423590109,0.0007881610182734344,0.0016921198436104018,0.0017669118659727786
ID_4GDBBB,0.36497438178260094,0.23784967087706813,0.221692759295499,0.0005413054543238747,0.0010364284208973819,0.0010378285019659744
ID_84K1H5,0.36497438178260094,0.23784967087706813,0.221692759295499,0.0005062946238512636,0.0010198017190503708,0.001020248669510681
ID_MRXFS5,0.36497438178260094,0.7404894146948942,0.7588656822629425,0.0011085247764715765,0.003435415749433234,0.0038392572156446475
ID_E2DO2Y,0.36497438178260094,0.23784967087706813,0.221692759295499,0.0004907513831885136,0.001010225511858369,0.001010225511858369
ID_VSR4RJ,0.36497438178260094,0.512961038961039,0.4851747020103184,0.0005636754152680031,0.0012334859969019448,0.0012863222972996518
ID_JSA4H2,0.36497438178260094,0.6845616438356164,0.7483015477673012,0.0009650277717816529,0.002898381132345763,0.00353509188740228
ID_YOFNV6,0.8097333214730476,0.836454367550258,0.8300626223091977,0.001875254204054028,0.005088566243332772,0.006160305703015057
ID_JBIQNN,0.36497438178260094,0.23784967087706813,0.221692759295499,0.0004937000212147821,0.0010437176021986236,0.0010437176021986236
ID_7R5UUT,0.36497438178260094,0.5296505959793631,0.49849083792919413,0.0005549650235502822,0.00126601827377943,0.001331119665478274
ID_9EL678,0.36497438178260094,0.23784967087706813,0.221692759295499,0.0005221179805282362,0.001036068447279375,0.001036530870697092
ID_GJJRW7,0.8603346379647749,0.828642234477851,0.8151485500800569,0.0043483175373981485,0.005305929922429296,0.005752597605893366
ID_JLHKHD,0.36497438178260094,0.23784967087706813,0.221692759295499,0.000523126467726156,0.0010244225975848842,0.001025450296119063
ID_C42QFG,0.36497438178260094,0.5104753602561821,0.48357676570005337,0.0005611824451858125,0.0012256478433092086,0.0012754268423193385
ID_RV5C5N,0.36497438178260094,0.7556698096424124,0.7814143390855719,0.0011395205779038298,0.0037332720875952845,0.004347511488574885
ID_Q80MZT,0.36497438178260094,0.23784967087706813,0.221692759295499,0.0004871825504455721,0.0009520214662781672,0.0009520214662781672
ID_NFFUEW,0.36497438178260094,0.23784967087706813,0.221692759295499,0.0005548385766757344,0.0010380979012055665,0.0010383438406237882
ID_9EHPRT,0.36497438178260094,0.7030266856431241,0.7701400106742572,0.0011646586857981128,0.0031881588853937075,0.004099777220880377
ID_CJ57AV,0.36497438178260094,0.6283675502579612,0.6188687066358299,0.0007881610182734344,0.0017262442554788246,0.0018164300242356553
ID_CSCQO1,0.8099108699519659,0.836454367550258,0.8300626223091977,0.001877485146676743,0.0050937660297225235,0.006191980238118723
ID_AQEEKF,0.36497438178260094,0.23784967087706813,0.221692759295499,0.0005687060134620557,0.0011274514688985984,0.0011274514688985984
ID_ZNHRMQ,0.36497438178260094,0.727883472691692,0.7588656822629425,0.0010824730478897406,0.0033314711381842023,0.0038698199412698676
ID_1FXKVY,0.36497438178260094,0.23784967087706813,0.221692759295499,0.0005200656170703449,0.001078034818678332,0.0010847752609996503
ID_T764ZJ,0.36497438178260094,0.5284965308663938,0.49707045009784734,0.0005679107702680578,0.001242554688821537,0.0012977382179724935
ID_HVY7YF,0.36497438178260094,0.23784967087706813,0.221692759295499,0.0005404738076551705,0.001072054709785376,0.001072054709785376
ID_G2O1VD,0.36497438178260094,0.7078204945739192,0.7509647749510763,0.0011425688919549913,0.003108213436819363,0.0038663465312160947
ID_13W4SF,0.36497438178260094,0.51606813734211,0.48925831702544026,0.0006996263550413599,0.001214603906273743,0.001265363439536249
ID_GVDCKX,0.36497438178260094,0.7610850382494218,0.7838112435509696,0.0011406465284200611,0.0038494189954564975,0.004539118978317282
ID_R387QV,0.8839485856609145,0.8669039316847535,0.8823506493506493,0.007099444140789281,0.010079806775321033,0.015357208089862948
ID_4GSCPU,0.36497438178260094,0.7829235011563779,0.7900254403131115,0.0011556427684527716,0.004201526149920478,0.004726720335874815
ID_3O3YPS,0.36497438178260094,0.4782503113325031,0.4592526240882405,0.0004987805169958242,0.0010755834101241484,0.0010755834101241484
ID_3U5QW2,0.36497438178260094,0.5197966553993951,0.4920990926881338,0.0006032667993857864,0.0012798904878590423,0.0013454907232513492
ID_11E3S7,0.36497438178260094,0.7030266856431241,0.7588656822629425,0.000965301724219436,0.0029471934707386307,0.003625829150994588
ID_V1QRWL,0.36497438178260094,0.522814979541007,0.49245418964597043,0.0005658764318636323,0.001261472627390232,0.001327129209515302
ID_B7Q4VT,0.36497438178260094,0.727883472691692,0.7588656822629425,0.0010826982300164549,0.003335983833460548,0.0038698199412698676
ID_W7FAS9,0.36497438178260094,0.23784967087706813,0.221692759295499,0.0005430112471648033,0.0010734713159302634,0.0010734713159302634
ID_FM47N0,0.36497438178260094,0.5189089130048035,0.4905011563778687,0.0006032667993857864,0.0012129089804626156,0.0012598861874341745
ID_96L2OE,0.36497438178260094,0.7157214018857855,0.7588656822629425,0.0011300655274470535,0.00321595218432821,0.0038880686972677415
ID_Q18J6B,0.36497438178260094,0.23784967087706813,0.221692759295499,0.0004907513831885136,0.001010225511858369,0.001010225511858369
ID_J2ZRX7,0.36497438178260094,0.7701400106742572,0.7886050524817648,0.0011764445704186101,0.004111719478177865,0.004915854527156052
ID_9F8TC3,0.36497438178260094,0.5302720156555774,0.4995561288027041,0.0005784966144650318,0.0012641233465185066,0.0013291492396895056
ID_V6NJBP,0.9265602206013165,0.9260275751645615,0.9405865504358655,0.01721300206340528,0.019379248332370414,0.051355410761280154
ID_3FWH6E,0.36497438178260094,0.7999681551325387,0.8278432663227183,0.0010299128708112335,0.004599238758964122,0.005721219979426969
ID_5B2N7E,0.36497438178260094,0.676039316847536,0.7393353495819249,0.0010269025608623792,0.0029411378698375877,0.003871424588265721
ID_BRL39M,0.7498994840775663,0.82660042697029,0.8300626223091977,0.0011927670919252723,0.005216112160463477,0.006112318904475786
ID_NQZ2IX,0.36497438178260094,0.6832300302437289,0.7588656822629425,0.0010173876214780513,0.0030116982911841165,0.003921850662763183
ID_8XUQIK,0.36497438178260094,0.6834963529621064,0.7588656822629425,0.0010177332519812068,0.003014029332887323,0.003922273852363236
ID_Y0ZP9O,0.7508760007116172,0.832370752535136,0.8319268813378403,0.0011979786931363599,0.005578807847948149,0.006660796287464763
ID_Y8YPKV,0.36497438178260094,0.68846771037182,0.7312568937911403,0.000965301724219436,0.0029388185063777945,0.0035498495218715155
ID_OTZY1M,0.36497438178260094,0.8143495819249243,0.8288197829567693,0.000978370530408749,0.0050937660297225235,0.005838876637548796
ID_8659PM,0.36497438178260094,0.6836739014410248,0.7588656822629425,0.0010192919365213423,0.0030144125638359126,0.003927689738646549
ID_9B318X,0.7622391033623911,0.8527888276107454,0.8496817292296744,0.0015471425240347737,0.007601483277960223,0.008244045001343027
ID_UYJIY1,0.36497438178260094,0.68846771037182,0.7314344422700587,0.000965301724219436,0.0029394690693314036,0.003551243109764825
ID_FX76KI,0.36497438178260094,0.8578489592599182,0.9396988080412737,0.0014742657433883843,0.011362567000438426,0.08735745455786985
ID_3VPHDX,0.36497438178260094,0.68846771037182,0.7316119907489771,0.0009670427575417087,0.0029400577277577515,0.003555722973789328
ID_8MS13L,0.36497438178260094,0.6975226827966554,0.7902917630314891,0.0009229855280821012,0.0029296477622148026,0.0047560218719728655
ID_1Q5P6G,0.7511423234299948,0.8331697206902687,0.8319268813378403,0.0011983067047390118,0.005584938390928585,0.006662463301856768
ID_9UO8QX,0.36497438178260094,0.6838514499199431,0.7588656822629425,0.0010193470357304937,0.0030165508380792434,0.003928652056073827
ID_VKJX7X,0.36497438178260094,0.7030266856431241,0.7588656822629425,0.001073259012593949,0.0032029403858749306,0.003921226534713137
ID_OAYA7A,0.36497438178260094,0.5789202988792029,0.5676459704678882,0.0006092342801260106,0.0014647275879619323,0.001559055254544395
ID_GAMP7V,0.36497438178260094,0.6644098914783846,0.643814267923857,0.0007160423799505378,0.002017828206608244,0.002134630470022981
ID_4NRMAU,0.36497438178260094,0.6529580145881516,0.6322736167941648,0.0007170680910925422,0.001959273500892689,0.002043192081346106
ID_AKBWMP,0.36497438178260094,0.7069327521793276,0.6828749332858922,0.0008017077469765497,0.0024208621293670607,0.0025076926776494922
ID_FWYKU6,0.36497438178260094,0.5790978473581213,0.5676459704678882,0.0006092342801260106,0.0014653497108906629,0.0015592062219849383
ID_7M6M1B,0.36497438178260094,0.6624568582102829,0.7140346913360612,0.0011463193764928447,0.002608272375937471,0.002978879016884529
ID_3H1L7F,0.36497438178260094,0.668227183775129,0.7083531400106743,0.0011248118873326848,0.0025472956741074016,0.002915899363342506
ID_N8FIH8,0.36497438178260094,0.23784967087706813,0.221692759295499,0.0005455116372033611,0.000993277261460331,0.000993277261460331
ID_GBJJLZ,0.36497438178260094,0.6378663938800925,0.6176258672834015,0.0007172953274555062,0.0019209616114618704,0.0019875398365573377
ID_T86IHF,0.36497438178260094,0.5792753958370396,0.5676459704678882,0.0006098089061208448,0.0014654461564333379,0.0015592062219849383
ID_JF3WUN,0.36497438178260094,0.6992093933463797,0.7301916029176303,0.0011395205779038298,0.0028338053188491363,0.0031789937843786464
ID_49KF1T,0.36497438178260094,0.6543784024194983,0.6941492616972069,0.0011947886016655666,0.002430672819649562,0.0028198096191550523
ID_S79H7Y,0.36497438178260094,0.7071103006582459,0.6828749332858922,0.0008026092204283779,0.0024249075373312745,0.0025103434036342267
ID_QIOC3U,0.36497438178260094,0.6336052303860523,0.6136310265077388,0.0007247633179271514,0.0018648715285978278,0.001918946820794103
ID_Y4WX50,0.36497438178260094,0.7676543319694005,0.7655237502223804,0.0011979786931363599,0.0035852420888505604,0.0037508865058585115
ID_GUDWDW,0.36497438178260094,0.6380439423590109,0.6178921900017791,0.0007176194806682036,0.0019242406800831847,0.001987983334855166
ID_5HUIA4,0.36497438178260094,0.5795417185554171,0.5676459704678882,0.0006098089061208448,0.0014655906119046124,0.0015605108772213613
ID_9M4UJW,0.36497438178260094,0.6502947874043764,0.7026715886852873,0.0011369411486484603,0.002434152918878513,0.002864604532961145
ID_C1UEMJ,0.36497438178260094,0.6391980074719801,0.6250829033979719,0.0007482290039604033,0.0018680056508324576,0.0019333512523118973
ID_QGS2MR,0.36497438178260094,0.6644098914783846,0.643814267923857,0.0007160423799505378,0.0020208341835577606,0.0021379419603322586
ID_067XPD,0.36497438178260094,0.6545559508984167,0.6945043586550436,0.0011979786931363599,0.0024310360852156073,0.00282393909892262
ID_PV8C8G,0.36497438178260094,0.6624568582102829,0.7142122398149795,0.0011463193764928447,0.0026084716192767746,0.0029826411425545128
ID_7SZVJ7,0.36497438178260094,0.6646762141967621,0.6441693648816936,0.0007160423799505378,0.0020219324250914036,0.0021386794240560504
ID_939CFS,0.36497438178260094,0.7633931684753603,0.7882499555239281,0.001203423473655793,0.004156658602073216,0.0050841423443336855
ID_4YX26C,0.36497438178260094,0.6382214908379292,0.6178921900017791,0.0007177140217009674,0.001926989380063261,0.0019897535123707235
ID_CG4YWK,0.36497438178260094,0.5795417185554171,0.5676459704678882,0.0006107380292882331,0.0014656933962774298,0.0015605108772213613
ID_U2O9AQ,0.36497438178260094,0.5798968155132538,0.5676459704678882,0.0006107382579557504,0.0014664720258842454,0.0015606483690093144
ID_W0SUD4,0.36497438178260094,0.23784967087706813,0.221692759295499,0.0005369879641006536,0.0010472423223491796,0.0010472423223491796
ID_1809CE,0.36497438178260094,0.5798968155132538,0.5676459704678882,0.0006108292953502121,0.001466868701517299,0.0015610704791931772
ID_T37IC9,0.36497438178260094,0.23784967087706813,0.221692759295499,0.0005781334882531385,0.0010290154374939591,0.0010310797664516472
ID_APZ0D7,0.36497438178260094,0.6270359366660736,0.6915748087528909,0.0011770749698429715,0.002251584774210729,0.0027337573529623025
ID_K8IR50,0.36497438178260094,0.6627231809286604,0.7143897882938979,0.0011463193764928447,0.0026094748269397824,0.0029847908385715076
ID_7VXCAN,0.36497438178260094,0.5802519124710905,0.5676459704678882,0.0006108763589252797,0.0014679449985751931,0.001561859386939596
ID_N4P9RV,0.36497438178260094,0.6629007294075787,0.7145673367728161,0.0011478992914840031,0.002610563271970943,0.0029881753360052406
ID_S83N82,0.36497438178260094,0.23784967087706813,0.221692759295499,0.0005729100636366811,0.0010258077879289527,0.0010259965608875625
ID_YEBE3L,0.36497438178260094,0.6391980074719801,0.6183360611990748,0.0007178018202920612,0.0019281450304039266,0.0019916621628914507
ID_5TTIUV,0.36497438178260094,0.5802519124710905,0.5676459704678882,0.0006109495201886574,0.0014692918039048474,0.0015625778623540366
ID_OKQE5S,0.36497438178260094,0.580518235189468,0.5676459704678882,0.0006109495201886574,0.0014716203912300057,0.0015641942478446843
ID_ZEJRSI,0.36497438178260094,0.6630782778864971,0.7147448852517346,0.001148855833193478,0.002610563271970943,0.0029889856128433897
ID_EDHCWN,0.36497438178260094,0.5807845579078456,0.5676459704678882,0.0006109495201886574,0.0014716203912300057,0.0015641942478446843
ID_4YRJRP,0.36497438178260094,0.6446132360789896,0.6872248710193916,0.0011927670919252723,0.0023697143090763598,0.0026594807188096516
ID_GCHBYB,0.36497438178260094,0.6504723358832948,0.7040032022771749,0.001137978348939152,0.0024352640180241992,0.0028653829016085917
ID_5H4T9K,0.36497438178260094,0.5807845579078456,0.5676459704678882,0.0006109495201886574,0.0014755251867585835,0.0015658951294181807
ID_OECX6J,0.7816806618039495,0.8012997687244263,0.8243810709838106,0.0019559391523824242,0.004165697334155168,0.005621242189455957
ID_CADS1W,0.36497438178260094,0.6840289983988614,0.7387139299057107,0.0011886044296175009,0.0028114949430386926,0.00320134549916008
ID_1G89F8,0.36497438178260094,0.23784967087706813,0.221692759295499,0.000539312061049425,0.0010251876145160775,0.0010254732145192592
ID_BFB0U7,0.36497438178260094,0.6790576409891478,0.7389802526240883,0.0011821288872326135,0.0027922884733593287,0.00320134549916008
ID_ZM7Y7C,0.36497438178260094,0.6632558263654154,0.7149224337306529,0.001148855833193478,0.002610563271970943,0.0029914400162713425
ID_ERMOCP,0.36497438178260094,0.6391980074719801,0.6183360611990748,0.0007179093627506893,0.0019295677302118817,0.0019916621628914507
ID_7048GU,0.36497438178260094,0.6648537626756804,0.6441693648816936,0.0007160423799505378,0.002023225702263169,0.0021388833036495385
ID_5WR4NG,0.36497438178260094,0.6650313111545988,0.6444356876000712,0.0007162060713003415,0.0020241621111901547,0.0021388833036495385
ID_OE94T8,0.36497438178260094,0.6535794342643658,0.6322736167941648,0.0007171506502571052,0.0019606450669049412,0.0020456853122188495
ID_1OCPON,0.36497438178260094,0.6391980074719801,0.6183360611990748,0.000717925328305659,0.0019296781245052136,0.0019938170515616705
ID_SPM4A3,0.36497438178260094,0.5982730830813022,0.6865146771037182,0.0011132741143355799,0.002039438893872854,0.00271621999459419
ID_69O2FI,0.36497438178260094,0.6263257427504003,0.6808331257783312,0.0011333689892574442,0.0022665603795958963,0.0026027348881133765
ID_9XLCIQ,0.7816806618039495,0.8019211884006405,0.8243810709838106,0.00194758919325212,0.004443552015222598,0.005111115424431065
ID_INOMV4,0.36497438178260094,0.5810508806262231,0.5676459704678882,0.0006109495201886574,0.0014771492599810546,0.001567493495769721
ID_IVW5DG,0.36497438178260094,0.5812284291051414,0.5676459704678882,0.0006109495201886574,0.0014778538165999913,0.0015676329680137078
ID_REKYSY,0.36497438178260094,0.6257930973136452,0.6070617327877601,0.0007146549316781306,0.0018395715242223792,0.0018955940284313398
ID_RGZEPZ,0.36497438178260094,0.650649884362213,0.7040032022771749,0.0011383522817919633,0.0024352640180241992,0.002872692968531726
ID_Q032KX,0.36497438178260094,0.6509162070805906,0.7040032022771749,0.0011383522817919633,0.0024352640180241992,0.002873977859610843
ID_SX073G,0.36497438178260094,0.5984506315602206,0.6865146771037182,0.0011137509425709594,0.0020407107911791116,0.00271621999459419
ID_VW2JS1,0.36497438178260094,0.6446132360789896,0.6874024194983099,0.0011927670919252723,0.0023697143090763598,0.0026612484792568813
ID_QTFJH6,0.36497438178260094,0.6572191780821918,0.6386653620352251,0.0007148476763459464,0.0019993110313826098,0.002079378759579134
ID_SJUA3M,0.36497438178260094,0.627213485144992,0.6915748087528909,0.0011774208610140285,0.002251584774210729,0.0027386917518001184
ID_WRGV5B,0.36497438178260094,0.668227183775129,0.7085306884895927,0.0011260184697549115,0.0025513370013477126,0.0029202421268449334
ID_TF0ZBP,0.36497438178260094,0.5814059775840598,0.5676459704678882,0.0006109682539701368,0.0014801500914171301,0.0015685959006253585
ID_XY4R47,0.36497438178260094,0.5815835260629781,0.5676459704678882,0.0006110127441509416,0.001482140479276947,0.0015710985010175744
ID_TC20Z8,0.36497438178260094,0.5817610745418964,0.5676459704678882,0.0006110127441509416,0.001482181142624089,0.0015718578922948338
ID_5LZHSA,0.36497438178260094,0.5821161714997332,0.5676459704678882,0.0006110127441509416,0.0014844376738359652,0.0015719226505628396
ID_P33RH4,0.36497438178260094,0.6535794342643658,0.6325399395125422,0.0007172953274555062,0.00196159033939343,0.002046277968360221
ID_X0U2Z7,0.36497438178260094,0.6331613591887564,0.6136310265077388,0.0007346332578459759,0.001986783597476695,0.0020497717785986722
ID_HNASKY,0.36497438178260094,0.7252202455079167,0.7007185554171855,0.000808632805398923,0.0025348578021694664,0.00262017912908413
ID_E9746A,0.36497438178260094,0.765878847180217,0.7920672478206724,0.001203423473655793,0.004208289764529695,0.005257130153603017
ID_KOOJEU,0.36497438178260094,0.6211768368617684,0.673376089663761,0.0011822784442223646,0.00219797074997142,0.0025231277135825798
ID_NZDB2W,0.36497438178260094,0.23784967087706813,0.221692759295499,0.000577364494607396,0.0010240497749599193,0.0010251876145160775
ID_N8B9Y0,0.36497438178260094,0.6241951610033802,0.6713342821562,0.0011315533759109412,0.002327446810118372,0.002628092504165667
ID_IGRKAA,0.36497438178260094,0.23784967087706813,0.221692759295499,0.000544223384827526,0.0009892808829506012,0.0009892808829506012
ID_31FOC7,0.7617952321650953,0.811064935064935,0.8243810709838106,0.001563450796491165,0.004327496796046528,0.0045101488406738425
ID_XYJNSM,0.36497438178260094,0.23784967087706813,0.221692759295499,0.0005664133148822672,0.00103603268621292,0.0010365283820175444
ID_QT459C,0.36497438178260094,0.6708016367194449,0.6497621419676215,0.0007124551095078735,0.002032477137916116,0.0021576512918193144
ID_9HL60U,0.36497438178260094,0.6509162070805906,0.7040032022771749,0.0011387892039021038,0.0024406713128802427,0.0028743051003585337
ID_J8S3V7,0.36497438178260094,0.5821161714997332,0.5676459704678882,0.0006110127441509416,0.00148466009343378,0.0015730106354981156
ID_FC0BNP,0.36497438178260094,0.5821161714997332,0.5676459704678882,0.0006110127441509416,0.0014865774287282614,0.0015745813191315663
ID_VDKYTG,0.36497438178260094,0.6283675502579612,0.6834963529621064,0.0011339043921744904,0.0023084360500855165,0.0026295310107408167
ID_0LGOS8,0.7675655577299413,0.7415547055684042,0.7451944493862301,0.001659894700635868,0.002853049041386263,0.003088353042000199
ID_GMWQ34,0.36497438178260094,0.7344527664116706,0.7077317203344601,0.000797278948165304,0.0025612554375336605,0.0026615796600043314
ID_BHJIUD,0.36497438178260094,0.6634333748443337,0.7150999822095713,0.0011492307932114395,0.002613419720648292,0.0029932852215310596
ID_25WW3Q,0.36497438178260094,0.6309420032022771,0.612210638676392,0.0007004545915827078,0.0019067262116364448,0.0019755727870317866
ID_B1Q34R,0.36497438178260094,0.5840692047678349,0.5549512542252268,0.0006166620511015993,0.001453546273157506,0.001499774223214158
ID_DAM5SV,0.36497438178260094,0.6636109233232521,0.7152775306884896,0.0011493974591457504,0.0026137461017520804,0.0029942120965735126
ID_QFVKE8,0.36497438178260094,0.23784967087706813,0.221692759295499,0.0005464659407046773,0.0009851383932784963,0.000986047451650152
ID_AAG1MX,0.36497438178260094,0.5824712684575698,0.5676459704678882,0.0006110127441509416,0.001487189072446271,0.001576801982347356
ID_2T39AV,0.36497438178260094,0.668227183775129,0.7087082369685109,0.0011260184697549115,0.002552599594940229,0.002920937079330983
ID_GLHVNV,0.36497438178260094,0.23784967087706813,0.221692759295499,0.0005545421000668851,0.0010444057935291556,0.0010444057935291556
ID_EL46XL,0.36497438178260094,0.5826488169364882,0.5676459704678882,0.0006110127441509416,0.0014875064657101744,0.0015769098331590244
ID_B1092H,0.36497438178260094,0.6166493506493507,0.6776372531578011,0.0011172069599879291,0.0022133947430918502,0.0025736496186118387
ID_5B1HJQ,0.36497438178260094,0.6391980074719801,0.6186911581569116,0.0007193064390386729,0.001931875309100524,0.0019969084209725337
ID_7L4RV1,0.36497438178260094,0.7044470734744708,0.7488341932040562,0.0007016058742175304,0.0022870867157706704,0.003244243620036891
ID_ZW88Z7,0.36497438178260094,0.72486514855008,0.7690747198007472,0.0007042505919782236,0.0023892931452444885,0.0036632178046804927
ID_44FN7K,0.36497438178260094,0.6850055150329123,0.710306173278776,0.000720154391017575,0.0021428028414292545,0.0027668846010481226
ID_R69I7Q,0.36497438178260094,0.7044470734744708,0.7496331613591888,0.0007024158470453966,0.002289355088596985,0.0032445312484318273
ID_K2KN9C,0.36497438178260094,0.7493668386408112,0.7431526418786693,0.0007045777507813395,0.0024883659054793787,0.002938326241328578
ID_UNAGCI,0.36497438178260094,0.7493668386408112,0.7433301903575876,0.0007047043522295157,0.0024910613292678527,0.002940203274024909
ID_GU9R9I,0.36497438178260094,0.6804780288204946,0.7346303148905888,0.0007128804376669558,0.0021313772380635947,0.0030890187965948997
ID_33BHML,0.36497438178260094,0.7018726205301548,0.7588656822629425,0.0007065577384085748,0.002303912094269432,0.0035160355719285196
ID_XZY72G,0.36497438178260094,0.7030266856431241,0.7588656822629425,0.0007065577384085748,0.0023047799402113028,0.0035237146408790662
ID_0L0GWJ,0.36497438178260094,0.7250426970289984,0.7692522682796655,0.0007045674542340736,0.002390065166743674,0.003663257777438576
ID_SPT5AC,0.36497438178260094,0.7493668386408112,0.743507738836506,0.0007047043522295157,0.0024949211875696484,0.0029410709996137686
ID_CQOYXN,0.36497438178260094,0.7493668386408112,0.7436852873154243,0.0007047043522295157,0.002495932860387696,0.002941986011272475
ID_GPUXEY,0.36497438178260094,0.7030266856431241,0.7588656822629425,0.0007065577384085748,0.002305664036100355,0.0035237146408790662
ID_7A0TY4,0.36497438178260094,0.7286824408468244,0.7694298167585839,0.0007009705165825892,0.0022761795183032017,0.0032304347448334123
ID_1TKH7D,0.36497438178260094,0.6909533890766767,0.7797276285358476,0.0007062446335202826,0.002153085471621536,0.003872718375148237
ID_FTQ35Z,0.36497438178260094,0.7030266856431241,0.7588656822629425,0.0007065577384085748,0.002306667698172417,0.0035245960253863996
ID_BF07MI,0.36497438178260094,0.6911309375555951,0.7799051770147661,0.0007062446335202826,0.0021549860797856583,0.003873951618977494
ID_97RNJ4,0.36497438178260094,0.7286824408468244,0.7701400106742572,0.00070126034277047,0.0022761795183032017,0.0032313955436450064
ID_3JGGNS,0.36497438178260094,0.7493668386408112,0.7438628357943426,0.0007049207881124392,0.0024959445291718595,0.002944296814882355
ID_Y9Y5X5,0.36497438178260094,0.7044470734744708,0.7496331613591888,0.0007024334458606331,0.002292698670740189,0.0032445312484318273
ID_XW71QT,0.36497438178260094,0.7048909446717665,0.7496331613591888,0.0007038451404385504,0.0022939183322450685,0.0032468729719930902
ID_BVVDWU,0.36497438178260094,0.7136795943782246,0.7067552037004091,0.0007301282698407443,0.0021279259680713684,0.00237893702675076
ID_B2X1DI,0.36497438178260094,0.6773709304394235,0.7385363814267925,0.0007162896749336874,0.002001497337319821,0.002956806269527054
ID_9PU0VA,0.36497438178260094,0.6927288738658602,0.7172305639565913,0.0007093359409374907,0.002177059300192808,0.002853382765226525
ID_SMOQZM,0.36497438178260094,0.7295701832414161,0.7701400106742572,0.000701324365421969,0.0022807117483753065,0.003232069916995013
ID_88ZTCU,0.36497438178260094,0.7030266856431241,0.7588656822629425,0.0007065577384085748,0.002306667698172417,0.0035249421558962274
ID_U6WG86,0.36497438178260094,0.6950370040917986,0.7250426970289984,0.0007093359409374907,0.0022231590494082108,0.002963605632380115
ID_4H45P3,0.36497438178260094,0.7493668386408112,0.744040384273261,0.0007049207881124392,0.0024972194550704143,0.0029511556068012846
ID_6WFJ2Y,0.36497438178260094,0.7493668386408112,0.7443067069916385,0.0007049207881124392,0.002497316666875933,0.0029547493393115064
ID_K3QT3V,0.9718350827254937,0.9792921188400641,0.9828430884184309,0.17734272298082335,0.2536061488228058,0.4578567213874806
ID_PZ4KLY,0.9345499021526418,0.93046628713752,0.9187480875289095,0.045808519775575846,0.050239057623604595,0.050239057623604595
ID_Z7GKAM,0.9496415228607009,0.9430722291407223,0.943427326098559,0.08773687984581312,0.08773687984581312,0.09823932746291952
ID_V6CFFQ,0.9283357053904999,0.9144869240348692,0.8928260096068314,0.033763484995720135,0.034781340753788886,0.034781340753788886
ID_EQJPUR,0.9713024372887387,0.9769839886141256,0.9837308308130226,0.18052036973232555,0.21898453377561047,0.5164989363214832
ID_IQCCG4,0.9504404910158335,0.9438711972958548,0.9395212595623554,0.09404348567593726,0.09404348567593726,0.10068572908833823
ID_HK96CL,0.9507955879736701,0.9447589396904466,0.9404090019569472,0.081057251117674,0.08120463342743654,0.08870478433574197
ID_W551QM,0.9535475893969044,0.9482211350293542,0.9455579078455791,0.09434044718158223,0.09946972948046798,0.10752525113443119
ID_HTULB2,0.9721901796833303,0.9803574097135741,0.9831094111368084,0.18654354797008715,0.24460215302288243,0.4395194169360411
ID_FPAEGW,0.9400539049991105,0.9375682262942537,0.9342835794342644,0.05803878174918995,0.06320017052891351,0.07600367471158052
ID_USIVPK,0.9425395837039673,0.9391661626045188,0.9409416473937021,0.07549156298280765,0.07757145818453849,0.09748560578613408
ID_GV4GIF,0.9402314534780288,0.9359702899839887,0.9294009962640101,0.06086614781907173,0.06161785686701553,0.07581615322981379
ID_0CTOW2,0.9436048745774772,0.9414742928304572,0.9364141611812844,0.06174949971662257,0.06827975949557788,0.07867344829003124
ID_05TMIM,0.9723677281622488,0.9805349581924925,0.983375733855186,0.18712637977006713,0.25205896647795906,0.44742440999409505
ID_J0T940,0.9988224515210816,0.9986449030421634,0.9970469667318982,0.8457705048343491,0.8635908423496235,0.8635908423496235
ID_H3YES4,0.9578087528909446,0.952304750044476,0.9547904287493328,0.08840659089502495,0.09012619884543213,0.10497543948247098
ID_KPTHEC,0.957986301369863,0.9524822985233944,0.9549679772282512,0.08888570000967631,0.09085165180718528,0.10571520827460977
ID_EKJDOM,0.8603346379647749,0.8309503647037894,0.8140832592065468,0.007252402663491093,0.007834895624910772,0.007834895624910772
ID_XEHOXQ,0.36497438178260094,0.23784967087706813,0.221692759295499,0.000659173188155332,0.0008967987037246297,0.0008967987037246297
ID_QXDDYU,0.36497438178260094,0.23784967087706813,0.221692759295499,0.0006597717812008008,0.0008967987037246297,0.0008967987037246297
ID_4A2QA2,0.9581638498487814,0.9526598470023128,0.9551455257071695,0.08964936721083729,0.09153663817864362,0.10670936255918419
ID_2IQTJO,0.9082727272727272,0.8560734744707347,0.8329921722113502,0.022958361585037716,0.022958361585037716,0.022958361585037716
ID_YZ9922,0.36497438178260094,0.23784967087706813,0.221692759295499,0.0006054465935383304,0.0007991319193930703,0.0007991319193930703
ID_FCWH1E,0.9085390499911048,0.8560734744707347,0.8341462373243196,0.02350282321369486,0.02350282321369486,0.02350282321369486
ID_SC21VU,0.8603346379647749,0.8126628713752001,0.7989028642590286,0.005736071812750476,0.006203119700548254,0.006203119700548254
ID_GOXV1Z,0.36497438178260094,0.5746591353851628,0.5458962818003914,0.0006832786113934626,0.0014076229321003462,0.0014409426087340594
ID_52ZE81,0.9982898060843266,0.9981122576054082,0.9972245152108167,0.7747832274237465,0.7747832274237465,0.8356786568822999
ID_TDZYO5,0.9934959971535314,0.9934959971535314,0.9894123821384095,0.5450004420735375,0.6235451773183751,0.6235451773183751
ID_33W80K,0.9892348336594912,0.9856838640811244,0.9810676036292474,0.3019158176131285,0.3227239257663325,0.3227239257663325
ID_3MMPJG,0.9111135029354207,0.8688569649528554,0.8718752890944671,0.025705230475413718,0.02698094690165224,0.057717457735296886
ID_FJF1VV,0.36497438178260094,0.23784967087706813,0.221692759295499,0.0005875013087372517,0.0008483936023134559,0.0008483936023134559
ID_FSHJRR,0.36497438178260094,0.23784967087706813,0.221692759295499,0.0006348248477194472,0.000814496502945834,0.0008772041356492238
ID_3ZRYR8,0.9085390499911048,0.8560734744707347,0.8341462373243196,0.02387767947780713,0.02387767947780713,0.02387767947780713
ID_ITFJ7K,0.8950453655933108,0.8458644369329301,0.8264228784913716,0.012350790963744314,0.012350790963744314,0.012350790963744314
ID_Q0OHFE,0.9116461483721758,0.8881209749154955,0.8733844511652731,0.02675854844353166,0.047897472426054515,0.059710768188040074
ID_8WDSXP,0.9876368973492261,0.9846185732076143,0.9821328945027575,0.3130160776821405,0.38383525594346496,0.46983168230332906
ID_LBTY56,0.9942949653086639,0.9931409001956947,0.9934959971535314,0.539567055366034,0.539567055366034,0.6524683161365145
ID_LEDDTJ,0.9468007471980074,0.9404090019569472,0.93046628713752,0.05529122673854791,0.0565253944656542,0.05840171664546471
ID_GAJC6C,0.8603346379647749,0.827133072407045,0.8107986123465575,0.006671499725598226,0.007239690066415413,0.007239690066415413
ID_ELD3MH,0.9894123821384095,0.9858614125600427,0.981333926347625,0.3045620046719405,0.3318361085321967,0.3318361085321967
ID_N9VEKC,0.36497438178260094,0.23784967087706813,0.221692759295499,0.0005875013087372517,0.0008483936023134559,0.0008483936023134559
ID_F0JB3Y,0.9459130048034158,0.9400539049991105,0.930998932574275,0.0584863676830322,0.06016980454291485,0.06138164514800656
ID_BD1I07,0.8603346379647749,0.832370752535136,0.817279131827077,0.007505044381112371,0.008473068809803438,0.008473068809803438
ID_PK36UB,0.9788482476427682,0.9750309553460239,0.9823104429816758,0.24299430567916824,0.24299430567916824,0.43023408977297856
ID_Z6LO2B,0.36497438178260094,0.23784967087706813,0.221692759295499,0.0006205454666320533,0.0009485780612036378,0.0009485780612036378
ID_ZHUK1S,0.9439599715353141,0.9386335171677638,0.9279806084326632,0.05307424240761614,0.0545444293914628,0.055024397693983
ID_T27921,0.9986449030421634,0.9988224515210816,0.9982898060843266,0.8356077414122249,0.8489243724474023,0.8567885415879586
ID_JGR6AQ,0.9092492439067782,0.8571387653442448,0.8341462373243196,0.023885315404047754,0.023885315404047754,0.023885315404047754
ID_L33I7Q,0.959051592243373,0.9562108165806796,0.951239459170966,0.08003642318099591,0.08560731553873147,0.09211911457950746
ID_SDE2W4,0.9970469667318982,0.9970469667318982,0.9956265789005515,0.6501630950021445,0.7144623706897736,0.7529032321349195
ID_7RLPJ7,0.36497438178260094,0.23784967087706813,0.221692759295499,0.0006128381518826166,0.0008812446635486643,0.0008812446635486643
ID_CVY7G5,0.9092492439067782,0.8571387653442448,0.8341462373243196,0.02395623738165666,0.02395623738165666,0.02395623738165666
ID_P6R9KZ,0.9567434620174347,0.9508843622131293,0.9514170076498843,0.08164487765147498,0.0817004257275907,0.09472239823220296
ID_T5EPM7,0.9259388009251023,0.8963769791851983,0.8813741327165985,0.054142312664088386,0.054966101808875234,0.07667246379525439
ID_4POEBX,0.9432497776196406,0.9381008717310086,0.9263826721223981,0.05211337382166663,0.053922524783139594,0.053922524783139594
ID_0H3T5P,0.9347274506315603,0.9373906778153354,0.9389886141256004,0.040809975229506586,0.06491407787653705,0.09129131795377886
ID_B8FR1Y,0.9462681017612524,0.9411191958726206,0.9311764810531934,0.059246551609573296,0.062406862079288965,0.062406862079288965
ID_0256XQ,0.8603346379647749,0.832370752535136,0.8157699697562711,0.007311476057779822,0.008273865567331411,0.008273865567331411
ID_57ZCHT,0.8950453655933108,0.8458644369329301,0.82660042697029,0.012351831082636914,0.012351831082636914,0.012351831082636914
ID_EJ4SY0,0.36497438178260094,0.23784967087706813,0.221692759295499,0.0006599021460936646,0.0008971451520551614,0.0008971451520551614
ID_IT9MAB,0.983375733855186,0.9794696673189824,0.9743207614303505,0.23383184165473322,0.23383184165473322,0.23383184165473322
ID_WSFCW5,0.8603346379647749,0.8268667496886675,0.8100884184308842,0.00659378123365535,0.007238106180866352,0.007238106180866352
ID_P1OKAO,0.956921010496353,0.9510619106920477,0.9515945561288027,0.08253930595794105,0.08253930595794105,0.09483467158926599
ID_2I2J7A,0.9835532823341042,0.9796472157979007,0.9744983099092688,0.2349423348590953,0.2349423348590953,0.2349423348590953
ID_F82ACJ,0.9570985589752713,0.951239459170966,0.9517721046077211,0.08279814704622915,0.08279814704622915,0.09518569739480416
ID_CO3YKB,0.8795098736879559,0.8392063689734922,0.8212739726027397,0.009153191968191263,0.009996744586782163,0.009996744586782163
ID_TRRIAY,0.9910103184486746,0.9878144458281444,0.9899450275751646,0.42491383901173096,0.4615647534950943,0.6122901200395453
ID_LADXTU,0.9974020636897349,0.9965143212951432,0.9947388365059598,0.7527628862054319,0.7527628862054319,0.7773176382215276
ID_UFOXTP,0.9468007471980074,0.9405865504358655,0.9306438356164383,0.055554556711162065,0.056695726987373594,0.05884738921408799
ID_9Y8SJ2,0.36497438178260094,0.23784967087706813,0.221692759295499,0.0006054884755564075,0.0007992565457597295,0.0007992565457597295
ID_SZZNPA,0.36497438178260094,0.23784967087706813,0.221692759295499,0.0005875013087372517,0.0008487241041454036,0.0008487241041454036
ID_PLYHE5,0.9468007471980074,0.9407640989147839,0.9308213840953568,0.055554556711162065,0.05762770919953439,0.0589541108935421
ID_GY67O6,0.8603346379647749,0.8126628713752001,0.8002344778509163,0.00574849296467863,0.006241753074109701,0.006241753074109701
ID_CFM0IF,0.943427326098559,0.938278420209927,0.9265602206013165,0.052355821578161627,0.054076613363911744,0.054076613363911744
ID_XNWBKT,0.9464456502401708,0.9409416473937021,0.93153157801103,0.0572691168021185,0.0588727340299544,0.06098253388915904
ID_3TOHD0,0.36497438178260094,0.23784967087706813,0.221692759295499,0.0006205454666320533,0.0009485780612036378,0.0009485780612036378
ID_FS3K1S,0.36497438178260094,0.23784967087706813,0.221692759295499,0.0005887614030132876,0.00088987848901892,0.00088987848901892
ID_15HY2V,0.36497438178260094,0.23784967087706813,0.221692759295499,0.0006025160408481406,0.0008446003715758037,0.0008460490663840512
ID_6GEWIC,0.9945612880270415,0.9942061910692047,0.992253157801103,0.592348988686186,0.6386568971787276,0.6959898454778711
ID_QJ4EVF,0.9318866749688667,0.9267377690802348,0.9173276996975627,0.02647543437369348,0.029062651479090127,0.029407889673195086
ID_V4E8OH,0.9441375200142323,0.9388110656466822,0.9281581569115817,0.05329491756437447,0.054674079238046784,0.05554364674114829
ID_P3LDUK,0.999,0.999,0.998467354563245,0.877263971391706,0.8881278165080492,0.8881278165080492
ID_XOPAOK,0.36497438178260094,0.23784967087706813,0.221692759295499,0.0006206611765880348,0.0009489881666163147,0.0009489881666163147
ID_QPL6BJ,0.36497438178260094,0.23784967087706813,0.221692759295499,0.0005877072782513506,0.000848770325885704,0.000848770325885704
ID_Q083IM,0.8910505248176481,0.8458644369329301,0.8243810709838106,0.011593801004285031,0.011593801004285031,0.011593801004285031
ID_W8VZXL,0.9913654154065112,0.9874593488703077,0.9856838640811244,0.3611910994829827,0.3611910994829827,0.5031658408825289
ID_CCE14R,0.36497438178260094,0.23784967087706813,0.221692759295499,0.0006208229745152975,0.0009489881666163147,0.0009489881666163147
ID_XQGVS0,0.36497438178260094,0.23784967087706813,0.221692759295499,0.000626017593927194,0.0008931231650690738,0.0008931231650690738
ID_WQINPU,0.36497438178260094,0.23784967087706813,0.221692759295499,0.0006625960921243118,0.0009707771434571102,0.0009735973004186958
ID_UYCBVK,0.36497438178260094,0.23784967087706813,0.221692759295499,0.0005877413748879955,0.0008489771673536912,0.0008489771673536912
ID_32LKHY,0.36497438178260094,0.23784967087706813,0.221692759295499,0.0006056120511251777,0.000799448064726555,0.000799448064726555
ID_1JNSPA,0.8603346379647749,0.832370752535136,0.816213840953567,0.007394662263972441,0.008378452297845005,0.008378452297845005
ID_QX05AF,0.991187866927593,0.9904776730119196,0.985506315602206,0.4117829304714068,0.5444739016998563,0.5444739016998563
ID_NTVMKZ,0.36497438178260094,0.23784967087706813,0.221692759295499,0.0006599178645644373,0.0008978425453299497,0.0008978425453299497
ID_TFWN07,0.8603346379647749,0.832370752535136,0.816213840953567,0.0073118093580126975,0.008275684338061032,0.008275684338061032
ID_17FHGU,0.36497438178260094,0.23784967087706813,0.221692759295499,0.0005849920344589943,0.0008957687162786486,0.0008957687162786486
ID_XNGF8B,0.36497438178260094,0.5840692047678349,0.5491809286603807,0.0007228512875192642,0.0014148488653094122,0.0014372760517987818
ID_N7XBA6,0.7458158690624443,0.5290291763031489,0.4972479985767657,0.0010665540562618864,0.0012285769418989554,0.0012762372153079557
ID_YBC4D9,0.36497438178260094,0.23784967087706813,0.221692759295499,0.000915611060180249,0.0010451010651296828,0.0010451010651296828
ID_QLNWLL,0.36497438178260094,0.23784967087706813,0.221692759295499,0.0004896187199101485,0.0007018133645961966,0.0007018133645961966
ID_EE4T4P,0.7362282512008539,0.4765636007827789,0.4581873332147305,0.0009837197031929367,0.0010291604312161612,0.0010291604312161612
ID_LM0UJO,0.7849653086639388,0.5615205479452055,0.5328464685998933,0.0019280513028361434,0.0019280513028361434,0.0019280513028361434
ID_KXDRD1,0.8392063689734922,0.7965947340330901,0.7784847891834193,0.0024531169457130443,0.003054805595268105,0.0032155168270945667
ID_I27KUP,0.9156409891478384,0.9054319516100338,0.8953116883116883,0.011106174247997666,0.012224272920615249,0.014660306487200469
ID_O79OP7,0.36497438178260094,0.23784967087706813,0.221692759295499,0.0010291005857157615,0.0010624111997013094,0.0010627391836359058
ID_ESOM9C,0.36497438178260094,0.4929868350827255,0.4772737946984522,0.00144270904246767,0.0016446266313156549,0.0016941873855943468
ID_C1Z14J,0.9327744173634585,0.9278030599537449,0.9167950542608077,0.021880676636422566,0.022218972555186584,0.022218972555186584
ID_KQ2RJU,0.9325968688845401,0.9240745418964597,0.9156409891478384,0.029260774682275514,0.029260774682275514,0.029260774682275514
ID_UIOBYK,0.8155924212773528,0.7008961038961039,0.6643211172389255,0.002607207241567586,0.002607207241567586,0.0026081015576609697
ID_9S3MDV,0.36497438178260094,0.23784967087706813,0.221692759295499,0.0009527575899356081,0.0010089413286809203,0.0010089413286809203
ID_EJ3RGR,0.36497438178260094,0.23784967087706813,0.221692759295499,0.0004962729117040335,0.0007086591060732185,0.0007086591060732185
ID_DFLOY8,0.8111537093043942,0.6559763387297634,0.631918519836328,0.002448993628896458,0.002448993628896458,0.002457691745618318
ID_ZMEBI9,0.36497438178260094,0.23784967087706813,0.221692759295499,0.000477206187980638,0.0007152572537560185,0.0007152572537560185
ID_NFTFJM,0.7941090553282335,0.6044872798434443,0.5833590108521616,0.0020058733339321407,0.0020058733339321407,0.0020058733339321407
ID_G32IUY,0.36497438178260094,0.23784967087706813,0.221692759295499,0.00047239236549775405,0.0006905192626780937,0.0006905192626780937
ID_52FYY9,0.36497438178260094,0.23784967087706813,0.221692759295499,0.0005009890465253334,0.0007752626943230844,0.0007752626943230844
ID_F8KMPL,0.7966835082725494,0.599693470912649,0.5746591353851628,0.0020744558842878806,0.0020744558842878806,0.0020744558842878806
ID_HX20WC,0.8150597758405977,0.6941492616972069,0.6595273083081302,0.002640828520757128,0.002670072879165624,0.002670072879165624
ID_5GCMEA,0.9302887386586016,0.9245184130937555,0.9127114392456859,0.02148459564010944,0.02148459564010944,0.02148459564010944
ID_7EKCJ1,0.36497438178260094,0.23784967087706813,0.221692759295499,0.0009805417833554282,0.0010507311313708403,0.0010507311313708403
ID_K440VM,0.36497438178260094,0.23784967087706813,0.221692759295499,0.0009736412986162776,0.0009957832746665394,0.0009957832746665394
ID_14VB1C,0.7816806618039495,0.5588573207614304,0.5273424657534247,0.0018637859092683375,0.0018637859092683375,0.0018637859092683375
ID_O2QYK1,0.8113312577833126,0.6616578900551504,0.6359133606119908,0.0023763468746477064,0.0023763468746477064,0.0023763468746477064
ID_TVG6X9,0.7884275040028464,0.5861110122753959,0.5528206724782068,0.0018638208764086314,0.0018638208764086314,0.0018638208764086314
ID_5QVDGC,0.7367608966376089,0.4765636007827789,0.458453655933108,0.0009850926057811452,0.0010297799887889825,0.0010297799887889825
ID_P1R0SN,0.8056497064579256,0.6336052303860523,0.6146963173812489,0.0021816300865373263,0.0021816300865373263,0.0021816300865373263
ID_H1PGJK,0.8861679416473938,0.8560734744707347,0.8457756626934709,0.007240866405565063,0.00787429175762465,0.008017230390080112
ID_BRWHI8,0.9386335171677638,0.9313540295321118,0.9212337662337662,0.033516447193498985,0.03512067886010263,0.03512067886010263
ID_LTPY2G,0.36497438178260094,0.4918327699697562,0.4764748265433197,0.0014382338171687868,0.0016309004134894324,0.0016765918367787605
ID_SZ244L,0.8861679416473938,0.8560734744707347,0.8459532111723892,0.007240866405565063,0.007886968856748087,0.00805683719804482
ID_K1L86J,0.9305550613769792,0.9199909268813378,0.9078288560754314,0.026120355140593056,0.026120355140593056,0.026120355140593056
ID_A6YFT4,0.8134618395303327,0.711904109589041,0.6670731186621597,0.002444556288355668,0.002780736995384202,0.002817829939346948
ID_GJ2GXZ,0.8877658779576588,0.8550969578366838,0.8753374844333748,0.006644769383734808,0.007206697781205729,0.013936194606954742
ID_5NLU55,0.8896301369863013,0.8607785091620708,0.8507470201031845,0.00742710187488263,0.00883476852050328,0.009666095567333378
ID_5HBYOD,0.9092492439067782,0.8881209749154955,0.8771129692225583,0.009398913454790174,0.011147220763523135,0.012703925837239628
ID_JFHIVO,0.36497438178260094,0.23784967087706813,0.221692759295499,0.0009215472538600503,0.001047944868964199,0.001047944868964199
ID_KXM5JC,0.36497438178260094,0.23784967087706813,0.221692759295499,0.00045924978417035545,0.0006930174229805074,0.0006930174229805074
ID_9KQ8G6,0.7506096779932396,0.48286657178438,0.4642239814979541,0.0012052463148244747,0.0012052463148244747,0.0012052463148244747
ID_QRHP7W,0.36497438178260094,0.23784967087706813,0.221692759295499,0.0009472095043742333,0.0010662666686149986,0.0010662666686149986
ID_G27PI8,0.8738283223625689,0.8458644369329301,0.8288197829567693,0.005784407550194806,0.006892108659570938,0.006892108659570938
ID_SZLKA0,0.7660563956591354,0.5387943426436577,0.5080784557907846,0.0014107661847902288,0.0014107661847902288,0.0014107661847902288
ID_79HBLQ,0.36497438178260094,0.23784967087706813,0.221692759295499,0.00085582392224606,0.0010148925440764244,0.0010148925440764244
ID_Y1H3MW,0.36497438178260094,0.23784967087706813,0.221692759295499,0.00048073665197557054,0.0007018358000631695,0.0007018358000631695
ID_Y3V3CO,0.9496415228607009,0.937745774773172,0.9325968688845401,0.03704982938697116,0.03815606711559541,0.03815606711559541
ID_JSJ61E,0.7966835082725494,0.5940119195872621,0.5599226116349405,0.002033008869853943,0.002033008869853943,0.002033008869853943
ID_T9D5YO,0.36497438178260094,0.23784967087706813,0.221692759295499,0.0004763331644763345,0.0006971561442627488,0.0006971561442627488
ID_6MHG7Q,0.9528373954812311,0.9391661626045188,0.9352600960683153,0.040426245978524726,0.04370995190208119,0.04370995190208119
ID_UR8QH2,0.7902917630314891,0.5896619818537627,0.572173456680306,0.0019559391523824242,0.0019559391523824242,0.0019559391523824242
ID_W3SGDD,0.36497438178260094,0.23784967087706813,0.221692759295499,0.00045565409048023496,0.0006916287408027216,0.0006916287408027216
ID_B3I0HN,0.36497438178260094,0.23784967087706813,0.221692759295499,0.0009074237881217421,0.0010443638461631443,0.0010443638461631443
ID_WFV9C0,0.7671216865326455,0.6011138587439957,0.5788315246397439,0.0013835674733759784,0.001689605479714921,0.0017429667493063102
ID_5IQK6W,0.36497438178260094,0.4844645080946451,0.46706475716064755,0.0013969989966781007,0.001516483246008191,0.0015547560809313892
ID_PBD5R8,0.7459934175413628,0.5292067247820672,0.49742554705568404,0.0010670648251258502,0.0012286693351134222,0.0012776948942902974
ID_R484DJ,0.8603346379647749,0.828642234477851,0.8140832592065468,0.00555707138726599,0.006046548607695891,0.006046548607695891
ID_BIVIM6,0.8734732254047323,0.8458644369329301,0.8273106208859633,0.00571129470474398,0.00641071791755673,0.006651522783171857
ID_BXRC0F,0.747680128091087,0.48393186265789007,0.46440152997687245,0.0011828356826957935,0.0011828356826957935,0.0011828356826957935
ID_6H2MJS,0.7966835082725494,0.626680839708237,0.6049311510407401,0.0019696173097574574,0.0019696173097574574,0.0019696173097574574
ID_348H1F,0.93153157801103,0.9235418964597046,0.9148420209927058,0.028187385430407885,0.028187385430407885,0.028187385430407885
ID_VIP5UD,0.36497438178260094,0.23784967087706813,0.221692759295499,0.0009302567294229683,0.0010271218577201427,0.0010275742865697296
ID_DJT4KL,0.36497438178260094,0.23784967087706813,0.221692759295499,0.0004656236049899768,0.0006924663500488522,0.0006924663500488522
ID_4O9FZR,0.8603346379647749,0.8161250667141078,0.7981926703433553,0.004451973117862205,0.004567304253944751,0.004567304253944751
ID_4S1COK,0.7935764098914784,0.5925915317559154,0.5579695783668386,0.002013942645514332,0.002013942645514332,0.002013942645514332
ID_JTBQR7,0.7912682796655399,0.6041321828856075,0.5837141078099982,0.0019376053153174206,0.0019376053153174206,0.0019376053153174206
ID_8XLXKL,0.7370272193559865,0.4777176658957481,0.458453655933108,0.0009854561508513288,0.0010301937762869384,0.0010301937762869384
ID_30WM42,0.9305550613769792,0.9251398327699697,0.9132440846824408,0.021870391171145923,0.021870391171145923,0.021870391171145923
ID_1IG1YN,0.7852316313823163,0.5615205479452055,0.5325801458815158,0.0019241801903744791,0.0019241801903744791,0.0019241801903744791
ID_OZDM1S,0.36497438178260094,0.23784967087706813,0.221692759295499,0.00047207203240815323,0.0006931783137596851,0.0006931783137596851
ID_EPIA8E,0.7937539583703968,0.5943670165450987,0.5611654509873688,0.0020108882992571704,0.0020108882992571704,0.0020108882992571704
ID_1PV3T5,0.36497438178260094,0.23784967087706813,0.221692759295499,0.00048065901394278674,0.0006983867756003688,0.0006983867756003688
ID_8UHEOJ,0.8736507738836506,0.8458644369329301,0.8274881693648817,0.0063937866753159866,0.0069877310004179925,0.0069877310004179925
ID_8EPQZD,0.7884275040028464,0.5746591353851628,0.5407473759117595,0.002008373536291667,0.002008373536291667,0.002008373536291667
ID_V5WCDP,0.9457354563244974,0.9395212595623554,0.9320642234477852,0.05463680549254123,0.0553396881436655,0.058003683780485676
ID_A0P2EE,0.36497438178260094,0.23784967087706813,0.221692759295499,0.0004603829203286036,0.0006932867105602827,0.0006932867105602827
ID_C0ECIX,0.9194582814445829,0.9093380181462373,0.8944239459170966,0.014160984815860235,0.014160984815860235,0.015237630580750136
ID_C1HUBS,0.36497438178260094,0.23784967087706813,0.221692759295499,0.00047239236549775405,0.0006905192626780937,0.0006905192626780937
ID_NWDA17,0.8154148727984345,0.6982328767123288,0.6600599537448854,0.0026430497394630383,0.0026753766938249456,0.0026753766938249456
ID_OL060P,0.36497438178260094,0.23784967087706813,0.221692759295499,0.0009569045970991575,0.0010696402265872771,0.0010696402265872771
ID_XCVVZQ,0.9173276996975627,0.906586016723003,0.8933586550435866,0.011396591532842967,0.0124695449917939,0.013523706165603994
ID_7RD23T,0.8603346379647749,0.8126628713752001,0.8057384806973849,0.0047781521019817225,0.0053342920618996755,0.005607593043537201
ID_ZK5F0Y,0.8924709126489948,0.8631754136274684,0.8518123109766945,0.0077036852126086824,0.009030696753131557,0.01003941264414525
ID_G84HTM,0.7349854118484256,0.5164232342999466,0.49032360789895035,0.0010117992565959854,0.0012266114319715714,0.0012791901571874383
ID_PU2FBZ,0.8171903575876178,0.7030266856431241,0.6670731186621597,0.002540968904791853,0.0025549151562412986,0.002579624109218387
ID_C08HEJ,0.36497438178260094,0.23784967087706813,0.221692759295499,0.0009887498068811619,0.0010709351759070542,0.0010709351759070542
ID_735U96,0.7738685287315424,0.5896619818537627,0.558147126845757,0.001485149888331446,0.0016524055262770326,0.0016900315356706077
ID_NSVW0U,0.8081353851627824,0.6376888454011741,0.6197564490304217,0.002334649885900233,0.002334649885900233,0.002334649885900233
ID_YI1DVD,0.7508760007116172,0.4881930261519303,0.4677749510763209,0.0012084409360618679,0.0012084409360618679,0.0012084409360618679
ID_GRCY09,0.36497438178260094,0.48570734744707345,0.46830759651307596,0.0014044190802895238,0.0015466290479288632,0.0015833434491327773
ID_TP6IPK,0.36497438178260094,0.23784967087706813,0.221692759295499,0.0005103902272232068,0.0007800022926034447,0.0007800022926034447
ID_HT2H75,0.36497438178260094,0.4846420565735634,0.4673310798790251,0.0013986327288922024,0.0015281837650211935,0.001558112539729711
ID_S3J1DY,0.8036966731898239,0.6115004447607187,0.5964975982921189,0.00214776328443693,0.00214776328443693,0.00214776328443693
ID_58TJGH,0.8877658779576588,0.8560734744707347,0.8402716598470024,0.006528694802797,0.007186100899502444,0.007186100899502444
ID_YRLOVX,0.36497438178260094,0.23784967087706813,0.221692759295499,0.0004593990113777447,0.0006936933154128848,0.0006936933154128848
ID_TZHJRP,0.7918009251022949,0.6034219889699342,0.5824712684575698,0.001964833706020261,0.001964833706020261,0.001964833706020261
ID_KDNPHD,0.9418293897882939,0.9475109411136808,0.9439599715353141,0.03922885060387196,0.06764544713168101,0.07897719567518122
ID_8ZZTUS,0.902413627468422,0.8757813556306706,0.8653059953744885,0.008426258224336668,0.0100779506730888,0.010372813662515691
ID_FBXD4Q,0.9080064045543498,0.8871444582814446,0.8750711617149973,0.009074242579099208,0.011048883323811995,0.012399839746181392
ID_QXYRCY,0.8186107454189645,0.7610850382494218,0.7393353495819249,0.002709162547890553,0.0034853431860181767,0.003921226534713137
ID_OKTZEM,0.36497438178260094,0.48393186265789007,0.46582191780821913,0.0013920133860765643,0.0014929562981766326,0.0015302191073546677
ID_84I8VZ,0.8054721579790073,0.6261481942714819,0.6087484433374845,0.0021646787065989644,0.0021646787065989644,0.0021646787065989644
ID_5IF81A,0.7849653086639388,0.5746591353851628,0.5419902152641879,0.0016668284256735368,0.0016668284256735368,0.0016668284256735368
ID_Y65O7E,0.9774278598114214,0.9723677281622488,0.9652657890055151,0.14314045601803152,0.14314045601803152,0.14314045601803152
ID_DGJE41,0.36497438178260094,0.23784967087706813,0.221692759295499,0.0009320952298476386,0.001075082184762664,0.001075082184762664
ID_5Z8WPJ,0.9890572851805728,0.9863940579967977,0.9867491549546344,0.36519854493354614,0.4080152206861578,0.5765231022026659
ID_KSMN02,0.36497438178260094,0.23784967087706813,0.221692759295499,0.0009482653557635422,0.0010671921652885873,0.0010671921652885873
ID_37FGZN,0.8802200676036293,0.8487939868350828,0.838584949297278,0.006463101714741272,0.007008279462694671,0.00713911270773439
ID_5CE2HM,0.8898964597046789,0.8607785091620708,0.851013342821562,0.0074419577571457765,0.008841276325994109,0.009719663873645116
ID_5RBX0G,0.7902917630314891,0.6016465041807508,0.5799855897527131,0.0019173254566609789,0.0019173254566609789,0.0019173254566609789
ID_VC3C3E,0.8722303860523039,0.8428461127913183,0.8243810709838106,0.005643945230117998,0.006342547644718096,0.006342547644718096
ID_CD4GLQ,0.36497438178260094,0.48393186265789007,0.4659994662871375,0.001395406930032196,0.001494057715525371,0.0015313468299510628
ID_YYXB5J,0.777774595267746,0.5569042874933285,0.5432330546166163,0.0016661598365580001,0.0016661598365580001,0.0016661598365580001
ID_QL8IAR,0.36497438178260094,0.23784967087706813,0.221692759295499,0.0008996492811138752,0.0010006809212152064,0.0010006809212152064
ID_BHNY0O,0.36497438178260094,0.23784967087706813,0.221692759295499,0.0009489709163136946,0.0010672103220753953,0.0010672103220753953
ID_G6NIUE,0.36497438178260094,0.23784967087706813,0.221692759295499,0.0009299284614673682,0.001038312286005814,0.00103864483166644
ID_ATBCP0,0.9159960861056752,0.8811078099982209,0.8633529621063868,0.020799266392140914,0.020799266392140914,0.020799266392140914
ID_K0PEGT,0.36497438178260094,0.23784967087706813,0.221692759295499,0.00047552296136828194,0.0006901526004780348,0.0006901526004780348
ID_JDD3BW,0.7854091798612347,0.6157616082547589,0.5966751467710372,0.0016240002360117965,0.0017753590089598942,0.001834990175391847
ID_KUBEQ7,0.9771615370930439,0.9725452766411671,0.9727228251200855,0.14970483301418963,0.14970483301418963,0.15223533095008066
ID_2UB21W,0.8010334460060488,0.6115004447607187,0.5922364347980786,0.0022227645660703533,0.0022227645660703533,0.0022227645660703533
ID_Q12WSA,0.785586728340153,0.5770560398505604,0.5432330546166163,0.0017529195336447702,0.0017529195336447702,0.0017529195336447702
ID_JX2N58,0.7807929194093577,0.5573481586906245,0.5273424657534247,0.0018637859092683375,0.0018637859092683375,0.0018637859092683375
ID_II3KSP,0.7966835082725494,0.6041321828856075,0.583092688133784,0.0020072376496312883,0.0020072376496312883,0.0020072376496312883
ID_NK8O2D,0.36497438178260094,0.4789605052481765,0.4612056573563423,0.0013183312081201212,0.0014140908607973605,0.0014549203795931355
ID_P452M6,0.36497438178260094,0.23784967087706813,0.221692759295499,0.00045498876926044324,0.0006970724190853814,0.0006970724190853814
ID_LFFY7U,0.36497438178260094,0.4802033446006049,0.46244849670877064,0.001331178518584852,0.0014341433761167427,0.0014749932223108513
ID_PTUVXH,0.7675655577299413,0.6012914072229141,0.5788315246397439,0.0013889579125790329,0.0016906490563417531,0.0017440072985487293
ID_0HSCEO,0.7370272193559865,0.4778952143746664,0.4587199786514855,0.0009854561508513288,0.0010305818637255891,0.0010305818637255891
ID_SSW9WR,0.8038742216687422,0.6115004447607187,0.5915262408824052,0.0021839206731113425,0.0021839206731113425,0.0021839206731113425
ID_PD8ZQY,0.36497438178260094,0.23784967087706813,0.221692759295499,0.00046227852721800417,0.0007159439144242068,0.0007159439144242068
ID_263TA4,0.36497438178260094,0.23784967087706813,0.221692759295499,0.00047239236549775405,0.0006905192626780937,0.0006905192626780937
ID_B1FONR,0.36497438178260094,0.4874828322362569,0.4704381782600961,0.0014096768582534923,0.0015672443015073982,0.0015971391164556104
ID_7NF6CG,0.9324193204056218,0.9217664116705213,0.9107584059775841,0.03179588501246885,0.03179588501246885,0.03179588501246885
ID_ENK045,0.36497438178260094,0.23784967087706813,0.221692759295499,0.0009637876260543156,0.0010436864277304113,0.0010436864277304113
ID_GR98DJ,0.8877658779576588,0.8580265077388366,0.8503919231453478,0.007504902263174242,0.008832779970128522,0.009733578850223853
ID_QRJ1XO,0.804761964063334,0.6181585127201565,0.6008475360256182,0.0021783849592230094,0.0021783849592230094,0.0021783849592230094
ID_3P5A12,0.36497438178260094,0.23784967087706813,0.221692759295499,0.0005009890465253334,0.0007756976113709827,0.0007756976113709827
ID_PZAIQH,0.7484790962462194,0.4894358655043587,0.46848514499199434,0.0011927670919252723,0.0011927670919252723,0.0011927670919252723
ID_O61SU7,0.36497438178260094,0.23784967087706813,0.221692759295499,0.00047207203240815323,0.0006931783137596851,0.0006931783137596851
ID_9ZBFLX,0.36497438178260094,0.23784967087706813,0.221692759295499,0.00045498876926044324,0.0006970724190853814,0.0006970724190853814
ID_BY2R2J,0.9798247642768191,0.9756523750222381,0.9752085038249422,0.16911310412679742,0.17506035808093945,0.2114266836507926
ID_FJIOSZ,0.7461709660202811,0.5296505959793631,0.49760309553460236,0.0010686287193572683,0.0012286693351134222,0.0012783613391946604
ID_OYBZ3H,0.8877658779576588,0.8571387653442448,0.8501256004269703,0.007356154668551288,0.008712903037168157,0.009566231207691525
ID_NQX0O8,0.7840775662693471,0.5632072584949298,0.5331127913182708,0.0019205851495833388,0.0019205851495833388,0.0019205851495833388
ID_SLZDS2,0.36497438178260094,0.23784967087706813,0.221692759295499,0.00047552296136828194,0.0006901526004780348,0.0006901526004780348
ID_E78DPX,0.9294009962640101,0.922121508628358,0.9107584059775841,0.021117767674107772,0.021117767674107772,0.021117767674107772
ID_RQP6K9,0.8106210638676392,0.6549998220957125,0.6306756804838997,0.0022784546021007734,0.0022784546021007734,0.0022784546021007734
ID_IOLDZU,0.36497438178260094,0.4873052837573385,0.4866838640811244,0.0007001586510163173,0.0010949932598805806,0.001118087111800684
ID_SNXHFB,0.36497438178260094,0.23784967087706813,0.221692759295499,0.0005868602822494975,0.0008122608091767673,0.0008122608091767673
ID_MS1WPS,0.36497438178260094,0.23784967087706813,0.221692759295499,0.0005705545979041858,0.0009446911137050877,0.0009446911137050877
ID_HN3HHR,0.36497438178260094,0.23784967087706813,0.221692759295499,0.0004874947677281065,0.0007351541759823082,0.0007351541759823082
ID_HGDR69,0.36497438178260094,0.23784967087706813,0.221692759295499,0.0005582578044788901,0.0009135905040238189,0.0009135905040238189
ID_KQ5EXO,0.36497438178260094,0.6336052303860523,0.7054235901085216,0.0012612835292963042,0.002251584774210729,0.002641126065737127
ID_CC0VYL,0.7966835082725494,0.7530953566980965,0.8130179683330369,0.0023330867400799303,0.0036394530402552323,0.004723077169728564
ID_R6WWCC,0.36497438178260094,0.5478493150684931,0.5570818359722469,0.0007162705172942113,0.0016212711546312606,0.0017835277409682113
ID_SWOCAQ,0.36497438178260094,0.5066580679594379,0.489613413983277,0.0010471772648198375,0.001160329252919268,0.001231014070676536
ID_WHGARU,0.36497438178260094,0.23784967087706813,0.4794043764454723,0.0006110127441509416,0.0010218560131747942,0.0010517130689576134
ID_73ULWE,0.36497438178260094,0.5086998754669988,0.4874828322362569,0.0009501015936420328,0.0011539417434346256,0.0011892060978569224
ID_P1B4GG,0.7914458281444582,0.7362282512008539,0.7660563956591354,0.0022698181627788857,0.0034105628331983088,0.003881872067112829
ID_F5NM15,0.36497438178260094,0.5158905888631916,0.4965378046610924,0.0010708575615651452,0.001259217964495512,0.0013476065411828007
ID_7XJF6O,0.36497438178260094,0.5066580679594379,0.4874828322362569,0.0010585129895232125,0.0011556974697493176,0.0012005462504635596
ID_ALWNWF,0.36497438178260094,0.23784967087706813,0.221692759295499,0.0005452918443192536,0.0009140256936059292,0.0009140256936059292
ID_FOX8D1,0.36497438178260094,0.23784967087706813,0.221692759295499,0.0004941591696830641,0.0007449212207778236,0.0007449212207778236
ID_UO8NL5,0.36497438178260094,0.23784967087706813,0.221692759295499,0.0005453785079524476,0.0008029794487095657,0.0008029794487095657
ID_004DL7,0.36497438178260094,0.6785249955523929,0.7588656822629425,0.0012126097767533345,0.0027815744641557123,0.0032932590560228996
ID_CFSK8V,0.36497438178260094,0.23784967087706813,0.221692759295499,0.0005752127116392813,0.0008331547456178958,0.0008331547456178958
ID_X9KR9T,0.36497438178260094,0.23784967087706813,0.221692759295499,0.0004493250290695025,0.000676864230788214,0.000676864230788214
ID_Q3PK1O,0.36497438178260094,0.503639743817826,0.4881930261519303,0.0010480135694493679,0.0011539881772127318,0.0012157149033811742
ID_M62ZZR,0.36497438178260094,0.5092325209037538,0.4887256715886853,0.0010518576691389866,0.001163844435423949,0.0012167104969455322
ID_UOIFEC,0.36497438178260094,0.23784967087706813,0.221692759295499,0.0005573090028070612,0.0008298448402721171,0.0008298448402721171
ID_D1D4RK,0.36497438178260094,0.5276087884718021,0.5013316135918876,0.00111178466069693,0.0012945643334944161,0.0013692766351591473
ID_YZJB0C,0.36497438178260094,0.5542410603095534,0.5217496886674968,0.0011035885882954167,0.0014292064197240339,0.0014507519413549685
ID_0NPRVJ,0.36497438178260094,0.23784967087706813,0.221692759295499,0.0005909654145478643,0.0008246415822242197,0.0008246415822242197
ID_8BZS64,0.36497438178260094,0.23784967087706813,0.221692759295499,0.0005328854306469818,0.0007911937616240402,0.0007911937616240402
ID_ZTXB6J,0.36497438178260094,0.23784967087706813,0.221692759295499,0.0005454349734973275,0.0008031313911604367,0.0008031313911604367
ID_0ZEYV1,0.7966835082725494,0.7394241238213841,0.7981926703433553,0.0022605355141648463,0.0033212752576731713,0.004089619583719504
ID_OVMHV9,0.36497438178260094,0.23784967087706813,0.221692759295499,0.00048485874616830435,0.000737925155326664,0.000737925155326664
ID_T6YHHW,0.36497438178260094,0.23784967087706813,0.221692759295499,0.0006015288731314037,0.0008276331801705875,0.0008276331801705875
ID_L6J9SJ,0.36497438178260094,0.6115004447607187,0.698854296388543,0.0012062900740183078,0.0019180650523992176,0.0024244236565460642
ID_VD5NIC,0.7797276285358476,0.6664516989859455,0.7296589574808753,0.001955963720595857,0.002264368542399484,0.0026295310107408167
ID_AKV0AN,0.36497438178260094,0.23784967087706813,0.221692759295499,0.0005774460447468385,0.0008171618395500347,0.0008171618395500347
ID_5MQI2A,0.36497438178260094,0.5167783312577833,0.49245418964597043,0.0010538687474374799,0.0012163219710742664,0.001275913687811126
ID_8T676E,0.36497438178260094,0.5533533179149618,0.5432330546166163,0.0011395205779038298,0.0016574579152180248,0.001778590387582401
ID_80I3YJ,0.36497438178260094,0.508256004269703,0.4866838640811244,0.0010565880091244445,0.0011605664603837223,0.001205038617097116
ID_AJ2J12,0.36497438178260094,0.23784967087706813,0.221692759295499,0.0004493250290695025,0.000676864230788214,0.000676864230788214
ID_IYSD3F,0.36497438178260094,0.5379953744885252,0.5845130759651308,0.000656392669542038,0.0015453778537981948,0.0018338580631473808
ID_QXMOH6,0.36497438178260094,0.23784967087706813,0.221692759295499,0.0005454349734973275,0.000803303048119722,0.000803303048119722
ID_LRD6RE,0.36497438178260094,0.5192640099626401,0.49529496530866396,0.0009733593434369646,0.001278467504513338,0.001356747280780364
ID_8H40BW,0.36497438178260094,0.5347995018679951,0.5043499377334993,0.0010894570117201757,0.0013237061211948894,0.001374891048491157
ID_KGCLKE,0.7884275040028464,0.7907356342287849,0.8300626223091977,0.002064525035843298,0.00360262312812436,0.005823372840226768
ID_IVC3Q9,0.36497438178260094,0.6391980074719801,0.6805668030599538,0.0013058741723731633,0.002540482673410961,0.0028767913662276854
ID_YBET63,0.7884275040028464,0.6462999466287137,0.6805668030599538,0.0020744558842878806,0.0020793927556874195,0.002383441659204102
ID_LKVF8D,0.36497438178260094,0.23784967087706813,0.221692759295499,0.00054312947811909,0.0008093403947584384,0.0008093403947584384
ID_N0KRIO,0.36497438178260094,0.649051948051948,0.777774595267746,0.0012631563336310873,0.002402784525269959,0.005805781940100479
ID_8OUOJV,0.7896703433552749,0.7154550791674079,0.7362282512008539,0.0021756594182677775,0.0028128440144790903,0.0030859861347121995
ID_Y5B1VB,0.36497438178260094,0.23784967087706813,0.221692759295499,0.0004574281137456617,0.000693609955232244,0.000693609955232244
ID_GVBQQE,0.36497438178260094,0.23784967087706813,0.221692759295499,0.0004713231913953722,0.0006953451114501571,0.0006953451114501571
ID_SE1BFM,0.36497438178260094,0.6162054794520548,0.7080868172922967,0.0011987406402022398,0.002331723396985617,0.0028792369641031912
ID_MXRB9X,0.36497438178260094,0.6862483543853407,0.7588656822629425,0.001334072351320048,0.0028114949430386926,0.0036662552746201107
ID_JXBY22,0.36497438178260094,0.23784967087706813,0.221692759295499,0.000492020441389853,0.0007133080205750958,0.0007133080205750958
ID_N6FNIX,0.36497438178260094,0.23784967087706813,0.221692759295499,0.0005014934131876734,0.0007504194964603828,0.0007504194964603828
ID_OORS9Y,0.36497438178260094,0.23784967087706813,0.221692759295499,0.0005710809229167418,0.0009509222790841336,0.0009509222790841336
ID_VU3YY8,0.36497438178260094,0.23784967087706813,0.221692759295499,0.0005650924680008377,0.0009397191262775327,0.0009397191262775327
ID_X65SMS,0.36497438178260094,0.23784967087706813,0.221692759295499,0.0009093211403329348,0.0009787902498517205,0.0009787902498517205
ID_8U14T8,0.36497438178260094,0.23784967087706813,0.4629811421455257,0.0005583541900523642,0.0008668752175201667,0.00101535284982632
ID_1J3E42,0.36497438178260094,0.23784967087706813,0.221692759295499,0.000478926424870938,0.000693264104422448,0.000693264104422448
ID_BWGEAG,0.36497438178260094,0.4765636007827789,0.47842785981142144,0.0006397848717007346,0.0010404529573489517,0.001055705167408047
ID_M2AV6H,0.36497438178260094,0.7751113680839709,0.7729807863369507,0.0013623863901378495,0.004210215100643003,0.005073324219821354
ID_WH3JS3,0.36497438178260094,0.5011540651129692,0.4847308308130226,0.0010517236042627345,0.0011478992914840031,0.001188031376894839
ID_NZ3V3Z,0.36497438178260094,0.23784967087706813,0.221692759295499,0.0005444491619683149,0.0009400246423233479,0.0009400246423233479
ID_XVUXT6,0.36497438178260094,0.6340491015833482,0.6902431951610034,0.001268914109996289,0.0021572383258555055,0.00249236721537613
ID_OQLIHX,0.36497438178260094,0.23784967087706813,0.221692759295499,0.000501714686711729,0.0007430025272607919,0.0007430025272607919
ID_ZQJL1B,0.36497438178260094,0.524945561288027,0.4965378046610924,0.00105993028843628,0.0012620769784337242,0.0013336205843573683
ID_79Y7EX,0.7862969222558264,0.7353405088062622,0.8155924212773528,0.002052262361032226,0.0029769320272560102,0.0050841423443336855
ID_28J9J5,0.8044068671054972,0.8067149973314357,0.8243810709838106,0.002404272413592965,0.004561126961562035,0.005420328874776596
ID_910L6Y,0.7816806618039495,0.7733358832947874,0.8057384806973849,0.001970659229890376,0.0033172056044167156,0.0038663465312160947
ID_EN93YN,0.36497438178260094,0.4894358655043587,0.5382616972069026,0.0014294531555612887,0.0015987264143449886,0.0018879876776284172
ID_38GYOD,0.36497438178260094,0.5166007827788649,0.5032846468599893,0.0010295831428236018,0.0012681718821779633,0.0013697871399387352
ID_G7TIWW,0.36497438178260094,0.23784967087706813,0.221692759295499,0.000564904056266571,0.0009546849510874174,0.0009546849510874174
ID_GFIAH6,0.36497438178260094,0.6181585127201565,0.6070617327877601,0.0011824909743295487,0.0020458865886713445,0.002230462273063272
ID_77P9GP,0.36497438178260094,0.7177632093933464,0.7355180572851806,0.0012063807932080452,0.0025603247446817036,0.002875641672175447
ID_8AL0A1,0.36497438178260094,0.6233074186087885,0.6593497598292118,0.0012211522987238823,0.002303062334671529,0.0025573739573624315
ID_EZDTQB,0.36497438178260094,0.5206843977939868,0.503639743817826,0.0011076219687990623,0.0013046856046808465,0.0014025221318811707
ID_9S11YT,0.36497438178260094,0.5086998754669988,0.4889032200676036,0.0010589936892831837,0.001163844435423949,0.0012322038342869653
ID_WWIG9X,0.36497438178260094,0.23784967087706813,0.221692759295499,0.0005431573252823609,0.0008094259820660701,0.0008094259820660701
ID_FH1O04,0.36497438178260094,0.4849971535314001,0.49076747909624624,0.0006855948648821982,0.0011016923704410518,0.0011268076168641642
ID_1G39W0,0.36497438178260094,0.6801229318626579,0.696812488880982,0.0011890615980607784,0.0021749744860110718,0.0024075958625497267
ID_54AWCS,0.36497438178260094,0.23784967087706813,0.221692759295499,0.0006349068317011621,0.00101535284982632,0.00101535284982632
ID_EFML0I,0.7397792207792208,0.49422967443515387,0.47150346913360613,0.0010001677722962948,0.0010814281039144883,0.0010814281039144883
ID_9561UW,0.36497438178260094,0.23784967087706813,0.221692759295499,0.0005948624210723386,0.0008812446635486643,0.0008812446635486643
ID_SKRXO8,0.36497438178260094,0.23784967087706813,0.221692759295499,0.0004451998247861178,0.000700374818735632,0.000700374818735632
ID_T1ZFPC,0.7377374132716599,0.4894358655043587,0.46866269347091266,0.0010087384532910916,0.0010892985848465668,0.0010892985848465668
ID_GOZQWK,0.36497438178260094,0.23784967087706813,0.221692759295499,0.0005733110545893347,0.0007981568659398495,0.0007981568659398495
ID_JKBQHX,0.36497438178260094,0.23784967087706813,0.221692759295499,0.000542188380868209,0.0008132674910896887,0.0008132674910896887
ID_IGRJAM,0.36497438178260094,0.23784967087706813,0.221692759295499,0.0005236164188546484,0.0008295967707668707,0.0008295967707668707
ID_5BWJ28,0.36497438178260094,0.23784967087706813,0.221692759295499,0.00045230821272415855,0.0006903954548476603,0.0006903954548476603
ID_GKAI11,0.36497438178260094,0.23784967087706813,0.221692759295499,0.0004568584623154884,0.0007055026971795053,0.0007055026971795053
ID_A6815G,0.36497438178260094,0.7308130225938445,0.7588656822629425,0.0016342350155531243,0.0035307927139212186,0.004208447780893652
ID_VIDOWQ,0.36497438178260094,0.23784967087706813,0.221692759295499,0.000524752703324427,0.0007690774145761651,0.0008122608091767673
ID_OOOX4T,0.7401343177370575,0.49458477139299056,0.47168101761252446,0.0010005696524724777,0.0010817584630266814,0.0010817584630266814
ID_AE9R4L,0.36497438178260094,0.23784967087706813,0.221692759295499,0.0005257050177443875,0.0007851365497452478,0.0007851365497452478
ID_F8AO95,0.36497438178260094,0.23784967087706813,0.221692759295499,0.0005793920833534624,0.0008007314323995535,0.0008007314323995535
ID_X6ZOJH,0.7401343177370575,0.49458477139299056,0.47185856609144283,0.001000676615041148,0.0010820058303087391,0.0010820058303087391
ID_O1TPCL,0.36497438178260094,0.23784967087706813,0.221692759295499,0.0006292751164582367,0.0009957832746665394,0.0009957832746665394
ID_UHXSJT,0.36497438178260094,0.23784967087706813,0.221692759295499,0.0004520488551059458,0.0006918285628145862,0.0006918285628145862
ID_O844TL,0.7486566447251379,0.5458962818003914,0.5256557552037003,0.0010431804672501655,0.0011328943082396488,0.0011389099177837327
ID_AS1OS1,0.7401343177370575,0.49458477139299056,0.47203611457036115,0.001000676615041148,0.0010822070385888122,0.0010822070385888122
ID_MMEHS3,0.36497438178260094,0.23784967087706813,0.221692759295499,0.00045230821272415855,0.0006903954548476603,0.0006903954548476603
ID_CQFY1Y,0.8264228784913716,0.7468811599359544,0.7172305639565913,0.002547622139811087,0.0027077985228475664,0.0027885246951610933
ID_JGBB5Z,0.36497438178260094,0.23784967087706813,0.221692759295499,0.00045126120398338303,0.0006994817594803829,0.0006994817594803829
ID_5844IN,0.36497438178260094,0.23784967087706813,0.221692759295499,0.0006275937031344554,0.0009957832746665394,0.0009957832746665394
ID_1CHR0U,0.36497438178260094,0.23784967087706813,0.221692759295499,0.0005145022012536064,0.0009422223757721772,0.0009422223757721772
ID_KA4XEL,0.36497438178260094,0.23784967087706813,0.221692759295499,0.0006306509461984237,0.0010062432633337864,0.0010062432633337864
ID_HC45O8,0.36497438178260094,0.23784967087706813,0.5063029710016012,0.0010199709241560215,0.0012873141241457864,0.0015939772032157104
ID_Q29LQD,0.7404894146948942,0.49493986835082726,0.4722136630492795,0.0010019444707077296,0.0010822810211395563,0.0010822810211395563
ID_QJV4SK,0.7406669631738124,0.4951174168297456,0.4725687600071162,0.0010033082053695168,0.0010826294470835556,0.0010826294470835556
ID_JNXALI,0.36497438178260094,0.23784967087706813,0.221692759295499,0.0004451998247861178,0.000700374818735632,0.000700374818735632
ID_G1IG7E,0.7488341932040562,0.5460738302793098,0.5260108521615371,0.0010433087041894322,0.0011329933972836275,0.001138927387321741
ID_8B0B3T,0.7380925102294965,0.49032360789895035,0.468840241949831,0.0010090325966723155,0.0010895633464728224,0.0010895633464728224
ID_2VT9FI,0.36497438178260094,0.5912599181640278,0.5556614481409001,0.000601151217887687,0.001507643768559468,0.001507643768559468
ID_WACT7O,0.36497438178260094,0.23784967087706813,0.221692759295499,0.0006666201963028046,0.000901602989827579,0.000901602989827579
ID_WNI8DN,0.7408445116527309,0.49529496530866396,0.4725687600071162,0.001003558739204714,0.0010834113380154711,0.0010834113380154711
ID_FQTAK3,0.36497438178260094,0.23784967087706813,0.221692759295499,0.00044854775780761385,0.0006956336190864933,0.0006956336190864933
ID_574DIZ,0.7410220601316492,0.4954725137875823,0.4725687600071162,0.001003558739204714,0.001083834376113045,0.001083834376113045
ID_7SDSE9,0.36497438178260094,0.23784967087706813,0.221692759295499,0.0004584263688117452,0.0007030378983429042,0.0007030378983429042
ID_DFV6SX,0.7463485144991995,0.5017754847891833,0.4772737946984522,0.0010569294345147621,0.0010791222652193101,0.0010791222652193101
ID_SRC95U,0.7380925102294965,0.4905011563778687,0.4690177904287493,0.0010091882259812815,0.0010903601086424736,0.0010903601086424736
ID_22PEEN,0.7481239992883828,0.5092325209037538,0.48180128091086993,0.0011315533759109412,0.0011315533759109412,0.0011315533759109412
ID_NI4J6I,0.36497438178260094,0.23784967087706813,0.221692759295499,0.0004568471117162863,0.000697733291579905,0.000697733291579905
ID_9W1XKU,0.8603346379647749,0.8063599003735991,0.7947304750044477,0.004268597814796655,0.004828357887919876,0.004828357887919876
ID_EXXRVW,0.7383588329478741,0.49067870485678705,0.4695504358655043,0.0010094117827915054,0.0010903601086424736,0.0010903601086424736
ID_X1B7HZ,0.36497438178260094,0.23784967087706813,0.49076747909624624,0.000925984506077595,0.0011585102581980079,0.0013820834783796478
ID_2Z66EB,0.36497438178260094,0.23784967087706813,0.221692759295499,0.0006277768735131878,0.0009957832746665394,0.0009957832746665394
ID_3DF023,0.36497438178260094,0.23784967087706813,0.221692759295499,0.0005617255605973558,0.0007802469142331333,0.0007802469142331333
ID_838T04,0.36497438178260094,0.23784967087706813,0.221692759295499,0.000497951488810455,0.0007098481329453471,0.0007098481329453471
ID_DCRP7F,0.36497438178260094,0.23784967087706813,0.221692759295499,0.0004526601589051961,0.0006949188145330305,0.0006949188145330305
ID_9KDNRL,0.36497438178260094,0.23784967087706813,0.221692759295499,0.00047044350903826463,0.0007107485469813977,0.0007107485469813977
ID_LVSS4O,0.36497438178260094,0.5936568226294253,0.559212417719267,0.0006030995573016992,0.0015460026555805838,0.001552226011750599
ID_YAUK98,0.36497438178260094,0.23784967087706813,0.221692759295499,0.00044449299432162064,0.0006770440844453119,0.0006770440844453119
ID_VZO2C8,0.36497438178260094,0.23784967087706813,0.221692759295499,0.00046065397008214894,0.0006880370743163506,0.0006880370743163506
ID_B22C03,0.7411996086105676,0.4956500622665006,0.4729238569649528,0.0010036420501762214,0.0010838411883720353,0.0010838411883720353
ID_OSSELX,0.8267779754492084,0.7470587084148728,0.7172305639565913,0.002560224045694568,0.002709383569178975,0.0027915928407392944
ID_RVMS83,0.36497438178260094,0.23784967087706813,0.221692759295499,0.0004533843029861541,0.00069117847228114,0.00069117847228114
ID_N9GDIY,0.7467036114570361,0.5135824586372532,0.48570734744707345,0.0010894570117201757,0.0011446897133587537,0.0011558171238217072
ID_86DS0O,0.7413771570894858,0.495827610745419,0.4731014054438712,0.0010039351872533477,0.0010838411883720353,0.0010838411883720353
ID_ZBG39I,0.36497438178260094,0.23784967087706813,0.221692759295499,0.0005650196115271917,0.0007797371894657687,0.0007797371894657687
ID_FLWZUM,0.36497438178260094,0.23784967087706813,0.221692759295499,0.0004533843029861541,0.00069117847228114,0.00069117847228114
ID_B64QFC,0.36497438178260094,0.5933017256715887,0.6156728340152997,0.0007881610182734344,0.0018650188256105085,0.0021175724052255795
ID_STOONH,0.7385363814267925,0.4908562533357054,0.4695504358655043,0.0010094117827915054,0.0010904618425133148,0.0010904618425133148
ID_WOGWV5,0.36497438178260094,0.23784967087706813,0.221692759295499,0.000567635635108048,0.0007958389342685414,0.0007958389342685414
ID_DHNB48,0.7416434798078634,0.4960051592243373,0.47327895392278957,0.0010040384534836424,0.0010841686537465358,0.0010841686537465358
ID_VAEHAO,0.36497438178260094,0.23784967087706813,0.221692759295499,0.0006338998755109765,0.0010242656811415346,0.0010251876145160775
ID_HLN7YL,0.7416434798078634,0.4962714819427148,0.4734565024017079,0.0010040486923087624,0.0010841686537465358,0.0010841686537465358
ID_JSD8GD,0.7419098025262408,0.4962714819427148,0.4736340508806262,0.0010041500890410038,0.0010841686537465358,0.0010841686537465358
ID_YMYL5P,0.36497438178260094,0.23784967087706813,0.221692759295499,0.00044449299432162064,0.0006770440844453119,0.0006770440844453119
ID_JWJ6LD,0.36497438178260094,0.23784967087706813,0.221692759295499,0.0004451998247861178,0.000700374818735632,0.000700374818735632
ID_YW34VH,0.7421761252446184,0.4966265789005515,0.47407792207792204,0.001004185828888493,0.0010846719353098371,0.0010846719353098371
ID_X5FI4F,0.36497438178260094,0.23784967087706813,0.221692759295499,0.0006152097473744078,0.0010566000809640813,0.0010566000809640813
ID_HOX29F,0.36497438178260094,0.23784967087706813,0.221692759295499,0.00044912175744677715,0.0006840303108744668,0.0006840303108744668
ID_5EH9MJ,0.36497438178260094,0.23784967087706813,0.221692759295499,0.0006271591184694718,0.001003769683182706,0.001004116925207823
ID_D2SQ2F,0.8267779754492084,0.7472362568937911,0.7176744351538872,0.002574657040053235,0.002709383569178975,0.0027942379821003158
ID_TMFZSB,0.7421761252446184,0.4966265789005515,0.47407792207792204,0.0010049425575339816,0.0010847414820606904,0.0010847414820606904
ID_WZLIOZ,0.7387139299057107,0.4911225760540829,0.4695504358655043,0.0010094117827915054,0.0010908241530745947,0.0010908241530745947
ID_GW81H7,0.36497438178260094,0.23784967087706813,0.221692759295499,0.00044466991435940966,0.000700462847139699,0.000700462847139699
ID_8H6FU1,0.36497438178260094,0.23784967087706813,0.221692759295499,0.00046302796729284887,0.0006912179477011176,0.0006912179477011176
ID_8Y8FZW,0.8267779754492084,0.7475913538516279,0.7176744351538872,0.0025797786495254872,0.002709383569178975,0.0027979717128353673
ID_QTMQF9,0.36497438178260094,0.23784967087706813,0.221692759295499,0.0005664125415332842,0.0007929543115091414,0.0007929543115091414
ID_MO29LK,0.36497438178260094,0.23784967087706813,0.221692759295499,0.0005680766068781634,0.0007763397708317089,0.0007763397708317089
ID_HEFVRV,0.827133072407045,0.7475913538516279,0.7179407578722647,0.002583516487546078,0.002710330329862038,0.0028075184279905355
ID_HM2KF9,0.36497438178260094,0.7829235011563779,0.7417322540473225,0.0009854609112166777,0.0038608732382953573,0.0038608732382953573
ID_T2LQRI,0.7493668386408112,0.5054152286070095,0.4807359900373599,0.0011172069599879291,0.0011172069599879291,0.0011172069599879291
ID_WKW5QW,0.36497438178260094,0.23784967087706813,0.221692759295499,0.0005328633940042505,0.0008301560262889349,0.0008301560262889349
ID_YW71NA,0.36497438178260094,0.23784967087706813,0.221692759295499,0.0004451998247861178,0.000700374818735632,0.000700374818735632
ID_WG14C6,0.36497438178260094,0.23784967087706813,0.221692759295499,0.0005568941177736765,0.0007603361338946575,0.0007603361338946575
ID_ZWP9EJ,0.36497438178260094,0.23784967087706813,0.221692759295499,0.0004825484202841438,0.000717312874897515,0.000717312874897515
ID_N694IA,0.36497438178260094,0.23784967087706813,0.221692759295499,0.0004540536996549774,0.0007004745938350521,0.0007004745938350521
ID_BADU0T,0.36497438178260094,0.23784967087706813,0.221692759295499,0.00048590272224458214,0.0007184543566494133,0.0007184543566494133
ID_3X96G5,0.36497438178260094,0.23784967087706813,0.221692759295499,0.0005679228642589153,0.0007803662314333656,0.0007803662314333656
ID_C2SL3S,0.36497438178260094,0.23784967087706813,0.221692759295499,0.0005182113178715534,0.0008301560262889349,0.0008301560262889349
ID_O4DJ6G,0.36497438178260094,0.23784967087706813,0.221692759295499,0.0004436888740737209,0.0006849488836124292,0.0006849488836124292
ID_71R9X9,0.36497438178260094,0.23784967087706813,0.221692759295499,0.0004451998247861178,0.000700374818735632,0.000700374818735632
ID_ZDM8BX,0.7490117416829746,0.546251378758228,0.5260108521615371,0.0010442829725069035,0.0011329933972836275,0.0011400238998151473
ID_95AMEG,0.36497438178260094,0.23784967087706813,0.221692759295499,0.0006397848717007346,0.0010402117900097003,0.0010402117900097003
ID_PFYUD5,0.8746272905177015,0.8791547767301192,0.9064972424835439,0.006312644496152377,0.011906691724175746,0.03237499693014444
ID_VO4JHF,0.36497438178260094,0.23784967087706813,0.221692759295499,0.0004533843029861541,0.00069117847228114,0.00069117847228114
ID_9VY7H9,0.36497438178260094,0.6115004447607187,0.6419500088952145,0.0008253398041302176,0.0020772779408247534,0.002652593798649949
ID_PL4QY0,0.36497438178260094,0.23784967087706813,0.221692759295499,0.0005622996089417709,0.0007687875782081443,0.0007687875782081443
ID_Q3UAV5,0.7346303148905888,0.23784967087706813,0.4535710727628536,0.0009723521800056794,0.0010310797664516472,0.0010310797664516472
ID_23NRCI,0.36497438178260094,0.23784967087706813,0.221692759295499,0.0005600948334307298,0.0007733215769044234,0.0007733215769044234
ID_T58A3E,0.742442447962996,0.496892901618929,0.47407792207792204,0.0010051024182564,0.0010847752609996503,0.0010847752609996503
ID_VFP3AX,0.8225168119551681,0.8351227539583704,0.8319268813378403,0.005056560437990132,0.008571254404073898,0.009765598749836417
ID_9P0RI1,0.8309503647037894,0.8440001779042875,0.8329921722113502,0.005296132838462899,0.00882493433977591,0.009431984095091052
ID_PM90HD,0.36497438178260094,0.23784967087706813,0.221692759295499,0.0004534311241178898,0.0007011282000529352,0.0007011282000529352
ID_RGEP75,0.36497438178260094,0.23784967087706813,0.5064805194805194,0.0010199709241560215,0.0012892941005169928,0.0015947190178134754
ID_0V5W7R,0.8603346379647749,0.806892545810354,0.7916233766233767,0.004388849608087954,0.004603613202363969,0.004603613202363969
ID_13XPOY,0.7868295676925814,0.7568238747553816,0.7941978295676926,0.0014526252603476154,0.002674017806908827,0.004342698917376265
ID_34V217,0.36497438178260094,0.23784967087706813,0.221692759295499,0.0005274984512571092,0.0007636621988385345,0.0008016678317089622
ID_PII98H,0.36497438178260094,0.23784967087706813,0.221692759295499,0.0005425428838749527,0.0008447204439771435,0.0008447204439771435
ID_0FEW1F,0.36497438178260094,0.23784967087706813,0.221692759295499,0.0004599628663390583,0.0007061938426688311,0.0007061938426688311
ID_WCKBMG,0.36497438178260094,0.23784967087706813,0.221692759295499,0.0005237957743786099,0.0007766994779440149,0.0008214755074507786
ID_08DG5M,0.36497438178260094,0.23784967087706813,0.221692759295499,0.00045149112062617717,0.0006900787108979553,0.0006900787108979553
ID_NR39DV,0.36497438178260094,0.23784967087706813,0.221692759295499,0.0005032884394539438,0.0007705272823472168,0.0007705272823472168
ID_HL1IVR,0.36497438178260094,0.23784967087706813,0.221692759295499,0.0004695532111758461,0.000709438648869687,0.000709438648869687
ID_M7G1UN,0.7426199964419142,0.4971592243373065,0.47407792207792204,0.0010054515781663346,0.0010847752609996503,0.0010847752609996503
ID_PTXVXA,0.36497438178260094,0.23784967087706813,0.221692759295499,0.0004443977288976638,0.0006963514354789437,0.0006963514354789437
ID_6M5MZL,0.36497438178260094,0.23784967087706813,0.221692759295499,0.0004578849302983231,0.0006809663874934724,0.0006809663874934724
ID_DULZGI,0.36497438178260094,0.23784967087706813,0.221692759295499,0.00046296863518080933,0.0006882133953483952,0.0006882133953483952
ID_LZU656,0.7317895392278955,0.7562912293186266,0.7779521437466643,0.001850673098072956,0.004903612761502217,0.007473331167124549
ID_1UYN03,0.36497438178260094,0.7358731542430172,0.7250426970289984,0.0017123248957438698,0.0038266956137340893,0.004125881056226463
ID_REBSF2,0.36497438178260094,0.23784967087706813,0.221692759295499,0.0005579664963404915,0.0007819772463526372,0.0007819772463526372
ID_LFP94I,0.36497438178260094,0.23784967087706813,0.221692759295499,0.0006211736436521325,0.0009801954972045836,0.0009801954972045836
ID_E8GMOT,0.36497438178260094,0.23784967087706813,0.221692759295499,0.0005651957679252051,0.0007787577738620038,0.0007787577738620038
ID_SLSO1E,0.36497438178260094,0.23784967087706813,0.221692759295499,0.0004611822163694073,0.0007236321350825907,0.0007236321350825907
ID_OZ54TY,0.7427975449208326,0.4971592243373065,0.47452179327521793,0.0010055232340024144,0.0010847752609996503,0.0010847752609996503
ID_2XT9TI,0.8415144991994307,0.8527888276107454,0.848438889877246,0.006281811311494303,0.0100779506730888,0.011144951921487527
ID_6WQFJU,0.8273106208859633,0.7475913538516279,0.7182958548301014,0.0025943355780430563,0.002712435823571817,0.002811604380928597
ID_5WL3Y6,0.36497438178260094,0.23784967087706813,0.221692759295499,0.0004593892917137456,0.0007058901402204703,0.0007058901402204703
ID_H0N40Y,0.36497438178260094,0.23784967087706813,0.221692759295499,0.0006050792895212549,0.001010225511858369,0.001010225511858369
ID_LC7WV1,0.8309503647037894,0.8428461127913183,0.8353890766767479,0.005253821829857268,0.008768625813974883,0.009595385056213821
ID_8JMBE0,0.36497438178260094,0.23784967087706813,0.462093399750934,0.0006552611609637613,0.0010427226186335483,0.0011126602751555005
ID_D54YT9,0.36497438178260094,0.23784967087706813,0.221692759295499,0.0005679456150314663,0.0007788119785797667,0.0007788119785797667
ID_AKO2D7,0.36497438178260094,0.23784967087706813,0.221692759295499,0.000505016203689951,0.0008957687162786486,0.0008957687162786486
ID_AFFUFE,0.36497438178260094,0.23784967087706813,0.221692759295499,0.0006405592374947019,0.0010275818760091273,0.0010289728462250206
ID_3G5BHU,0.7388914783846291,0.4911225760540829,0.4695504358655043,0.0010094117827915054,0.0010913760159730176,0.0010913760159730176
ID_SVTUNC,0.7429750933997509,0.49742554705568404,0.47469934175413625,0.0010058676028950437,0.0010847752609996503,0.0010847752609996503
ID_A7DKT7,0.36497438178260094,0.23784967087706813,0.221692759295499,0.0005725375848322955,0.0007981568659398495,0.0007981568659398495
ID_D1J9QX,0.7495443871197296,0.5478493150684931,0.5308046610923323,0.0010565880091244445,0.0011358160234029625,0.001152545041890781
ID_OU67R8,0.7390690268635474,0.49138889877246045,0.4695504358655043,0.0010103551492248862,0.0010915747468261301,0.0010915747468261301
ID_QTR8MC,0.36497438178260094,0.23784967087706813,0.221692759295499,0.0005249125905169799,0.0007844642162159761,0.0007844642162159761
ID_NC86Y4,0.36497438178260094,0.23784967087706813,0.221692759295499,0.0004381293611298448,0.0006909151720435152,0.0006909151720435152
ID_A8FL82,0.36497438178260094,0.23784967087706813,0.221692759295499,0.0005595168143176111,0.0009581317881309039,0.0009581317881309039
ID_WC0D1P,0.7530953566980965,0.5277863369507205,0.4997336772816225,0.0011440996588989647,0.0011440996588989647,0.0011440996588989647
ID_PWAUK1,0.36497438178260094,0.23784967087706813,0.221692759295499,0.0005729792409226239,0.0007849465395286975,0.0007849465395286975
ID_GIFIE7,0.36497438178260094,0.23784967087706813,0.221692759295499,0.0004554948129453317,0.0006815694033140318,0.0006815694033140318
ID_YOLT7L,0.36497438178260094,0.23784967087706813,0.221692759295499,0.000568442886769039,0.0007763848894455971,0.0007763848894455971
ID_AOHLCR,0.36497438178260094,0.23784967087706813,0.221692759295499,0.00046021880239669616,0.0006966159728806306,0.0006966159728806306
ID_MC4FYO,0.36497438178260094,0.23784967087706813,0.221692759295499,0.0005702403784206237,0.0007872620975118489,0.0007872620975118489
ID_LGOAXV,0.36497438178260094,0.23784967087706813,0.221692759295499,0.00046869206887956535,0.0007124379366182117,0.0007124379366182117
ID_DDUFHC,0.36497438178260094,0.23784967087706813,0.221692759295499,0.0005740921658616291,0.0007982446861337517,0.0007982446861337517
ID_H0RGUD,0.36497438178260094,0.4894358655043587,0.4807359900373599,0.0006110127441509416,0.0010923138415059419,0.0010984416295108377
ID_AMG79K,0.36497438178260094,0.23784967087706813,0.221692759295499,0.0004758688817508952,0.0007277074645784683,0.0007277074645784683
ID_QJ7ZG7,0.36497438178260094,0.23784967087706813,0.221692759295499,0.00045230821272415855,0.0006903954548476603,0.0006903954548476603
ID_O1IR2M,0.7431526418786693,0.49760309553460236,0.47487689023305457,0.0010060038442992094,0.001085446235703098,0.001085446235703098
ID_NE2WWT,0.36497438178260094,0.23784967087706813,0.221692759295499,0.0005241117281357872,0.0009397191262775327,0.0009397191262775327
ID_B7S9BY,0.36497438178260094,0.23784967087706813,0.221692759295499,0.0005730263431557201,0.0007935277311398407,0.0007935277311398407
ID_QPCJON,0.36497438178260094,0.5912599181640278,0.5558389966198185,0.000601151217887687,0.001507643768559468,0.001507643768559468
ID_LBAOGX,0.36497438178260094,0.23784967087706813,0.221692759295499,0.000463659119480634,0.0007040345139532798,0.0007040345139532798
ID_ZX88UJ,0.36497438178260094,0.23784967087706813,0.221692759295499,0.0005672904927881892,0.0007809764437116193,0.0007809764437116193
ID_O5C888,0.36497438178260094,0.23784967087706813,0.221692759295499,0.0005706389080796251,0.0007758371985768647,0.0007758371985768647
ID_NALJCO,0.36497438178260094,0.23784967087706813,0.221692759295499,0.0005502815935669251,0.0007879158121117817,0.0008318846647951641
ID_YE6913,0.36497438178260094,0.23784967087706813,0.221692759295499,0.0004478757015825869,0.0007019567300581883,0.0007019567300581883
ID_11KZ0U,0.36497438178260094,0.23784967087706813,0.221692759295499,0.000656392669542038,0.0009096200542365001,0.0009096200542365001
ID_WBNOOL,0.36497438178260094,0.23784967087706813,0.221692759295499,0.0004533843029861541,0.00069117847228114,0.00069117847228114
ID_6W4LRH,0.7433301903575876,0.49778064401352073,0.475054438711973,0.0010069421348551317,0.0010870333718318238,0.0010870333718318238
ID_WBH8B3,0.36497438178260094,0.23784967087706813,0.221692759295499,0.0006363191312167884,0.001038783259917698,0.001038783259917698
ID_Y1VP8I,0.36497438178260094,0.23784967087706813,0.221692759295499,0.0005664133148822672,0.0007930189040523495,0.0007930189040523495
ID_RTUQI0,0.36497438178260094,0.23784967087706813,0.221692759295499,0.0006303975091559041,0.001010225511858369,0.001010225511858369
ID_KUH46J,0.36497438178260094,0.23784967087706813,0.221692759295499,0.0004381293611298448,0.0006909151720435152,0.0006909151720435152
ID_FNPWIO,0.36497438178260094,0.23784967087706813,0.221692759295499,0.0004431897764691995,0.0006847294458038522,0.0006847294458038522
ID_LL7LKM,0.36497438178260094,0.23784967087706813,0.4910338018146237,0.0009266393419737131,0.0011588450426320825,0.0013824133536097414
ID_8JXK5Z,0.36497438178260094,0.23784967087706813,0.221692759295499,0.0004727717923155215,0.0006966867729929897,0.0006966867729929897
ID_RVDWFT,0.36497438178260094,0.23784967087706813,0.221692759295499,0.0005318657663555777,0.0007681751465293685,0.0008092854831180786
ID_8RP3M8,0.36497438178260094,0.23784967087706813,0.221692759295499,0.00044070321490512904,0.000694112695715545,0.000694112695715545
ID_LVL634,0.8258902330546166,0.751852517345668,0.7213141789717132,0.002510762916111647,0.002773367999153132,0.002884342648976107
ID_DTCNOM,0.36497438178260094,0.23784967087706813,0.221692759295499,0.0005718646744692254,0.0007836071349331412,0.0007836071349331412
ID_LBOZ73,0.36497438178260094,0.23784967087706813,0.221692759295499,0.00044449299432162064,0.0006770440844453119,0.0006770440844453119
ID_RYVJD1,0.36497438178260094,0.23784967087706813,0.221692759295499,0.0005564621679380429,0.0009490923882894392,0.0009490923882894392
ID_XF725L,0.36497438178260094,0.23784967087706813,0.221692759295499,0.0006338998755109765,0.001010225511858369,0.001010225511858369
ID_HPW237,0.36497438178260094,0.23784967087706813,0.221692759295499,0.0004409527997172617,0.0006839691047207979,0.0006839691047207979
ID_X7D1UM,0.36497438178260094,0.23784967087706813,0.221692759295499,0.00047760372719226496,0.0006980024208670863,0.0006980024208670863
ID_YOT7XI,0.36497438178260094,0.23784967087706813,0.221692759295499,0.0005729936782757213,0.0007850492650669913,0.0007850492650669913
ID_98FMQO,0.36497438178260094,0.23784967087706813,0.221692759295499,0.0005602522862579623,0.0008466641158490891,0.0008466641158490891
ID_HQ0DQ7,0.36497438178260094,0.23784967087706813,0.221692759295499,0.000481242198459887,0.0007175531323492744,0.0007175531323492744
ID_POCUA6,0.36497438178260094,0.23784967087706813,0.221692759295499,0.000632004826770765,0.0010005014632313498,0.0010005014632313498
ID_CW729L,0.36497438178260094,0.23784967087706813,0.221692759295499,0.0005719800683358408,0.0007863700558733821,0.0007863700558733821
ID_LCYPU0,0.36497438178260094,0.23784967087706813,0.221692759295499,0.00045230821272415855,0.0006903954548476603,0.0006903954548476603
ID_NAKHWW,0.36497438178260094,0.23784967087706813,0.221692759295499,0.00046900627141293846,0.0006939878503650014,0.0006939878503650014
ID_ONQFWS,0.36497438178260094,0.5467840241949831,0.6343154243017257,0.0007840880038901382,0.0016489390208522352,0.0020394548990320793
ID_H1OEWH,0.36497438178260094,0.23784967087706813,0.221692759295499,0.00046804053083652943,0.0006921889506592618,0.0006921889506592618
ID_Q1IJJJ,0.36497438178260094,0.23784967087706813,0.221692759295499,0.0004276810508354371,0.0006605148089374435,0.0006605148089374435
ID_LX7DZQ,0.36497438178260094,0.23784967087706813,0.221692759295499,0.00044070321490512904,0.000694112695715545,0.000694112695715545
ID_XQ4CM7,0.36497438178260094,0.23784967087706813,0.221692759295499,0.0004675290006332555,0.0007114582569245986,0.0007114582569245986
ID_Z32YMV,0.36497438178260094,0.23784967087706813,0.221692759295499,0.0006348248477194472,0.001010225511858369,0.001010225511858369
ID_3Z42A5,0.36497438178260094,0.23784967087706813,0.221692759295499,0.0004565230339997271,0.0006943193125869906,0.0006943193125869906
ID_U94QW1,0.36497438178260094,0.23784967087706813,0.221692759295499,0.0005736041363600002,0.0009570338680721761,0.0009570338680721761
ID_VQRFFA,0.36497438178260094,0.23784967087706813,0.221692759295499,0.0006460336424415438,0.0010465614542499021,0.0010465614542499021
ID_FWAHKC,0.743507738836506,0.49795819249243906,0.4752319871908913,0.0010069421348551317,0.0010871521971681352,0.0010871521971681352
ID_HXWWIA,0.8290861056751467,0.8458644369329301,0.8475511474826544,0.005402688931799941,0.009212144454090947,0.010577568803047001
ID_OREIPY,0.36497438178260094,0.23784967087706813,0.221692759295499,0.00048031227181506036,0.0007157549417577685,0.0007157549417577685
ID_U838WM,0.36497438178260094,0.23784967087706813,0.221692759295499,0.0006349068317011621,0.00101535284982632,0.00101535284982632
ID_9N55U9,0.36497438178260094,0.23784967087706813,0.221692759295499,0.0005270645349122263,0.0009135905040238189,0.0009135905040238189
ID_LB396K,0.36497438178260094,0.23784967087706813,0.221692759295499,0.0005125742098839958,0.0007667035559900065,0.0007667035559900065
ID_A145CS,0.36497438178260094,0.23784967087706813,0.221692759295499,0.0005263322026379046,0.0009368682864781182,0.0009368682864781182
ID_X8FLQA,0.749189290161893,0.5464289272371464,0.5260108521615371,0.0010452475845490487,0.0011331276294703414,0.0011403660567366
ID_DFZGTP,0.36497438178260094,0.23784967087706813,0.221692759295499,0.0004593892917137456,0.0007058901402204703,0.0007058901402204703
ID_9WB9ER,0.36497438178260094,0.23784967087706813,0.221692759295499,0.0004456915197281723,0.000701016322063921,0.000701016322063921
ID_9PKSWB,0.8603346379647749,0.8152373243195161,0.801743639921722,0.004426176612237444,0.005012917050672612,0.005118733076926599
ID_G3JAYX,0.36497438178260094,0.5137600071161715,0.4862399928838285,0.0005779956402944964,0.0011625308175053396,0.0011840777528246604
ID_HSBW0H,0.36497438178260094,0.23784967087706813,0.4990234833659491,0.0007065577384085748,0.0012303812068366598,0.0014892779160698177
ID_0NSO7P,0.36497438178260094,0.23784967087706813,0.221692759295499,0.0004568471117162863,0.000697733291579905,0.000697733291579905
ID_52TFD0,0.36497438178260094,0.23784967087706813,0.221692759295499,0.0006166620511015993,0.001010225511858369,0.001010225511858369
ID_D1FACJ,0.36497438178260094,0.23784967087706813,0.221692759295499,0.0004520488551059458,0.0006918285628145862,0.0006918285628145862
ID_JL96S9,0.36497438178260094,0.23784967087706813,0.221692759295499,0.000520626062446221,0.0008186556740083985,0.0008186556740083985
ID_ZAD0FH,0.36497438178260094,0.23784967087706813,0.221692759295499,0.0004558470407727899,0.0006789122198832876,0.0006789122198832876
ID_4FWY0M,0.8281095890410959,0.7480352250489237,0.7182958548301014,0.002598272301657996,0.0027124689691541202,0.0028153821419262866
ID_A8CUPT,0.36497438178260094,0.23784967087706813,0.221692759295499,0.0005113335926269902,0.0008283051732542611,0.0008283051732542611
ID_94QLF8,0.36497438178260094,0.23784967087706813,0.221692759295499,0.00044449299432162064,0.0006770440844453119,0.0006770440844453119
ID_70653K,0.36497438178260094,0.23784967087706813,0.221692759295499,0.0005851475259761741,0.0007958389342685414,0.0007958389342685414
ID_14JUT9,0.36497438178260094,0.5526431239992884,0.6057301191958726,0.0007881610182734344,0.0017332055297862958,0.002015899755846333
ID_H2V2M0,0.36497438178260094,0.23784967087706813,0.221692759295499,0.0004451998247861178,0.000700374818735632,0.000700374818735632
ID_9WPT8S,0.8402716598470024,0.7916233766233767,0.7588656822629425,0.003153094541283999,0.003837621765915181,0.003837621765915181
ID_MLN1KY,0.36497438178260094,0.23784967087706813,0.221692759295499,0.0006356783007551062,0.0010395467441876576,0.0010395467441876576
ID_L9BHE4,0.36497438178260094,0.23784967087706813,0.221692759295499,0.000477598375476295,0.0007252466516641135,0.0007252466516641135
ID_2E4Z0T,0.7535392278953923,0.5542410603095534,0.524412915851272,0.0011667111911984362,0.0012427311197237534,0.0012971653481865066
ID_ZT06HL,0.36497438178260094,0.23784967087706813,0.221692759295499,0.0006217822051160329,0.00099565529747582,0.00099565529747582
ID_EZOD1A,0.36497438178260094,0.6275685821028287,0.6108790250845045,0.0005992468105423775,0.0019459009297280476,0.0020384105735055005
ID_8YFFOF,0.36497438178260094,0.23784967087706813,0.221692759295499,0.0006397848717007346,0.0010471795645128925,0.0010471795645128925
ID_HU2O61,0.36497438178260094,0.23784967087706813,0.221692759295499,0.0005808989355578533,0.0008582885573795995,0.0008582885573795995
ID_OWCHBD,0.7437740615548835,0.4981357409713574,0.47540953566980965,0.0010069421348551317,0.0010876605841269502,0.0010876605841269502
ID_IG2VDI,0.7392465753424657,0.4918327699697562,0.4700830813022594,0.0010109273043024003,0.0010915747468261301,0.0010915747468261301
ID_VAJXTJ,0.36497438178260094,0.4752319871908913,0.4549026863547412,0.0005755663800420945,0.001010225511858369,0.001010225511858369
ID_6IAYCJ,0.36497438178260094,0.23784967087706813,0.221692759295499,0.00045230821272415855,0.0006903954548476603,0.0006903954548476603
ID_9T1VYC,0.7535392278953923,0.5537084148727984,0.5242353673723537,0.0011662098598149739,0.001242114830181375,0.00129201862628857
ID_24SH8X,0.764813556306707,0.5840692047678349,0.5487370574630849,0.0013255259942364177,0.0014102242152186206,0.0014323922703728374
ID_8I7C6M,0.7437740615548835,0.49831328945027575,0.47558708414872797,0.0010070814861555819,0.0010878505252198943,0.0010878505252198943
ID_ABKXZ5,0.744040384273261,0.49849083792919413,0.47576463262764634,0.0010074057727857077,0.0010884349562542267,0.0010884349562542267
ID_V86WTI,0.36497438178260094,0.23784967087706813,0.221692759295499,0.00045575340306667025,0.0006969834169458942,0.0006969834169458942
ID_CXZJ2V,0.36497438178260094,0.23784967087706813,0.221692759295499,0.0005784495076974911,0.0008178278501927719,0.0008178278501927719
ID_HTMPB2,0.7474138053727095,0.5370188578544743,0.5072794876356521,0.0010972091303409967,0.0012051637634874078,0.001252086202996234
ID_LE7AJZ,0.36497438178260094,0.23784967087706813,0.4483333926347625,0.0008888209500546735,0.0009777112166622923,0.0009923174750411682
ID_JWE28K,0.36497438178260094,0.23784967087706813,0.221692759295499,0.0005861662375009305,0.0010588959116199234,0.0010588959116199234
ID_SO53CK,0.7444842554705569,0.4990234833659491,0.47594218110656467,0.0010074454871760517,0.0010887753956311226,0.0010887753956311226
ID_0CG34U,0.36497438178260094,0.23784967087706813,0.221692759295499,0.0005336619365507204,0.0008410361351704463,0.0008410361351704463
ID_2MRPP3,0.36497438178260094,0.23784967087706813,0.221692759295499,0.0004622023598842132,0.0007005164283683883,0.0007005164283683883
ID_PMXN5K,0.36497438178260094,0.5002663227183776,0.47132592065468776,0.0006163933067747891,0.0011065631078758832,0.0011065631078758832
ID_Z6SJMN,0.7444842554705569,0.4990234833659491,0.476119729585483,0.001007489241891571,0.0010888162499540532,0.0010888162499540532
ID_A7GI40,0.36497438178260094,0.23784967087706813,0.221692759295499,0.000463604271333953,0.0007029217401169253,0.0007029217401169253
ID_0KZUAR,0.36497438178260094,0.23784967087706813,0.221692759295499,0.00045981927659743515,0.0006882024515662898,0.0006882024515662898
ID_DG3MSI,0.7465260629781177,0.5021305817470202,0.47842785981142144,0.00111178466069693,0.0011256677394412538,0.0011256677394412538
ID_5J1CC3,0.36497438178260094,0.23784967087706813,0.221692759295499,0.0006397848717007346,0.0008130188013056783,0.0008130188013056783
ID_J415GF,0.36497438178260094,0.23784967087706813,0.221692759295499,0.0005063996736805275,0.0008016678317089622,0.0008016678317089622
ID_Q1L2TI,0.36497438178260094,0.23784967087706813,0.221692759295499,0.00045502531679521323,0.0006907168709395299,0.0006907168709395299
ID_MOHLRS,0.7444842554705569,0.4990234833659491,0.47629727806440136,0.0010078816602813656,0.001089123397879468,0.001089123397879468
ID_C774J9,0.36497438178260094,0.55140028464686,0.5442983454901263,0.0007367145211236335,0.001196184684681153,0.0012791200198152709
ID_SPCQ85,0.36497438178260094,0.23784967087706813,0.221692759295499,0.0004456915197281723,0.000701016322063921,0.000701016322063921
ID_GMYJFP,0.36497438178260094,0.23784967087706813,0.221692759295499,0.0006397848717007346,0.001038783259917698,0.001038783259917698
ID_ERHVEE,0.36497438178260094,0.23784967087706813,0.221692759295499,0.0005063996736805275,0.0008024010316660289,0.0008024010316660289
ID_WT1HQ6,0.36497438178260094,0.23784967087706813,0.221692759295499,0.000518024592507935,0.0007810983903954733,0.0008264486566849884
ID_TYY327,0.7521188400640456,0.5071907133961928,0.48144618395303324,0.0011349645299717766,0.0011349645299717766,0.0011349645299717766
ID_2W993C,0.36497438178260094,0.23784967087706813,0.221692759295499,0.00045534015400236163,0.000690324520532606,0.000690324520532606
ID_Q85Q17,0.8281095890410959,0.7480352250489237,0.7182958548301014,0.0026034169082081683,0.002714225140620298,0.0028167219383720544
ID_SNMSY2,0.36497438178260094,0.23784967087706813,0.221692759295499,0.0005576103275719692,0.0007807769061546285,0.0007807769061546285
ID_90FA7U,0.7449281266678527,0.4765636007827789,0.4592526240882405,0.001056081223510666,0.001056081223510666,0.001056081223510666
ID_X675QX,0.36497438178260094,0.23784967087706813,0.221692759295499,0.0006253987972634407,0.0008385163103096373,0.0009322598401927611
ID_5IAUIV,0.36497438178260094,0.23784967087706813,0.221692759295499,0.00045880649891924286,0.0006895296202248815,0.0006895296202248815
ID_HUVJV5,0.36497438178260094,0.23784967087706813,0.221692759295499,0.0005613442278573591,0.0007747646016565175,0.0007747646016565175
ID_PLDU8V,0.36497438178260094,0.23784967087706813,0.221692759295499,0.00045230821272415855,0.0006903954548476603,0.0006903954548476603
ID_NAL8DL,0.36497438178260094,0.23784967087706813,0.221692759295499,0.0005238541478412751,0.0008295967707668707,0.0008295967707668707
ID_JHAC5O,0.36497438178260094,0.23784967087706813,0.221692759295499,0.0004520488551059458,0.0006918285628145862,0.0006918285628145862
ID_APH98Z,0.36497438178260094,0.23784967087706813,0.221692759295499,0.00046065397008214894,0.0006880370743163506,0.0006880370743163506
ID_FHNDKH,0.9246071873332148,0.9171501512186444,0.9150195694716242,0.024279629242045745,0.024279629242045745,0.03423806163483652
ID_64A0TW,0.8758701298701299,0.901348336594912,0.8844812310976694,0.01168575523022399,0.04007455439403406,0.04078014695895798
ID_ZP6A8U,0.8877658779576588,0.8380523038605231,0.8329921722113502,0.014615016211979519,0.014615016211979519,0.01738151551275772
ID_LTA2T4,0.36497438178260094,0.5141151040740082,0.5952547589396905,0.0006789306938484168,0.0011494912782556185,0.0018080937077861031
ID_QXDAZX,0.8761364525885075,0.9015258850738302,0.8846587795765878,0.01168575523022399,0.04046984878563992,0.04079414716774923
ID_8F32YO,0.8763140010674257,0.9017034335527486,0.8849251022949653,0.01168575523022399,0.04082663753889958,0.040924380518936404
ID_0WZ4DT,0.36497438178260094,0.23784967087706813,0.221692759295499,0.0009210811509431998,0.0010789315542389588,0.0010871521971681352
ID_QJMYFP,0.36497438178260094,0.23784967087706813,0.221692759295499,0.0009711033599221548,0.001107733418132568,0.001107733418132568
ID_BRNJFB,0.36497438178260094,0.7095072051236435,0.6886452588507382,0.0011930309534657246,0.003693796604850073,0.0038115140863130277
ID_ZFJSZL,0.36497438178260094,0.23784967087706813,0.221692759295499,0.0004807951871046613,0.0007257074751526206,0.0007257074751526206
ID_GN401Z,0.36497438178260094,0.23784967087706813,0.221692759295499,0.000987742538139194,0.0011458904024034835,0.0011632713864587238
ID_0GZD1A,0.8877658779576588,0.8938025262408824,0.909160469667319,0.014199680784326745,0.03866871885431891,0.053859409788543415
ID_HUX15L,0.36497438178260094,0.23784967087706813,0.221692759295499,0.0009162700921267722,0.0010986060037996837,0.0011262382813609524
ID_W83YWB,0.36497438178260094,0.23784967087706813,0.221692759295499,0.0009143643244794704,0.001114698762809788,0.001114698762809788
ID_YBE59H,0.36497438178260094,0.23784967087706813,0.221692759295499,0.0009277078925901687,0.001212500097504835,0.0012652679074502458
ID_UGYJJ1,0.36497438178260094,0.23784967087706813,0.221692759295499,0.0010291005857157615,0.0011465467562477294,0.0011668745548388403
ID_WFF4P7,0.8807527130403843,0.8995728518057285,0.8758701298701299,0.015473042081540165,0.025607478530825536,0.025607478530825536
ID_QO8HIH,0.8877658779576588,0.8380523038605231,0.8329921722113502,0.014752562469356,0.014752562469356,0.0173942762050926
ID_8K23T6,0.36497438178260094,0.23784967087706813,0.44451610033801814,0.0009444208902364617,0.0012334859969019448,0.0012840909299229946
ID_4K41LT,0.9343723536737235,0.9333070628002136,0.9459130048034158,0.03721042079632498,0.04601140203600444,0.09063684801528257
ID_QZEY8Z,0.36497438178260094,0.23784967087706813,0.221692759295499,0.0009540921442116527,0.0011273909930502731,0.0011273909930502731
ID_DA24DX,0.9320642234477852,0.9423620352250489,0.9448477139299056,0.03813980518949013,0.07033118866738164,0.09545653583682032
ID_F4HZIQ,0.36497438178260094,0.7099510763209393,0.6886452588507382,0.0011933335911917405,0.003695065177969936,0.0038119171930123524
ID_EJQPOR,0.36497438178260094,0.23784967087706813,0.221692759295499,0.000505163272324301,0.0007525989684986154,0.0007525989684986154
ID_TEZ9WM,0.8764915495463441,0.9018809820316669,0.8849251022949653,0.01168575523022399,0.04100928479036447,0.04111639633187777
ID_BSMYYX,0.36497438178260094,0.7234447607187333,0.7007185554171855,0.0011835526756718232,0.004073625921304148,0.004163438705805897
ID_9UFWRG,0.929933641700765,0.9233643479807864,0.9349049991104786,0.033024134644032976,0.03614637893367749,0.07907300254348154
ID_495ND2,0.8603346379647749,0.8793323252090375,0.881640455434976,0.010178599582108979,0.022239668491339813,0.03360189459420492
ID_XO0E78,0.36497438178260094,0.7008961038961039,0.6945043586550436,0.001322626866579147,0.003783172680279962,0.003918863890336459
ID_FN7QN6,0.9270928660380715,0.9238082191780822,0.9386335171677638,0.0314010883298727,0.03596583254987556,0.0863091587199094
ID_KCT2EE,0.36497438178260094,0.23784967087706813,0.221692759295499,0.0009289011492992654,0.001094553208260625,0.001094553208260625
ID_F6IK16,0.36497438178260094,0.7188285002668565,0.7588656822629425,0.0012762299541196466,0.00446602142418638,0.005743527023156825
ID_DST3IB,0.36497438178260094,0.5142926525529264,0.5954323074186088,0.0006789306938484168,0.0011495594667739197,0.0018090159302608692
ID_AHVSYQ,0.36497438178260094,0.23784967087706813,0.221692759295499,0.000925693352906457,0.0010675851697426377,0.0010675851697426377
ID_HO8R7K,0.9267377690802348,0.9167950542608077,0.9121787938089307,0.030025229881993666,0.030025229881993666,0.040741091045208525
ID_F8I9VJ,0.8924709126489948,0.847906244440491,0.8628203166696317,0.010687259778018297,0.011147220763523135,0.028464298226974865
ID_L4Z7FR,0.8766690980252624,0.9020585305105853,0.8851914250133429,0.01169579992649342,0.041010884310443654,0.04141627942702593
ID_Z5ZLR0,0.36497438178260094,0.5523768012809108,0.5746591353851628,0.000758644032114911,0.0013734943271965993,0.0018433367669341762
ID_JIR3BK,0.36497438178260094,0.7295701832414161,0.7588656822629425,0.0011898024316729504,0.003957792697873895,0.004650915249465118
ID_RWDQGP,0.36497438178260094,0.7008961038961039,0.6939717132182887,0.0012835009097441996,0.003688582849988975,0.0038896755062968087
ID_9ID54G,0.36497438178260094,0.23784967087706813,0.221692759295499,0.0007205526510523864,0.0008957687162786486,0.0008957687162786486
ID_Z0WTDF,0.8746272905177015,0.8380523038605231,0.838584949297278,0.010720135587120967,0.010720135587120967,0.015163020352354749
ID_7W5KVT,0.8877658779576588,0.8942463974381782,0.9093380181462373,0.014219719007741938,0.03896361547407448,0.05389611837356881
ID_69Z23E,0.36497438178260094,0.4929868350827255,0.5419902152641879,0.0006814882968839927,0.0011366209777992496,0.0015778647331587833
ID_OEY4YT,0.36497438178260094,0.23784967087706813,0.221692759295499,0.0009675235231784053,0.0011022668517748646,0.0011022668517748646
ID_60YB9F,0.8924709126489948,0.8458644369329301,0.8587367016545099,0.014590363916838166,0.014590363916838166,0.03844443093224056
ID_PYWPUB,0.36497438178260094,0.23784967087706813,0.221692759295499,0.0007208950914888744,0.0008957687162786486,0.0008957687162786486
ID_XA4WSH,0.875426258672834,0.9057870485678704,0.87800071161715,0.013310702571503063,0.04424328268214973,0.04424328268214973
ID_74JAB8,0.8771129692225583,0.9022360789895036,0.8853689734922612,0.011780246747094441,0.04112078294719432,0.041685477431362625
ID_3ZNQ5E,0.36497438178260094,0.23784967087706813,0.221692759295499,0.0004807951871046613,0.0007257074751526206,0.0007257074751526206
ID_170KNW,0.8603346379647749,0.9050768546521971,0.8989514321295143,0.010442333798176015,0.04501909932021329,0.05352002370650789
ID_C8C5DP,0.8716977406155488,0.893092332325209,0.8720528375733855,0.015003381135047796,0.019556149809826,0.01968095232339659
ID_EGZ2JX,0.36497438178260094,0.5104753602561821,0.5109192314534781,0.00068737150570046,0.0011589645152794317,0.001408666826906295
ID_ZWEMTO,0.8771129692225583,0.902413627468422,0.8855465219711796,0.01182697824664752,0.04113355745124574,0.041708050725836346
ID_PN64SH,0.36497438178260094,0.23784967087706813,0.5018642590286426,0.0008138401758823882,0.0011421560818325677,0.0014529243942739732
ID_WQGKWB,0.36497438178260094,0.7188285002668565,0.7588656822629425,0.0012774804420718489,0.004478402145965636,0.005746687260557929
ID_QT9D5C,0.36497438178260094,0.23784967087706813,0.221692759295499,0.0009299290087833593,0.00112473203333417,0.00112473203333417
ID_73YX5O,0.36497438178260094,0.23784967087706813,0.221692759295499,0.0009113134103372999,0.0011277407537650058,0.0011278596296352796
ID_PDXWIS,0.8603346379647749,0.9004605942003202,0.87800071161715,0.0075195203409644164,0.025126741356087914,0.025126741356087914
ID_BOEF4Q,0.36497438178260094,0.23784967087706813,0.221692759295499,0.0009074237881217421,0.001067954104785473,0.001067954104785473
ID_9XMKQP,0.36497438178260094,0.23784967087706813,0.221692759295499,0.0005046557807849506,0.0007534680698766432,0.0007534680698766432
ID_KIS1RR,0.8603346379647749,0.8894525885073831,0.8710763209393346,0.00828713750808288,0.02392716657187744,0.02392716657187744
ID_G4DDGB,0.36497438178260094,0.23784967087706813,0.221692759295499,0.0009110567453135569,0.0011071592060404435,0.0011071592060404435
ID_XVO0XE,0.36497438178260094,0.5144702010318449,0.5956098558975271,0.0006789306938484168,0.0011497049269206462,0.0018105955507574764
ID_1SU765,0.8950453655933108,0.9123563422878491,0.8807527130403843,0.015139730576639138,0.04604714673131474,0.04604714673131474
ID_II16H0,0.36497438178260094,0.23784967087706813,0.221692759295499,0.000967681383734378,0.0011268076168641642,0.0011268076168641642
ID_ZJDJST,0.8603346379647749,0.8351227539583704,0.838584949297278,0.008921586369115869,0.009801178109337715,0.015360249949428672
ID_ITM93O,0.36497438178260094,0.23784967087706813,0.4874828322362569,0.0007724385665790564,0.0011300086489100284,0.001322750100479075
ID_ACIYGQ,0.9297560932218467,0.9219439601494396,0.929933641700765,0.03203350670070238,0.03494128957040449,0.06862195266488738
ID_I3D2M6,0.9228317025440312,0.9100482120619108,0.9061421455257072,0.025306769498892663,0.025306769498892663,0.03315916825611682
ID_XPS7OD,0.9219439601494396,0.9108471802170433,0.8976198185376267,0.024714462289728994,0.024714462289728994,0.026128830043623284
ID_X6MHWN,0.36497438178260094,0.23784967087706813,0.5018642590286426,0.0007881610182734344,0.0011437852932888392,0.00143214964475228
ID_4H6ZU0,0.8771129692225583,0.9025911759473403,0.8857240704500978,0.011827297784891009,0.0411474640185384,0.041875798806594956
ID_VJRY9K,0.8771129692225583,0.9027687244262587,0.8859016189290162,0.011827297784891009,0.04138567115798879,0.04198199246671714
ID_JRQ0K2,0.8885648461127913,0.8944239459170966,0.9095155666251556,0.014274773196999718,0.03911195839602995,0.053961975084644974
ID_CVP7U0,0.36497438178260094,0.23784967087706813,0.221692759295499,0.000952957870521309,0.0011255568335659088,0.0011255568335659088
ID_OC1T6J,0.36497438178260094,0.23784967087706813,0.4476231987190891,0.0009715078119217462,0.0012490083993167086,0.0013238205110090164
ID_5BJWT7,0.8887423945917097,0.8946902686354741,0.9096931151040739,0.014281136466595686,0.03915156019276816,0.054112282194068086
ID_E72G1X,0.8924709126489948,0.848350115637787,0.8630866393880092,0.010687259778018297,0.011169654479172685,0.028735572139458532
ID_A38G0Y,0.793931506849315,0.6245502579612169,0.7443067069916385,0.0022806704570101565,0.002413473489256645,0.005444570156348237
ID_Z63P61,0.8775568404198542,0.902946272905177,0.8860791674079345,0.011838257070294239,0.04147221720546798,0.04212658652169453
ID_ZMXHIG,0.8889199430706279,0.8946902686354741,0.9098706635829924,0.014359111791214596,0.03929039711298894,0.05416204512598397
ID_80C6RQ,0.880042519124711,0.8973534958192492,0.8737395481231097,0.011425374804911868,0.026652307204072002,0.026652307204072002
ID_Q02CHP,0.8777343888987725,0.9031238213840953,0.8862567158868528,0.011854552028953802,0.04147470799487275,0.042232749504193534
ID_K4CEJB,0.36497438178260094,0.23784967087706813,0.221692759295499,0.000967681383734378,0.0010796419082988139,0.0010888162499540532
ID_IOMK3G,0.9080064045543498,0.8607785091620708,0.8566948941469489,0.017659439712072324,0.017659439712072324,0.022631272275046122
ID_N8X2DM,0.8603346379647749,0.909160469667319,0.8795098736879559,0.00870900170417813,0.03562811514674856,0.03562811514674856
ID_R44Y09,0.36497438178260094,0.7303691513965487,0.7588656822629425,0.00119194520206579,0.003958766721112562,0.004669576171033794
ID_QHMV04,0.8781782600960684,0.9033013698630137,0.8864342643657711,0.011883044113812828,0.04154372151890713,0.04225421949175084
ID_2IZGEP,0.8781782600960684,0.9034789183419321,0.8866118128446896,0.011912933904354151,0.041735854985894424,0.04227471677083317
ID_OY9WWL,0.36497438178260094,0.23784967087706813,0.4468242305639566,0.0010203573926331065,0.0012455406156395537,0.001317793554807692
ID_7AMIMW,0.36497438178260094,0.4918327699697562,0.5812284291051414,0.0013269466582828593,0.0016189893226930246,0.0020672043967244237
ID_6E9QFF,0.36497438178260094,0.7101286247998577,0.689000355808575,0.001193571079127955,0.00370170018828974,0.0038126275979881853
ID_PQW5VH,0.36497438178260094,0.721225404732254,0.7588656822629425,0.0012086887096572365,0.004100748507410588,0.0052674803576749545
ID_F81GRT,0.36497438178260094,0.23784967087706813,0.221692759295499,0.0009106446286205337,0.0010924278137619348,0.0010924278137619348
ID_2P41YW,0.36497438178260094,0.23784967087706813,0.4535710727628536,0.0010310677254447254,0.0012858985827215947,0.0013489357712791268
ID_LT4IZ3,0.36497438178260094,0.23784967087706813,0.44433855185909976,0.000965301724219436,0.0012303812068366598,0.001282435698607037
ID_F16709,0.36497438178260094,0.23784967087706813,0.4580097847358121,0.0009901779735713035,0.0013149815656062023,0.0013834943526450443
ID_OICH3X,0.36497438178260094,0.23784967087706813,0.517666073652375,0.0010376704742191493,0.0013266453114616906,0.0016722429104513148
ID_A7LTX0,0.9322417719267034,0.9425395837039673,0.9450252624088241,0.03841546277950458,0.07108691460573648,0.09611434083847348
ID_JA5369,0.36497438178260094,0.23784967087706813,0.45144049101583344,0.0009932333177498952,0.0012726684362725134,0.0013408658643831283
ID_DH8BE3,0.36497438178260094,0.730546699875467,0.7588656822629425,0.0011921441100202423,0.003960165399864674,0.004669702215656952
ID_086L0X,0.36497438178260094,0.23784967087706813,0.221692759295499,0.0009110567453135569,0.0011072427575478424,0.0011072427575478424
ID_Z5HPTI,0.36497438178260094,0.23784967087706813,0.221692759295499,0.0009695661770464522,0.001107656955817989,0.001107656955817989
ID_OE1QUG,0.8890974915495464,0.8949565913538516,0.9100482120619108,0.01440111146522938,0.03937295959260116,0.05418682575608885
ID_9RTFXI,0.36497438178260094,0.711904109589041,0.6978777797544922,0.001325912722173407,0.0038680272677090203,0.003956464837131557
ID_JLIJV2,0.36497438178260094,0.710306173278776,0.6891779042874934,0.001193679534781364,0.00370170018828974,0.0038171805058243606
ID_JP0H9B,0.36497438178260094,0.23784967087706813,0.44700177904287497,0.0010208623188833993,0.0012464872496947492,0.0013198550204204453
ID_BIVWYY,0.9295785447429283,0.9253173812488881,0.9334846112791318,0.031140697074444206,0.034800311124598055,0.07113242929334694
ID_AKLZO2,0.36497438178260094,0.509853940579968,0.48304412026329835,0.0009373898278449184,0.0012627147986290369,0.0013290622143948738
ID_NWHLNN,0.8924709126489948,0.848350115637787,0.8630866393880092,0.010687259778018297,0.011171911675494355,0.028764800651935946
ID_JCTVHU,0.36497438178260094,0.23784967087706813,0.221692759295499,0.0009208936305846535,0.0011205322156559354,0.0011320965014111166
ID_LV7EWN,0.8901627824230564,0.8458644369329301,0.8529663760896637,0.01005450180374366,0.010102410486219859,0.020159359950734562
ID_0H0H1X,0.36497438178260094,0.23784967087706813,0.221692759295499,0.0004948029070574848,0.0007507165885510012,0.0007507165885510012
ID_OK3KGD,0.36497438178260094,0.23784967087706813,0.44540384273260986,0.000965301724219436,0.001233962355607832,0.0012907041590952554
ID_XOLVVP,0.8892750400284647,0.8951341398327699,0.910225760540829,0.014411972708758252,0.039506984830841724,0.054224594613860456
ID_XC1UCY,0.36497438178260094,0.23784967087706813,0.4472681017612524,0.0010212917892930674,0.00124667367092839,0.0013219888002505393
ID_WNRKKF,0.8781782600960684,0.9036564668208504,0.886789361323608,0.011940709940600194,0.04176883907266703,0.042370521049075
ID_CHT575,0.36497438178260094,0.23784967087706813,0.221692759295499,0.0009090219533677954,0.0010966406306770564,0.0010966406306770564
ID_IASVT4,0.8781782600960684,0.9039227895392279,0.8869669098025262,0.011989558817157252,0.04184838786461996,0.04244590016011539
ID_HQD8DQ,0.8894525885073831,0.8953116883116883,0.9104033090197474,0.014422917222220544,0.03969411004907017,0.05425154898863218
ID_WHC7HZ,0.36497438178260094,0.7104837217576944,0.6893554527664116,0.0011943120369098702,0.0037040163353469794,0.003828444527292979
ID_SP7WBC,0.36497438178260094,0.23784967087706813,0.221692759295499,0.0009071548307151354,0.0011077414607446052,0.0011077414607446052
ID_Y5TWK4,0.36497438178260094,0.23784967087706813,0.4510853940579968,0.0009889909751021298,0.0012698197533779932,0.0013378244665046928
ID_VG1ZFI,0.36497438178260094,0.23784967087706813,0.4546363636363636,0.0009825414302029034,0.0012975294338757736,0.0013662095818919378
ID_GL5NBY,0.36497438178260094,0.23784967087706813,0.221692759295499,0.0009036683544262966,0.0010916728377919915,0.0010916728377919915
ID_0M8ZAR,0.8786221312933641,0.9039227895392279,0.8871444582814446,0.01200978915159719,0.04193872553451618,0.042726031402500655
ID_WMX71G,0.36497438178260094,0.23784967087706813,0.221692759295499,0.0009122596518398404,0.0011277425650677798,0.0011279004420804623
ID_FV08L5,0.8603346379647749,0.8351227539583704,0.838584949297278,0.008921586369115869,0.009850373022621425,0.015361635243481967
ID_3O27FX,0.36497438178260094,0.7018726205301548,0.7007185554171855,0.0011300655274470535,0.0037838381139720903,0.003972069311149608
ID_6V10CF,0.93153157801103,0.9298448674613058,0.9327744173634585,0.03277012470880748,0.038434279088657854,0.060904309293578915
ID_PDVNE2,0.8603346379647749,0.8716977406155488,0.872319160291763,0.007246351163578326,0.018813785804060384,0.022320167776501528
ID_53TEOE,0.36497438178260094,0.23784967087706813,0.221692759295499,0.000907360121141844,0.0010728890099437742,0.0010728890099437742
ID_IDZWVW,0.8787996797722826,0.9041891122576053,0.8873220067603629,0.012050030058765985,0.04198875029632605,0.042920777467573626
ID_GB0OWZ,0.36497438178260094,0.23784967087706813,0.4446936488169365,0.0009448334031794849,0.0012334859969019448,0.001285190589619007
ID_P3UMEG,0.9274479629959081,0.9201684753602561,0.9272704145169899,0.026577771652828933,0.026577771652828933,0.0576757971067843
ID_ODQ1LG,0.848971535314001,0.896732076143035,0.8743609677993239,0.007137797719580985,0.031300622036326636,0.031300622036326636
ID_F313VZ,0.36497438178260094,0.5209507205123644,0.5867324319516101,0.0007162896749336874,0.0012107131956496364,0.0015948145925500814
ID_8CSCDS,0.8815516811955167,0.8997504002846469,0.8758701298701299,0.015509290989891657,0.025632293027598438,0.025632293027598438
ID_4TNBZF,0.36497438178260094,0.23784967087706813,0.221692759295499,0.0010250276717476687,0.0011592575487167824,0.0011801914917009308
ID_4BYR7P,0.9276255114748265,0.9331295143212951,0.9336621597580502,0.033883905928583126,0.05312239791203348,0.08068370495862988
ID_T3LYCI,0.8789772282512008,0.9043666607365237,0.8874995552392813,0.012051761012825759,0.04199655149404672,0.043077488853164696
ID_BHZQ1G,0.36497438178260094,0.7067552037004091,0.7056899128268992,0.0011822784442223646,0.003898295307085177,0.004202111622408961
ID_47HOMT,0.36497438178260094,0.7106612702366126,0.68953300124533,0.0011946791553254818,0.0037177981252353547,0.0038331712228993503
ID_6J0OA0,0.9262051236434798,0.9179491193737769,0.9258500266856432,0.025742375193913744,0.025742375193913744,0.0599213775655603
ID_K1APAR,0.36497438178260094,0.7109275929549902,0.6898880982031667,0.0011946791553254818,0.003729323205342713,0.003835445558806902
ID_MHTTNO,0.36497438178260094,0.7308130225938445,0.7588656822629425,0.0011927670919252723,0.003960217950221764,0.004672026086229554
ID_SUPIL0,0.36497438178260094,0.6938829389788294,0.6936166162604518,0.0012714592640068563,0.0036568155494733938,0.0038896755062968087
ID_V9KJ8F,0.36497438178260094,0.7552259384451165,0.7670329122931863,0.0011710482681499402,0.004881920375781729,0.005735056357506836
ID_WUKPEX,0.36497438178260094,0.7234447607187333,0.7588656822629425,0.0011843555979121007,0.004221860413067786,0.005457485225779325
ID_7AXVF1,0.36497438178260094,0.5146477495107632,0.5957874043764455,0.0006791448219820943,0.0011499612519896003,0.00181238195616138
ID_332Y6S,0.8815516811955167,0.8999279487635652,0.8761364525885075,0.015677452990245595,0.025795197495273686,0.025795197495273686
ID_6Z7LIY,0.36497438178260094,0.23784967087706813,0.4535710727628536,0.001032925194264086,0.0012859191159422527,0.001349778096442813
ID_VBBWXW,0.36497438178260094,0.5055927770859278,0.6020016011385875,0.0006789306938484168,0.0011417949456534794,0.0018299730101979446
ID_PZ53IA,0.8603346379647749,0.9006381426792385,0.8716977406155488,0.008990837031694192,0.035678008383756704,0.035678008383756704
ID_BTQVAR,0.36497438178260094,0.7575340686710549,0.7722705924212774,0.001287630956448769,0.005141211936639916,0.005842425539922899
ID_SR0RDK,0.36497438178260094,0.7340088952143747,0.7067552037004091,0.001203423473655793,0.004135401006810188,0.004182986200566743
ID_XE2CME,0.8795098736879559,0.9045442092154421,0.8876771037181995,0.012062954350337305,0.04203704475931446,0.04317356782482046
ID_UWLODH,0.8795098736879559,0.9047217576943605,0.887854652197118,0.012079452421827114,0.04238461484811462,0.04321836336091567
ID_T29X5H,0.36497438178260094,0.23784967087706813,0.221692759295499,0.0009539279920441948,0.0011255742484967577,0.0011255742484967577
ID_OZP07A,0.8603346379647749,0.8832383917452411,0.8666376089663761,0.009244963724924988,0.024657545148822527,0.024657545148822527
ID_D69JXQ,0.8603346379647749,0.9088053727094824,0.8914056217754848,0.006708382181969826,0.016114920036207434,0.017666421668834278
ID_VCTTSG,0.36497438178260094,0.23784967087706813,0.221692759295499,0.0009725599353767989,0.0011162244690324087,0.0011162244690324087
ID_6VLM19,0.36497438178260094,0.23784967087706813,0.221692759295499,0.0009287837742033172,0.0011315880567553153,0.0011365901913258792
ID_6K8DCI,0.36497438178260094,0.23784967087706813,0.49245418964597043,0.0007624851268765967,0.0011465467562477294,0.001374891048491157
ID_5F3FW3,0.8603346379647749,0.8898964597046789,0.8890974915495464,0.010276584682700473,0.04361071070840163,0.04597084514414117
ID_UG4L8G,0.36497438178260094,0.23784967087706813,0.221692759295499,0.0007162896749336874,0.0009030756797364459,0.0009030756797364459
ID_PMIYX1,0.9242520903753781,0.9162624088240526,0.9151971179505427,0.024103255602754822,0.024103255602754822,0.035271867671928414
ID_KVE8Y5,0.36497438178260094,0.7358731542430172,0.7588656822629425,0.001132485417251078,0.004024741922523402,0.004611790497221908
ID_TXR3M8,0.36497438178260094,0.512961038961039,0.5084335527486212,0.0007340643509760671,0.0011911184158991334,0.0013259808249780568
ID_FGU02Z,0.36497438178260094,0.7109275929549902,0.6898880982031667,0.0011946791553254818,0.0037317071246795916,0.0038381867831202543
ID_SLT0Y1,0.36497438178260094,0.23784967087706813,0.4535710727628536,0.0010269025608623792,0.0012968566418807856,0.0013653270501122869
ID_0Q5QSV,0.36497438178260094,0.23784967087706813,0.45002010318448676,0.0009289309911432141,0.001262473765232548,0.0013316513436983505
ID_50ELBR,0.9064972424835439,0.9089829211884006,0.8889199430706279,0.010007461472636337,0.015101736464957584,0.015378270443504356
ID_GQZQS4,0.36497438178260094,0.23784967087706813,0.221692759295499,0.0009112683237548348,0.0011071592060404435,0.0011071592060404435
ID_OQ2HIA,0.8718752890944671,0.893092332325209,0.872319160291763,0.015013983159753353,0.019628295727305494,0.01973007310372759
ID_O6E93Q,0.9230092510229497,0.910225760540829,0.9063196940046255,0.02533692203403672,0.02533692203403672,0.033363692077189325
ID_HOZ3DC,0.36497438178260094,0.23784967087706813,0.221692759295499,0.0004941256145964813,0.0009579340999641938,0.0009579340999641938
ID_ELJCIV,0.8866118128446896,0.908627824230564,0.9192807329656645,0.00571129470474398,0.012361668523849753,0.029694240278720366
ID_2UAKPX,0.9203460238391745,0.9311764810531934,0.9466231987190892,0.01691843593005,0.035759421184901226,0.07392172465930777
ID_WJH6IB,0.900815691158157,0.8744497420387831,0.8642407045009785,0.008922810361033222,0.010374226464794377,0.012278105643229963
ID_8JO374,0.901348336594912,0.8747160647571606,0.8645958014588152,0.008921586369115869,0.010368570847122806,0.012252962759674713
ID_ZPTVXF,0.36497438178260094,0.23784967087706813,0.221692759295499,0.0005146226220393653,0.0009798059070765803,0.0009798059070765803
ID_ZAEIQP,0.36497438178260094,0.23784967087706813,0.221692759295499,0.0005056696956787449,0.0010305818637255891,0.0010310797664516472
ID_PBP9ZY,0.8815516811955167,0.8965545276641167,0.9256724782067248,0.006866704881873372,0.012371099953393378,0.036655935070779105
ID_4WJ0SO,0.36497438178260094,0.4990234833659491,0.4772737946984522,0.0005666555449500371,0.00114816230380198,0.0011678909657099608
ID_H973J5,0.36497438178260094,0.23784967087706813,0.221692759295499,0.0005417627661230916,0.0010983778560850603,0.0010983778560850603
ID_QQK6J6,0.8202086817292297,0.7978375733855185,0.7818582102828678,0.0023552929594573375,0.004426020128794016,0.004696659711813804
ID_8CR3X0,0.36497438178260094,0.23784967087706813,0.221692759295499,0.0004985450883313092,0.0009851475277376902,0.0009865138059654787
ID_BS1PBY,0.36497438178260094,0.5028407756626935,0.4794043764454723,0.0005413021249248292,0.0011878557796264236,0.00123695958347893
ID_EMRG7L,0.9059645970467888,0.9215888631916029,0.9347274506315603,0.010007461472636337,0.018275981250950597,0.04563635617018153
ID_CZ1QYM,0.8917607187333215,0.9116461483721758,0.9331295143212951,0.008303591502872642,0.01557968751186526,0.04908256927245177
ID_OE25L3,0.9068523394413806,0.8839485856609145,0.870277352784202,0.010276584682700473,0.011621025834545048,0.013076429723838786
ID_DSYW1S,0.36497438178260094,0.8300626223091977,0.8312166874221669,0.0011300655274470535,0.005386562742920484,0.006756178813650762
ID_36YJHO,0.8853689734922612,0.8550969578366838,0.838584949297278,0.006692905945408109,0.0072905176667426705,0.0072905176667426705
ID_BH8KBA,0.36497438178260094,0.6478091086995197,0.6720444760718733,0.001064742866643061,0.002722330399352137,0.00314295433325516
ID_DV95UI,0.36497438178260094,0.23784967087706813,0.221692759295499,0.0004902553183653399,0.0009823818429322288,0.0009856905691508662
ID_2CIKWQ,0.36497438178260094,0.23784967087706813,0.221692759295499,0.0005402942921360373,0.0011076698721029508,0.0011076698721029508
ID_5DHFGC,0.36497438178260094,0.23784967087706813,0.221692759295499,0.0005396422804889124,0.0010231108959345178,0.0010242656811415346
ID_AD0JB4,0.36497438178260094,0.23784967087706813,0.221692759295499,0.0005279900983700968,0.001013412071610028,0.001013412071610028
ID_SJB2PH,0.36497438178260094,0.23784967087706813,0.221692759295499,0.0004854806141151533,0.0010464119196796752,0.0010464119196796752
ID_Q2JGMI,0.36497438178260094,0.23784967087706813,0.221692759295499,0.0004933061519023114,0.0010282665487952977,0.0010301937762869384
ID_90Z3KA,0.9072962106386764,0.8857240704500978,0.8731181284468955,0.00999096485109006,0.011463357394953338,0.013022964839665434
ID_BLJT0F,0.36497438178260094,0.23784967087706813,0.221692759295499,0.0005316375841434727,0.0010312629198042857,0.0010318491732957493
ID_19LZOV,0.9177715708948586,0.9306438356164383,0.9483099092688134,0.01687234986469175,0.04294966987468594,0.08589746058608486
ID_HXU4D4,0.36497438178260094,0.23784967087706813,0.221692759295499,0.0005250565371745528,0.0010548693203894354,0.0010548693203894354
ID_PMTTW1,0.96473314356876,0.9890572851805728,0.9887021882227361,0.14706805396919717,0.4922923607732046,0.5235328204679485
ID_F6SO3R,0.9649106920476783,0.9892348336594912,0.9888797367016545,0.14919118751735172,0.4961406910333711,0.5267765445474093
ID_NZ0L9S,0.36497438178260094,0.6486968510941113,0.6945043586550436,0.001073259012593949,0.0026301287363385047,0.0035045248851054405
ID_CO06H0,0.36497438178260094,0.23784967087706813,0.221692759295499,0.0005374551444080656,0.0011252857557074532,0.0011252857557074532
ID_F1SPJM,0.36497438178260094,0.6524253691513966,0.6898880982031667,0.0010570102053907807,0.002774032416588259,0.0031787925594467144
ID_Q2S367,0.36497438178260094,0.23784967087706813,0.221692759295499,0.0005072266792373063,0.0010482678319244441,0.0010482678319244441
ID_0A1W1B,0.36497438178260094,0.23784967087706813,0.221692759295499,0.0005066355783996556,0.001043109473196045,0.001043109473196045
ID_J1H455,0.36497438178260094,0.23784967087706813,0.221692759295499,0.0005648860318885533,0.0011268076168641642,0.0011268076168641642
ID_PNFU37,0.36497438178260094,0.503107098381071,0.4794043764454723,0.0005413054543238747,0.0011878557796264236,0.0012381381841921515
ID_X2I29Y,0.36497438178260094,0.49378580323785803,0.476652375022238,0.0005429274363839905,0.0011481298250453952,0.0011696767515106442
ID_I2EHXW,0.36497438178260094,0.6231298701298701,0.6801229318626579,0.0010708575615651452,0.0024790303899402556,0.00321785514374014
ID_K8D9L9,0.36497438178260094,0.23784967087706813,0.221692759295499,0.0004902553183653399,0.0009830042801753365,0.0009859224880595496
ID_XW3QM1,0.36497438178260094,0.23784967087706813,0.221692759295499,0.0004852275124115854,0.001010225511858369,0.001010225511858369
ID_HR6DTW,0.36497438178260094,0.647986657178438,0.6720444760718733,0.0010657426373480077,0.0027261645005858515,0.0031443007966643426
ID_J70B1Q,0.36497438178260094,0.23784967087706813,0.221692759295499,0.0005056696956787449,0.001030951740371263,0.0010310797664516472
ID_CG7535,0.36497438178260094,0.6708016367194449,0.7007185554171855,0.001111838745335766,0.0027839275350734476,0.0035633772797879055
ID_BJ7RH7,0.36497438178260094,0.23784967087706813,0.221692759295499,0.0005124808455909898,0.001028622087462401,0.0010305818637255891
ID_95B75E,0.36497438178260094,0.23784967087706813,0.221692759295499,0.0005689329358112492,0.0010752185156288063,0.0010752185156288063
ID_VST6U7,0.36497438178260094,0.6294328411314712,0.6540233054616617,0.0010376704742191493,0.0025876513494191775,0.0029709842113102253
ID_G3ZX83,0.36497438178260094,0.23784967087706813,0.221692759295499,0.0004823139482529861,0.0010383438406237882,0.0010386461984202371
ID_OBGAY8,0.36497438178260094,0.23784967087706813,0.221692759295499,0.0005456339750238577,0.0010484284672986485,0.0010484284672986485
ID_7898T5,0.36497438178260094,0.23784967087706813,0.221692759295499,0.0005084581209731156,0.0010444057935291556,0.0010444057935291556
ID_GA55FI,0.36497438178260094,0.7135020458993062,0.697256360078278,0.0013249858683306362,0.003114881071909582,0.0037471417613572124
ID_IP9G8X,0.36497438178260094,0.5906384984878136,0.6597048567870485,0.0009049167446254059,0.0021143668348030534,0.0027744602154944555
ID_I1NTQJ,0.747147482654332,0.9471558441558441,0.950706813734211,0.0025341839145680183,0.13310174091732535,0.17110361770495472
ID_J1IMQO,0.36497438178260094,0.23784967087706813,0.221692759295499,0.0005158025184904959,0.0010254732145192592,0.0010258077879289527
ID_FJY7M6,0.36497438178260094,0.23784967087706813,0.221692759295499,0.0005056696956787449,0.0010310797664516472,0.0010310797664516472
ID_XXD9VX,0.36497438178260094,0.23784967087706813,0.221692759295499,0.0004847182383424202,0.001010225511858369,0.001010225511858369
ID_95Y6Y3,0.36497438178260094,0.23784967087706813,0.221692759295499,0.0005056696956787449,0.0010310797664516472,0.0010310797664516472
ID_IEG8FD,0.36497438178260094,0.23784967087706813,0.221692759295499,0.0005209272286325025,0.0010206868863790746,0.0010214086358439414
ID_UUT71P,0.36497438178260094,0.6618354385340687,0.673376089663761,0.0010708575615651452,0.002838477551378953,0.0031894111423424916
ID_ZVGYIZ,0.36497438178260094,0.23784967087706813,0.221692759295499,0.0004939415136207731,0.0009750782279117721,0.0009750782279117721
ID_GSRCHF,0.36497438178260094,0.6542008539405799,0.6776372531578011,0.0010697368880634942,0.0028114949430386926,0.0030641469058166203
ID_KBNPFA,0.36497438178260094,0.23784967087706813,0.221692759295499,0.0005250565371745528,0.0010548975178135377,0.0010548975178135377
ID_K92S3H,0.36497438178260094,0.23784967087706813,0.221692759295499,0.0005250565371745528,0.0010551783585683921,0.0010551783585683921
ID_TIZ8GI,0.36497438178260094,0.23784967087706813,0.221692759295499,0.0005305721898953466,0.0010503312902786473,0.0010503312902786473
ID_43O6DO,0.36497438178260094,0.5032846468599893,0.4798482476427682,0.0005413054543238747,0.001188284063255405,0.0012382174261029069
ID_I69X2E,0.36497438178260094,0.23784967087706813,0.221692759295499,0.0004680895722009007,0.000989317244429339,0.000989317244429339
ID_IGUSKY,0.9655321117238925,0.9808900551503291,0.9801798612346558,0.1386143838367119,0.35401324373137333,0.41261610335932836
ID_IO9T8L,0.36497438178260094,0.6742638320583526,0.7094184308841842,0.001112165125193235,0.0029030598462828658,0.003597749241328615
ID_GP1DHX,0.36497438178260094,0.23784967087706813,0.221692759295499,0.0005180370026635529,0.0009743735231461597,0.0009743735231461597
ID_6072SC,0.36497438178260094,0.23784967087706813,0.221692759295499,0.0005250565371745528,0.0010553340669290216,0.0010553340669290216
ID_60NL3S,0.36497438178260094,0.6163830279309731,0.6465662693470913,0.001028731358354883,0.002448025958195236,0.0028413961479708777
ID_ITEO5N,0.36497438178260094,0.23784967087706813,0.221692759295499,0.0005277358624502288,0.0010127077610382904,0.0010127077610382904
ID_OYNTET,0.36497438178260094,0.6174483188044833,0.6528692403486923,0.0010356453020718154,0.0024012248688512123,0.0029292726971701395
ID_D4YOQ7,0.9077400818359722,0.9262051236434798,0.9367692581391212,0.01154789710459332,0.026449939565698397,0.048341880415336845
ID_6REL2T,0.36497438178260094,0.23784967087706813,0.221692759295499,0.0005062238292204631,0.001010225511858369,0.001010225511858369
ID_88HS7P,0.36497438178260094,0.23784967087706813,0.221692759295499,0.0004636449579531937,0.0010128922153565328,0.0010128922153565328
ID_UST3WB,0.36497438178260094,0.6115004447607187,0.6616578900551504,0.0010269025608623792,0.0023776306369053374,0.0028633496335358235
ID_ETJ0ZE,0.36497438178260094,0.23784967087706813,0.221692759295499,0.0005279900983700968,0.0010135337704906956,0.0010135337704906956
ID_7BGHTB,0.36497438178260094,0.23784967087706813,0.221692759295499,0.0005842023592025288,0.0011338444719193098,0.001142247514655795
ID_ZDJ1XZ,0.36497438178260094,0.23784967087706813,0.221692759295499,0.00045592706257970304,0.0009892808829506012,0.0009892808829506012
ID_Y7ND6Y,0.36497438178260094,0.23784967087706813,0.221692759295499,0.0005129228171956441,0.0009735973004186958,0.0009735973004186958
ID_QRPH0R,0.36497438178260094,0.60280056929372,0.6446132360789896,0.0009051178048301302,0.0022354729399676303,0.0026816663782873494
ID_C01ZXM,0.36497438178260094,0.23784967087706813,0.221692759295499,0.0005664564132419598,0.0011250241581374628,0.0011250241581374628
ID_ZN6VHC,0.36497438178260094,0.23784967087706813,0.221692759295499,0.0005654577552645935,0.0011071592060404435,0.0011071592060404435
ID_3RTO71,0.36497438178260094,0.23784967087706813,0.221692759295499,0.000509518394220609,0.001010225511858369,0.001010225511858369
ID_7AWBEY,0.36497438178260094,0.6240176125244619,0.6932615193026151,0.0010374271109985652,0.002449780794054116,0.00320134549916008
ID_6OBWMT,0.36497438178260094,0.6483417541362747,0.6720444760718733,0.0010658068952169079,0.0027339369245086655,0.0031450526204471496
ID_70AEKG,0.36497438178260094,0.23784967087706813,0.221692759295499,0.0005237558587745392,0.0010444057935291556,0.0010444057935291556
ID_MVQMU6,0.36497438178260094,0.23784967087706813,0.221692759295499,0.0005297646676423046,0.001017395346843671,0.0010200764375132667
ID_XNFNA4,0.36497438178260094,0.23784967087706813,0.221692759295499,0.000506344960728236,0.0010393917428796432,0.0010393917428796432
ID_1Y57MO,0.36497438178260094,0.23784967087706813,0.221692759295499,0.0005417935256889476,0.0010983778560850603,0.0010983778560850603
ID_GAOFDO,0.36497438178260094,0.23784967087706813,0.221692759295499,0.0005601070686216348,0.0011071812560236628,0.0011071812560236628
ID_WBEYQ0,0.36497438178260094,0.23784967087706813,0.221692759295499,0.0005056696956787449,0.0010310797664516472,0.0010310797664516472
ID_46KU2G,0.36497438178260094,0.23784967087706813,0.221692759295499,0.0004982641240484518,0.00101535284982632,0.00101535284982632
ID_IR8LH0,0.36497438178260094,0.23784967087706813,0.221692759295499,0.0005589107469806981,0.0010627391836359058,0.0010627670635509174
ID_S85UA7,0.36497438178260094,0.23784967087706813,0.221692759295499,0.00045964832013628277,0.0009578865086079331,0.0009578865086079331
ID_JI8Z14,0.36497438178260094,0.501509162070806,0.47842785981142144,0.0005685628262955448,0.0011604058417465975,0.0011849890369995662
ID_RNSP8B,0.9004605942003202,0.8741834193204057,0.8640631560220601,0.008928244619268754,0.011009649394313361,0.012324786227030812
ID_4GRPQ9,0.8917607187333215,0.9118236968510941,0.9333070628002136,0.008360624720553555,0.015645242671727733,0.0492284258243583
ID_8JTFNT,0.36497438178260094,0.23784967087706813,0.221692759295499,0.0004938358216514597,0.0009817789843850674,0.0009853572735251963
ID_2TMUS6,0.36497438178260094,0.23784967087706813,0.221692759295499,0.0005056696956787449,0.0010310797664516472,0.0010312629198042857
ID_UBIINM,0.36497438178260094,0.5162456858210283,0.48979096246219533,0.0006478117812515228,0.0012376056080756447,0.001300921182328454
ID_TFLD6S,0.36497438178260094,0.23784967087706813,0.221692759295499,0.0004680895722009007,0.0009893722324325698,0.0009893722324325698
ID_ESYJ2B,0.36497438178260094,0.23784967087706813,0.221692759295499,0.000526515691827885,0.001003769683182706,0.0010043121939051804
ID_KNDB9Y,0.36497438178260094,0.23784967087706813,0.221692759295499,0.0005228629654720309,0.0010358364801586876,0.0010364284208973819
ID_KBMX7S,0.36497438178260094,0.23784967087706813,0.221692759295499,0.0005056696956787449,0.0010310797664516472,0.0010314069094032221
ID_UFWO9L,0.8309503647037894,0.7893152463974382,0.7651686532645436,0.003639214076579148,0.004372477232137969,0.004565854937521316
ID_LFO2EU,0.36497438178260094,0.23784967087706813,0.221692759295499,0.0005417935256889476,0.0010984416295108377,0.0010984416295108377
ID_2ZBL24,0.36497438178260094,0.23784967087706813,0.221692759295499,0.0005652749803705432,0.0011250223638721991,0.0011250223638721991
ID_2WWX3O,0.36497438178260094,0.23784967087706813,0.221692759295499,0.00048515180599694124,0.0010509016250851097,0.0010509016250851097
ID_L9N1KK,0.8309503647037894,0.7894927948763565,0.765346201743462,0.003647452557447632,0.004385073163228566,0.004578161040480036
ID_MFBDFI,0.36497438178260094,0.23784967087706813,0.221692759295499,0.0005404111523570383,0.0011077240630232327,0.0011077240630232327
ID_FSYPFJ,0.36497438178260094,0.23784967087706813,0.221692759295499,0.0005587523297792736,0.0010200764375132667,0.001020528518897246
ID_7DOBZ7,0.36497438178260094,0.6203778687066359,0.6030668920120975,0.0008234997393961948,0.0018763585063130048,0.001945253126187333
ID_C6D32M,0.36497438178260094,0.5941894680661804,0.5936568226294253,0.0011822784442223646,0.0018878490403127501,0.002055338241426626
ID_UZW285,0.36497438178260094,0.690065646682085,0.6850055150329123,0.0007881610182734344,0.0021990702083539283,0.0024212862650147622
ID_5BJBQN,0.36497438178260094,0.6708016367194449,0.6469213663049279,0.0007881610182734344,0.002062001500704411,0.0021914846120037576
ID_IIL1YE,0.36497438178260094,0.6320072940757873,0.6125657356342289,0.0007923811339862996,0.0019567808087047663,0.0020132522222356657
ID_35Q4VL,0.36497438178260094,0.6203778687066359,0.6023566980964241,0.0007881610182734344,0.0018751805067946552,0.0019432873630556868
ID_0D8BV7,0.36497438178260094,0.6203778687066359,0.6030668920120975,0.0008234997393961948,0.0018763585063130048,0.0019461678954468663
ID_F1CKKX,0.36497438178260094,0.6401745241060309,0.6210880626223092,0.0008335426314714168,0.002001710694185989,0.002100729548837028
ID_NWINB1,0.8950453655933108,0.9084502757516456,0.907562533357054,0.021416824533975826,0.027763560046245188,0.032139403189325504
ID_M3FL8L,0.36497438178260094,0.23784967087706813,0.221692759295499,0.0005529756057384177,0.0009720807239548762,0.0009720807239548762
ID_2L800L,0.36497438178260094,0.23784967087706813,0.4706157267390144,0.0005869190890982947,0.0010539156159096754,0.0011330938211743696
ID_WE66R6,0.36497438178260094,0.6549998220957125,0.6316521971179506,0.0007881610182734344,0.002010675662162535,0.0021118911369544685
ID_3P9NV3,0.36497438178260094,0.6283675502579612,0.6098137342109945,0.0007923811339862996,0.001908484600572978,0.0019775137050086424
ID_GV31Z2,0.8825281978295676,0.8982412382138409,0.8997504002846469,0.01742047110226585,0.02426502786336379,0.026154766406228252
ID_JF5PXT,0.36497438178260094,0.5602777085927771,0.5569042874933285,0.0011132741143355799,0.0017601274656458305,0.0018809581183227304
ID_DHMWLG,0.36497438178260094,0.6203778687066359,0.6035995374488525,0.0008234997393961948,0.0018767139001749321,0.001946349498419515
ID_6UCW4P,0.36497438178260094,0.23784967087706813,0.4509078455790785,0.0005596844313655414,0.0010571055976596512,0.0010571055976596512
ID_YA5S91,0.36497438178260094,0.23784967087706813,0.221692759295499,0.0005802019418568902,0.0010259705369131669,0.0010263385504965825
ID_8IPOB2,0.36497438178260094,0.23784967087706813,0.221692759295499,0.0005643021351993407,0.0009579340999641938,0.0009579340999641938
ID_13CYF8,0.36497438178260094,0.5629409357765522,0.5502462195338909,0.0011137509425709594,0.0017135663818959792,0.00183573557131944
ID_MHUXYA,0.36497438178260094,0.6862483543853407,0.6701802170432307,0.0007840880038901382,0.0021729274244271513,0.002328857210754965
ID_QAMSN8,0.36497438178260094,0.6765719622842911,0.653668208503825,0.0008016742116985995,0.0021670081270239168,0.0022773130070122645
ID_4QEJQO,0.36497438178260094,0.23784967087706813,0.4519731364525885,0.0005557018256519921,0.0010741022152776834,0.0010741022152776834
ID_AESDDG,0.36497438178260094,0.23784967087706813,0.4436283579434264,0.0005549071841067204,0.0010503757303298462,0.0010503757303298462
ID_9Z1OH9,0.36497438178260094,0.23784967087706813,0.4512629425369151,0.0005712948123012683,0.0010627670635509174,0.0010627670635509174
ID_AG8V7R,0.36497438178260094,0.23784967087706813,0.221692759295499,0.0005802081899761765,0.0010259965608875625,0.0010269074066934984
ID_W6WUS8,0.36497438178260094,0.23784967087706813,0.221692759295499,0.0005866250900045982,0.0009957832746665394,0.0009957832746665394
ID_M5OV7R,0.36497438178260094,0.23784967087706813,0.221692759295499,0.0005584600497026508,0.0010013172277770143,0.0010013172277770143
ID_OQBR7N,0.36497438178260094,0.23784967087706813,0.221692759295499,0.000580653355506473,0.0010440204431278576,0.0010440204431278576
ID_VYAECN,0.36497438178260094,0.5757244262586728,0.5808733321473047,0.0011459646962328968,0.0018129197109188974,0.0019617922885623662
ID_26AKFY,0.36497438178260094,0.5949884362213129,0.6049311510407401,0.0011735365794742008,0.0020135035476598288,0.0022383386525521797
ID_VQGG2L,0.36497438178260094,0.6773709304394235,0.6579293719978652,0.0007881610182734344,0.0021397639068844346,0.002265324096078721
ID_Z2H98N,0.36497438178260094,0.6850055150329123,0.6705353140010675,0.0007923811339862996,0.002130930925387611,0.0022712349807009445
ID_DMNH7M,0.36497438178260094,0.6810106742572496,0.6632558263654154,0.0007881610182734344,0.0021550514804383252,0.0022852616123234717
ID_BGOJK7,0.36497438178260094,0.6737311866215976,0.6517151752357232,0.0007959758404042625,0.002106028782050201,0.0022317519406027052
ID_7R8S23,0.36497438178260094,0.23784967087706813,0.221692759295499,0.0005648471344110394,0.000989504046146699,0.000989504046146699
ID_MQO3VY,0.36497438178260094,0.6739087351005159,0.6518927237146415,0.0007965239910391147,0.0021064383743225157,0.0022347497626874647
ID_O51O42,0.36497438178260094,0.6779923501156377,0.6554436932930083,0.0007881610182734344,0.0021656760908870436,0.0022796454082436362
ID_4ISUVM,0.36497438178260094,0.6742638320583526,0.6520702721935598,0.0007965913633367427,0.0021064383743225157,0.0022357799397210013
ID_PGEE11,0.36497438178260094,0.23784967087706813,0.221692759295499,0.0005565629575157633,0.0009707771434571102,0.0009707771434571102
ID_I5VRO5,0.36497438178260094,0.6455009784735811,0.6291665184130938,0.0008111109445078022,0.0019005856161089193,0.0019969084209725337
ID_T0N43N,0.36497438178260094,0.6437254936843978,0.6197564490304217,0.000812475352542411,0.0019378879332583629,0.0020045851745961185
ID_15F3L2,0.36497438178260094,0.5904609500088952,0.5934792741505069,0.0011394657145402428,0.0019901626733236453,0.0021574082812181473
ID_MYJQBV,0.8846587795765878,0.895666785269525,0.894601494396015,0.017306684729608942,0.02191126008721765,0.02366988086895816
ID_SIXKWK,0.36497438178260094,0.23784967087706813,0.221692759295499,0.0005741126637794873,0.0010484284672986485,0.0010484284672986485
ID_R062SB,0.36497438178260094,0.47487689023305457,0.45579042874933284,0.0005648477519124125,0.0010731447935956222,0.0010731447935956222
ID_JQMJO8,0.36497438178260094,0.6166493506493507,0.6000485678704857,0.0008360288266082436,0.0018353597369141787,0.0018999820200241825
ID_N1KQ0P,0.36497438178260094,0.5733275217932752,0.5803406867105497,0.0011172069599879291,0.0018122198891436757,0.0019699844820407126
ID_17EH3F,0.36497438178260094,0.23784967087706813,0.221692759295499,0.0005802081899761765,0.0010263385504965825,0.0010269074066934984
ID_WHQS9J,0.36497438178260094,0.23784967087706813,0.44913236078989505,0.0005679541227507235,0.001068155913960625,0.001068155913960625
ID_E9MYEG,0.36497438178260094,0.23784967087706813,0.221692759295499,0.0005648477519124125,0.0009897538167640918,0.0009897538167640918
ID_P4VAZC,0.36497438178260094,0.23784967087706813,0.221692759295499,0.0005854133310799913,0.0010741460422917489,0.0010741460422917489
ID_8EUWNU,0.36497438178260094,0.6176258672834015,0.5978292118840064,0.0008408196155748576,0.001812522408031926,0.0018773375219178524
ID_S5TAQL,0.36497438178260094,0.23784967087706813,0.4535710727628536,0.0005778064105084456,0.0010657596680853846,0.0010657596680853846
ID_0S0PVH,0.36497438178260094,0.23784967087706813,0.221692759295499,0.0005802081899761765,0.0010269074066934984,0.001026959141372617
ID_HKCU5C,0.36497438178260094,0.6057301191958726,0.6000485678704857,0.0011879446433379535,0.0020006392479130397,0.002127870053679931
ID_9SXKX7,0.36497438178260094,0.23784967087706813,0.221692759295499,0.0005802293271829989,0.0010269074066934984,0.001026959141372617
ID_CAC8HA,0.36497438178260094,0.23784967087706813,0.44540384273260986,0.0005618477690264106,0.0010584644551205073,0.0010584644551205073
ID_LTTNP4,0.36497438178260094,0.615228962818004,0.599160825475894,0.0008277504537823614,0.0018342504176751908,0.0018879876776284172
ID_8Y6GYA,0.36497438178260094,0.23784967087706813,0.221692759295499,0.0005668057967679164,0.0009711121446772281,0.0009711121446772281
ID_JAHUY4,0.36497438178260094,0.23784967087706813,0.221692759295499,0.0005805140688004649,0.001026959141372617,0.001026959141372617
ID_7WRXP5,0.36497438178260094,0.23784967087706813,0.221692759295499,0.0005868321137128437,0.0009957832746665394,0.0009957832746665394
ID_E6FGS1,0.36497438178260094,0.5728836505959795,0.5735938445116527,0.0011185747438528792,0.0017885389118284256,0.0019272186543861695
ID_J23PY3,0.7295701832414161,0.7678318804483187,0.8210964241238213,0.0017646427384562118,0.004561025501383413,0.00684737968579155
ID_I8EM0Z,0.9489313289450276,0.943427326098559,0.9329519658423768,0.06027328579566757,0.060591786563946155,0.06125879670135486
ID_M0AGW7,0.36497438178260094,0.23784967087706813,0.221692759295499,0.0005663010322883802,0.0010683283492958838,0.0010683283492958838
ID_FM2PGK,0.36497438178260094,0.23784967087706813,0.4708820494573919,0.0005897799796799975,0.0010477239415157128,0.0011273857993029214
ID_WR1UYY,0.36497438178260094,0.23784967087706813,0.221692759295499,0.0005611767254688214,0.001020528518897246,0.001020943385774379
ID_G2J9TV,0.36497438178260094,0.5657817114392457,0.5624082903397971,0.0011185747438528792,0.0017745429997839278,0.0019075011632115537
ID_XCOLR8,0.36497438178260094,0.23784967087706813,0.4476231987190891,0.000566941057888565,0.0010604708124355633,0.0010604708124355633
ID_9J6DPQ,0.36497438178260094,0.23784967087706813,0.221692759295499,0.0005805180271081594,0.001026959141372617,0.001026959141372617
ID_X6MXTF,0.36497438178260094,0.23784967087706813,0.221692759295499,0.0005528063352724529,0.0009712491509298578,0.0009712491509298578
ID_YFL07C,0.36497438178260094,0.23784967087706813,0.221692759295499,0.000552851147431743,0.0010444057935291556,0.0010444057935291556
ID_BCF7Y5,0.8907842020992706,0.9009932396370753,0.9048993061732789,0.01862904414176757,0.024378896284363565,0.029105182719247693
ID_WW13YS,0.36497438178260094,0.23784967087706813,0.221692759295499,0.0005840127585361087,0.0010170602011888143,0.0010170602011888143
ID_DEQONK,0.36497438178260094,0.47807276285358474,0.4592526240882405,0.0005651457898802245,0.001089123397879468,0.001089123397879468
ID_8NIMUF,0.36497438178260094,0.6115004447607187,0.6166493506493507,0.001175608335289053,0.0021613845322914628,0.0023507698677688134
ID_AN1U1Q,0.36497438178260094,0.23784967087706813,0.221692759295499,0.0005873005091939517,0.0010465393043141303,0.0010465393043141303
ID_SYTJK4,0.36497438178260094,0.23784967087706813,0.45623429994662873,0.0006091670454026106,0.0010200764375132667,0.0010841686537465358
ID_GE0PML,0.36497438178260094,0.23784967087706813,0.221692759295499,0.0005761971588997422,0.001020528518897246,0.0010208130078168192
ID_2HISEV,0.36497438178260094,0.23784967087706813,0.221692759295499,0.0005684437849374149,0.0010116815046464472,0.0010116815046464472
ID_MDD7FZ,0.36497438178260094,0.47469934175413625,0.4544588151574453,0.0005906893134658471,0.0010706505374229079,0.0010706505374229079
ID_FQNAWD,0.36497438178260094,0.23784967087706813,0.221692759295499,0.0005781446245186183,0.0010413504862530497,0.0010413504862530497
ID_FVWFLK,0.36497438178260094,0.23784967087706813,0.4677749510763209,0.000592387105117997,0.0010430994425622132,0.0011193667679651627
ID_ADU6RR,0.36497438178260094,0.4794043764454723,0.46076178615904645,0.0005820029112589791,0.001120149810394661,0.001120149810394661
ID_XH1LC3,0.36497438178260094,0.23784967087706813,0.221692759295499,0.0005581592096894315,0.0010272507795947845,0.001028622087462401
ID_P98LKD,0.36497438178260094,0.673376089663761,0.6613915673367728,0.0007881610182734344,0.0020037150970763358,0.0021926406912992588
ID_9OMVON,0.36497438178260094,0.5624082903397971,0.5760795232165096,0.0011177710272852,0.0017816359588483756,0.0019503153723874013
ID_FKYCE5,0.36497438178260094,0.5695102294965309,0.5728836505959795,0.0011137509425709594,0.0018022711031531414,0.0019421542740838888
ID_V3YM6S,0.36497438178260094,0.23784967087706813,0.221692759295499,0.0005967299145561251,0.0010440111189292294,0.0010440111189292294
ID_HRFMYC,0.36497438178260094,0.6765719622842911,0.6670731186621597,0.0007896384097194515,0.0020253594666143487,0.002243398853650988
ID_D088YD,0.36497438178260094,0.6082157979007294,0.5881528197829567,0.0008341221587846387,0.0017981233293927665,0.0018756144450452579
ID_CLQ4CW,0.36497438178260094,0.23784967087706813,0.4619158512720156,0.000573072632624112,0.0010318491732957493,0.0011051597596037448
ID_RL7E2I,0.36497438178260094,0.23784967087706813,0.221692759295499,0.0005805180271081594,0.001026959141372617,0.001026959141372617
ID_VK25IA,0.36497438178260094,0.578387653442448,0.5782101049635296,0.0011394657145402428,0.001804774784191548,0.0019291654711454948
ID_RN5N5F,0.36497438178260094,0.23784967087706813,0.221692759295499,0.0005651789838890871,0.0009694533465335969,0.0009694533465335969
ID_5TLZMB,0.36497438178260094,0.23784967087706813,0.221692759295499,0.0005982616869604554,0.0010432666146616967,0.0010432666146616967
ID_7OSIUD,0.36497438178260094,0.23784967087706813,0.221692759295499,0.0005882381584834287,0.000996821285445869,0.000996821285445869
ID_MZPJPB,0.36497438178260094,0.5680898416651842,0.5751917808219178,0.0011137509425709594,0.0018012838582745474,0.0019487557294775696
ID_1QMC23,0.36497438178260094,0.23784967087706813,0.221692759295499,0.0005577611094990184,0.0010314069094032221,0.0010326957322078904
ID_HE9HVL,0.36497438178260094,0.23784967087706813,0.221692759295499,0.0005901969816732747,0.0010449097398600067,0.0010449097398600067
ID_H2IQKE,0.36497438178260094,0.23784967087706813,0.46138320583526066,0.0005775664087865009,0.0010409183319079847,0.001107733418132568
ID_YHLHJU,0.36497438178260094,0.23784967087706813,0.44788952143746663,0.0005623401494348457,0.0010533127260816386,0.0010533127260816386
ID_5QLFQX,0.36497438178260094,0.23784967087706813,0.4535710727628536,0.00055573739336318,0.0010768946380759529,0.0010768946380759529
ID_8XAE26,0.36497438178260094,0.8173679060665362,0.838584949297278,0.0015112235467586712,0.006942465749724792,0.01769578029898021
ID_4OPMF7,0.36497438178260094,0.6611252446183953,0.6389316847536025,0.0007910404679567373,0.0020122575611803404,0.0021206837629975713
ID_N4FQXD,0.36497438178260094,0.6469213663049279,0.6240176125244619,0.0007881610182734344,0.0020023309750734197,0.0020830702144078233
ID_BLEVN1,0.36497438178260094,0.23784967087706813,0.221692759295499,0.0005488297719047012,0.001010225511858369,0.001010225511858369
ID_LHUDOH,0.36497438178260094,0.23784967087706813,0.221692759295499,0.0005805180271081594,0.0010347949322067266,0.001036068447279375
ID_OKOAZY,0.36497438178260094,0.23784967087706813,0.4438059064223448,0.0005505654665819052,0.001050715057906216,0.001050715057906216
ID_E57G26,0.36497438178260094,0.23784967087706813,0.221692759295499,0.0005655942148981058,0.0010435126952571716,0.0010435126952571716
ID_2STV22,0.36497438178260094,0.606440313111546,0.6197564490304217,0.0011855455011702662,0.0020980457749963178,0.0023495157861291994
ID_7UZ55C,0.36497438178260094,0.23784967087706813,0.221692759295499,0.0005763909151322778,0.0010696119145467897,0.0010696119145467897
ID_DD2PDS,0.36497438178260094,0.4848196050524818,0.4650229496530866,0.0005718756571735517,0.0011338444719193098,0.0011338444719193098
ID_KDHH6J,0.36497438178260094,0.23784967087706813,0.4439834549012631,0.0005674997122290012,0.001056225098384898,0.001056225098384898
ID_A7UKVZ,0.36497438178260094,0.5686224871019391,0.5755468777797546,0.0011185747438528792,0.0018022711031531414,0.0019516482251446664
ID_663PZ9,0.36497438178260094,0.23784967087706813,0.221692759295499,0.0005648477519124125,0.0009912109371697745,0.0009912109371697745
ID_URF0I1,0.36497438178260094,0.576789717132183,0.5803406867105497,0.0011357650006745788,0.001819894107778117,0.001977065787598934
ID_4N5TQ6,0.36497438178260094,0.23784967087706813,0.221692759295499,0.0005806298217091127,0.0010282624531996428,0.0010290154374939591
ID_60ZK2I,0.36497438178260094,0.23784967087706813,0.221692759295499,0.000564176088545029,0.001017395346843671,0.0010200764375132667
ID_QC43VZ,0.36497438178260094,0.605907667674791,0.6005812133072407,0.001187990926161268,0.002001497337319821,0.0021279863623722456
ID_13U1NY,0.36497438178260094,0.23784967087706813,0.221692759295499,0.0005888522425061124,0.0010271306964093673,0.0010275818760091273
ID_1VBX12,0.36497438178260094,0.23784967087706813,0.221692759295499,0.0005956050095926132,0.001028461821821651,0.0010305818637255891
ID_7HH53L,0.36497438178260094,0.23784967087706813,0.4501976516634051,0.000558544345909887,0.0010647500723253273,0.0010647500723253273
ID_O7C7KQ,0.36497438178260094,0.23784967087706813,0.221692759295499,0.0005984409932980491,0.0009817789843850674,0.0009851475277376902
ID_G5JSBH,0.36497438178260094,0.23784967087706813,0.221692759295499,0.000587471537094521,0.0010416743590852245,0.0010416743590852245
ID_VKKIH3,0.36497438178260094,0.23784967087706813,0.221692759295499,0.0005853445717687578,0.0010477239415157128,0.0010477239415157128
ID_665YVK,0.36497438178260094,0.6611252446183953,0.6391092332325209,0.0007914510641763031,0.002013311595223985,0.002124343302192591
ID_I3WYPK,0.36497438178260094,0.6470989147838463,0.6241951610033802,0.0007881610182734344,0.0020023309750734197,0.0020849446831652262
ID_UVJVQX,0.36497438178260094,0.6060852161537092,0.6008475360256182,0.0011883036065613607,0.002001497337319821,0.002129447107271945
ID_574Q8E,0.36497438178260094,0.23784967087706813,0.221692759295499,0.0005966934182310005,0.0010274870832455757,0.0010287530773543739
ID_L6LXEE,0.36497438178260094,0.5986281800391389,0.6049311510407401,0.0011708998475908354,0.0020392140217220978,0.0022395027191178802
ID_74MOYS,0.36497438178260094,0.23784967087706813,0.221692759295499,0.0005894476563202304,0.001055705167408047,0.001055705167408047
ID_N6IRKL,0.36497438178260094,0.23784967087706813,0.221692759295499,0.0005953046028244968,0.0010154307340475915,0.0010154307340475915
ID_3F60LX,0.36497438178260094,0.23784967087706813,0.221692759295499,0.0005853445717687578,0.0010539156159096754,0.0010539156159096754
ID_D6GTQM,0.36497438178260094,0.23784967087706813,0.46014036648283224,0.0006110127441509416,0.0010393917428796432,0.0011065631078758832
ID_28MU6X,0.36497438178260094,0.23784967087706813,0.221692759295499,0.0005805180271081594,0.001026959141372617,0.0010271218577201427
ID_4EA27V,0.36497438178260094,0.23784967087706813,0.221692759295499,0.000560341722876541,0.0009919699017268103,0.0009919699017268103
ID_JMKVHA,0.36497438178260094,0.614252446183953,0.5978292118840064,0.0008408196155748576,0.0018036530285359023,0.0018773375219178524
ID_T8PROT,0.36497438178260094,0.23784967087706813,0.45179558797367014,0.0005874700320062708,0.0010731447935956222,0.0010731447935956222
ID_KFZT1Z,0.8898964597046789,0.8890974915495464,0.9059645970467888,0.019429296429075406,0.02155264322052635,0.029821028191181875
ID_1L92EP,0.36497438178260094,0.23784967087706813,0.44646913360611995,0.0005954161770794584,0.0010583532095363533,0.0010583532095363533
ID_D16TQ3,0.36497438178260094,0.6203778687066359,0.6037770859277708,0.0008237965070393709,0.0018778792131680614,0.0019464841102150863
ID_4KJBXU,0.36497438178260094,0.6437254936843978,0.6197564490304217,0.0008127897523632398,0.0019383430173727056,0.0020049352234665467
ID_HAGZ8S,0.36497438178260094,0.23784967087706813,0.221692759295499,0.0005901969816732747,0.001010225511858369,0.001010225511858369
ID_BZOPQK,0.36497438178260094,0.23784967087706813,0.221692759295499,0.0005638767971233984,0.0010426555259242286,0.0010426555259242286
ID_83J5WV,0.36497438178260094,0.4878379291940936,0.4668872086817292,0.0005718756571735517,0.0011345138440538541,0.0011376729534768064
ID_2WYS02,0.36497438178260094,0.23784967087706813,0.221692759295499,0.0005879755861943023,0.0010056105017905224,0.0010060480551104577
ID_OHLMK5,0.8857240704500978,0.9056095000889521,0.902946272905177,0.01884544895371399,0.02602803500778678,0.028356059765833004
ID_TENL85,0.36497438178260094,0.23784967087706813,0.221692759295499,0.0005842023592025288,0.0010170602011888143,0.0010173762902224034
ID_BIVD7V,0.36497438178260094,0.23784967087706813,0.44966500622665007,0.0005882381584834287,0.0010636366941182533,0.0010636366941182533
ID_J28DNK,0.36497438178260094,0.23784967087706813,0.44265184130937557,0.0005624271775198395,0.0010477239415157128,0.0010477239415157128
ID_BWIO8Z,0.36497438178260094,0.23784967087706813,0.4434508094645081,0.0005628342432641558,0.0010477239415157128,0.0010477239415157128
ID_OCWO27,0.36497438178260094,0.23784967087706813,0.221692759295499,0.000587471537094521,0.000995040280126447,0.000995040280126447
ID_IGHXNY,0.36497438178260094,0.6708016367194449,0.6492294965308664,0.0007923811339862996,0.002024779567739234,0.0021551516706670736
ID_LIIIBA,0.36497438178260094,0.6080382494218112,0.6013801814623733,0.001203423473655793,0.0020772779408247534,0.0022368916271179626
ID_1PO93P,0.36497438178260094,0.6437254936843978,0.6197564490304217,0.0008132112881281095,0.001940987435950232,0.0020069204360458797
ID_JS0FD0,0.36497438178260094,0.23784967087706813,0.221692759295499,0.0005815094465423917,0.0010619380168625757,0.001062027596624167
ID_4YQUG6,0.36497438178260094,0.6866034513431774,0.6670731186621597,0.0008423305264861141,0.00226954081103206,0.0023662701813197385
ID_GGCNVE,0.9540802348336594,0.9476884895925992,0.9436048745774772,0.07509933315672163,0.07534143694609999,0.08312337805571204
ID_4MU095,0.7301916029176303,0.7829235011563779,0.8243810709838106,0.0017777513898857016,0.004951431444439695,0.006865846731213962
ID_CF2J5G,0.9329519658423768,0.9290458993061732,0.920612346557552,0.038807464802543976,0.04744245461446847,0.04744245461446847
ID_69KUSA,0.36497438178260094,0.23784967087706813,0.221692759295499,0.0005795558127458425,0.000996343981504919,0.000996343981504919
ID_47WWSO,0.36497438178260094,0.23784967087706813,0.221692759295499,0.0005882381584834287,0.0010208130078168192,0.0010218560131747942
ID_8EMU7E,0.36497438178260094,0.23784967087706813,0.44806706991638495,0.0005920707767540715,0.0010082975060586629,0.0010613447374204323
ID_SSSQEE,0.36497438178260094,0.23784967087706813,0.221692759295499,0.0005835693492198777,0.0010362127841128082,0.001036670789604505
ID_NC40LD,0.36497438178260094,0.6904207436399218,0.673376089663761,0.000839077199510515,0.002226061839416419,0.002363215542117279
ID_RXX5K6,0.36497438178260094,0.23784967087706813,0.221692759295499,0.0005770364378705345,0.001020943385774379,0.0010236570578267385
ID_O60MXV,0.36497438178260094,0.619401352072585,0.6011138587439957,0.000802896125645732,0.0018380094110920992,0.001898742934398017
ID_OG238E,0.36497438178260094,0.23784967087706813,0.221692759295499,0.0005728105339045782,0.000981334773101114,0.000981334773101114
ID_VA27BH,0.36497438178260094,0.23784967087706813,0.221692759295499,0.0005942703583540989,0.0010766832741971508,0.0010766832741971508
ID_5GVW6U,0.36497438178260094,0.23784967087706813,0.221692759295499,0.0005807146841279717,0.001044234281456289,0.001044234281456289
ID_74LR12,0.36497438178260094,0.5691551325386942,0.5585022238035936,0.0011185747438528792,0.0017719847545099026,0.0018818487206048635
ID_345SCW,0.36497438178260094,0.47842785981142144,0.45996281800391386,0.0005650652690667434,0.001079008711745753,0.001079008711745753
ID_AYT8DU,0.36497438178260094,0.23784967087706813,0.221692759295499,0.000578123947058023,0.0010514793924521252,0.0010514793924521252
ID_XW5DPZ,0.36497438178260094,0.6140748977050347,0.5959649528553638,0.0008394977335838428,0.0018014329651010344,0.0018764435141862188
ID_4IB9N7,0.36497438178260094,0.23784967087706813,0.221692759295499,0.0005679890452971903,0.0010085497793389455,0.0010085497793389455
ID_270DJ8,0.36497438178260094,0.23784967087706813,0.221692759295499,0.0005792817188937511,0.0010533404152929687,0.0010533404152929687
ID_NSAKGY,0.36497438178260094,0.23784967087706813,0.221692759295499,0.0005583252890478248,0.0010275742865697296,0.0010289142854757233
ID_1PTB19,0.36497438178260094,0.23784967087706813,0.221692759295499,0.0005557895767966567,0.0010148048003999406,0.0010148048003999406
ID_RDTW4J,0.36497438178260094,0.4786054082903398,0.46031791496175056,0.0005959633279833154,0.0011136237085934957,0.0011136237085934957
ID_R8D4HS,0.36497438178260094,0.6203778687066359,0.6039546344066892,0.0008237965070393709,0.0018798782438605869,0.0019465134009519637
ID_UF3LOQ,0.8849251022949653,0.8958443337484434,0.8948678171143924,0.017361206384321485,0.02193282995405243,0.02368295527641541
ID_AZRY44,0.36497438178260094,0.23784967087706813,0.221692759295499,0.0005557895767966567,0.0010148048003999406,0.0010148048003999406
ID_2KRTKC,0.36497438178260094,0.5355096957836684,0.5515778331257783,0.000656392669542038,0.0014435186596126175,0.0016127364743530996
ID_ISJZ5E,0.36497438178260094,0.5416351183063511,0.5625858388187156,0.000656392669542038,0.0015230159140751352,0.001712500345718779
ID_DB3FQ6,0.36497438178260094,0.5418126667852695,0.5629409357765522,0.000656392669542038,0.0015240315450842645,0.0017140008784450448
ID_55KL6G,0.36497438178260094,0.5419902152641879,0.5629409357765522,0.000656392669542038,0.0015276034825233212,0.001716776032136732
ID_X7RL40,0.36497438178260094,0.530627112613414,0.5622307418608788,0.0006894253355901115,0.001427117291479929,0.0016449559535058795
ID_38TR4Q,0.36497438178260094,0.5355096957836684,0.5572593844511653,0.0007002495469953053,0.0014453129058155437,0.0016276546088739086
ID_L8T6ZB,0.36497438178260094,0.5327576943604341,0.5593899661981854,0.0006836679372892496,0.0014616555144216776,0.0016928324261909337
ID_D1SBOO,0.36497438178260094,0.5396820850382494,0.5746591353851628,0.0006460336424415438,0.001512783218697358,0.0017447506405790566
ID_83M5MJ,0.36497438178260094,0.5421677637431063,0.5629409357765522,0.000656392669542038,0.0015281837650211935,0.0017195111924306799
ID_XOU76K,0.36497438178260094,0.5331127913182708,0.5640062266500623,0.0006588892989988958,0.0014416954787123749,0.001651354381964799
ID_IWZ84Z,0.36497438178260094,0.5402147304750045,0.5723510051592243,0.0006624594471345882,0.0014633389795434973,0.0017031748045847072
